canonical,crashes,observed,observed_in_cells,holdout,holdout_in_cells,coverage,cells_scored,length_ft,lanes,speed,is_highway,limited_access_share,n_units,spf_prediction,eb_weight,eb_estimate,eb_matched
BELT PKWY,9949,5936,5250.0,2537,2225.0,0.8844339622641509,279,357320.3617602004,2.269399707174231,40.62957540263543,1.0,0.75,683.0,3670.7378103053134,0.04050742219645182,5186.028159723144,True
BROADWAY,7581,3234,3133.0,1480,1367.0,0.968769325912183,470,173761.54373910473,2.6102635228848823,25.0,1.0,0.75,721.0,2754.607279906272,0.08656784596107014,3100.243357294136,True
GRAND CENTRAL PKWY,6475,3452,3029.0,1617,1420.0,0.8774623406720742,284,314854.6822524204,2.237971391417425,35.097529258777634,1.0,0.75,769.0,2515.5421912290503,0.059008501104595795,2998.7016243239764,True
LONG ISLAND EXPY,6374,3149,2961.0,1798,1677.0,0.9402985074626866,202,253373.973925332,2.2445820433436534,36.95046439628483,1.0,0.75,646.0,2015.6800683118008,0.05272861170509186,2911.154592384929,True
BROOKLYN QUEENS EXPY,6808,3400,2957.0,1743,1629.0,0.8697058823529412,179,145784.92806296883,2.2764084507042255,37.95774647887324,1.0,0.75,568.0,1915.9187859129152,0.04933396939079323,2905.6393312508976,True
ATLANTIC AVE,5917,2776,2708.0,1042,974.0,0.9755043227665706,219,118494.34714809705,2.395408163265306,25.0,1.0,0.75,392.0,924.8041142891329,0.11624360736362906,2500.714877608987,True
MAJOR DEEGAN EXPY,4718,2701,2293.0,1128,1040.0,0.8489448352462051,114,126963.44541136216,2.1381381381381384,38.73873873873874,1.0,0.75,333.0,1197.556288663661,0.05021971185343457,2237.987132465032,True
3 AVE,5117,2094,2042.0,877,829.0,0.9751671442215855,304,116802.8405739943,3.0775347912524853,26.11332007952286,1.0,0.75,503.0,2574.681993636826,0.06154670407706192,2074.784821029545,True
VAN WYCK EXPY,4985,2538,2110.0,1040,954.0,0.8313632781717888,141,200752.5010997765,2.2802653399668324,34.859038142620236,1.0,0.75,603.0,1185.8867209758537,0.06195036564627612,2052.750844465875,True
CROSS BRONX EXPY,5036,2424,2071.0,1119,1024.0,0.8543729372937293,146,147023.18593557234,2.3185840707964602,37.823008849557525,1.0,0.75,565.0,1633.5259347741062,0.047296264258794046,2050.309111004707,True
LINDEN BLVD,4021,2272,2113.0,915,830.0,0.9300176056338029,229,124950.72958978481,1.9641434262948207,25.0,1.0,0.75,502.0,815.9679409185654,0.1348620880412338,1938.079548255857,True
FLATBUSH AVE,4077,2010,1827.0,1033,941.0,0.908955223880597,146,62349.36066530327,3.65,26.96875,1.0,0.75,160.0,1631.1365834068736,0.04736226431588195,1817.7234650935047,True
CROSS ISLAND PKWY,4150,2050,1799.0,1031,956.0,0.8775609756097561,154,179550.31149295176,2.1844660194174756,36.650485436893206,1.0,0.75,412.0,1502.2613549900334,0.053872489483312705,1783.013950467408,True
FDR DR,5317,2579,2325.0,986,923.0,0.9015122140364482,158,33714.596017612166,1.2451612903225806,25.0,1.0,0.75,155.0,211.22468745211887,0.29352798957393933,1704.5477820967951,True
NORTHERN BLVD,4014,1657,1532.0,770,720.0,0.9245624622812312,201,73197.66052638274,3.5325077399380804,28.312693498452013,1.0,0.75,323.0,2661.799946468744,0.04025489517275013,1577.479978411278,True
BRUCKNER BLVD,3732,1564,1498.0,752,661.0,0.9578005115089514,159,92201.27611714519,2.014925373134328,29.208955223880597,1.0,0.75,335.0,741.0512259040565,0.10648597615376856,1417.395570891995,True
BRUCKNER EXPY,2637,1559,1310.0,761,679.0,0.8402822322001283,106,115846.99197693753,2.340175953079179,40.117302052785924,1.0,0.75,341.0,1420.5336667699514,0.03979781009242843,1314.3989978789302,True
NOSTRAND AVE,2609,1381,1349.0,532,494.0,0.9768283852280956,129,47084.361405342155,2.34375,25.0,1.0,0.75,128.0,699.1078697818383,0.09296349338109679,1288.583757254037,True
BEDFORD AVE,2357,1376,1346.0,581,541.0,0.9781976744186046,176,61927.27546609793,2.022727272727273,25.0,1.0,0.75,176.0,796.9663388209536,0.10926103022887595,1286.0120165492458,True
JAMAICA AVE,2896,1523,1426.0,681,645.0,0.9363099146421536,212,71493.59906174608,2.1345565749235473,25.0,0.0,0.0,327.0,518.8048763647713,0.18498605822233943,1258.181550040191,True
BRONX RIVER PKWY,2330,1511,1259.0,564,497.0,0.8332230311052283,77,81471.20332610402,2.211340206185567,40.4639175257732,1.0,0.75,194.0,940.9013485433359,0.04347935866621734,1245.1692746420756,True
HENRY HUDSON PKWY,2740,1416,1223.0,610,567.0,0.8637005649717514,158,158591.3049663185,2.0106761565836297,39.5729537366548,1.0,0.75,281.0,1576.6780055917216,0.0527268071744244,1241.6483120026699,True
UTICA AVE,2186,1343,1316.0,567,539.0,0.9798957557706627,74,24330.607503481257,3.389830508474576,25.0,0.0,0.0,59.0,379.05496736736825,0.09782756218695782,1224.3409515543701,True
E TREMONT AVE,2220,1179,1143.0,523,492.0,0.9694656488549618,127,43530.95638857331,2.8423645320197046,25.0,1.0,0.75,203.0,844.0295204435479,0.07713089004874875,1119.9401408135095,True
EASTERN PKWY,2336,1245,1222.0,492,459.0,0.9815261044176706,81,52182.350652358364,2.234782608695652,24.652173913043477,1.0,0.75,115.0,310.8617078434165,0.1264319104833525,1106.8030450081042,True
5 AVE,2709,1097,1069.0,497,469.0,0.9744758432087511,249,70982.07211902025,2.306896551724138,25.0,1.0,0.75,290.0,1332.3484364897156,0.09404393961466666,1093.7663244588557,True
2 AVE,3152,1144,1112.0,523,506.0,0.972027972027972,162,52071.84170893341,3.028708133971292,25.0,0.0,0.0,209.0,785.9949607621012,0.10272220265156688,1078.5120442939726,True
FULTON ST,2404,1167,1139.0,540,504.0,0.976006855184233,154,39822.92686140111,1.7682119205298013,24.072847682119207,1.0,0.75,151.0,494.52130112842474,0.1474653268045825,1043.9617380523111,True
HYLAN BLVD,1842,1028,954.0,537,502.0,0.9280155642023347,205,110905.47769867108,3.158959537572254,33.12138728323699,1.0,0.75,346.0,2720.830160344441,0.04016885166167352,1024.9715386222467,True
JACKIE ROBINSON PKWY,1784,1188,1083.0,499,481.0,0.9116161616161617,65,69002.41168689408,1.8071065989847717,34.9492385786802,1.0,0.75,197.0,324.9585247274632,0.09999379989250948,1007.2005524113753,True
WEBSTER AVE,1993,1095,1044.0,406,360.0,0.9534246575342465,107,36308.430696086776,3.574712643678161,25.057471264367816,0.0,0.0,87.0,616.5231038899069,0.08792402970225634,1006.4145086893878,True
QUEENS BLVD,2748,1100,1063.0,394,361.0,0.9663636363636363,132,130800.87751133682,2.440715883668904,25.0,1.0,0.75,447.0,540.1334355809907,0.11951852895991584,1000.5077573783149,True
ROCKAWAY BLVD,2264,1194,936.0,408,332.0,0.7839195979899497,123,47111.441025872125,3.5989583333333335,27.005208333333332,1.0,0.75,192.0,1489.2793024279906,0.043862314300328886,960.2681106589632,True
JEROME AVE,2046,1000,953.0,457,393.0,0.953,103,44256.523991852955,3.347517730496454,25.49645390070922,1.0,0.75,141.0,959.7721009432478,0.05625558516834507,953.3809685013815,True
7 AVE,2276,961,914.0,320,304.0,0.951092611862643,197,51725.13105401027,2.5585106382978724,25.611702127659573,1.0,0.75,188.0,1260.5267979686262,0.07987368878389604,941.6783736162262,True
HILLSIDE AVE,2123,965,882.0,472,439.0,0.9139896373056995,157,55085.9658804857,3.425438596491228,25.0,1.0,0.75,228.0,1465.7120080750249,0.0561556594342801,914.7787327331608,True
8 AVE,2512,918,897.0,301,287.0,0.9771241830065359,162,37245.12097692786,2.698529411764706,25.0,1.0,0.75,136.0,1133.6657619800126,0.0735361064505199,914.4034786661556,True
WHITE PLAINS RD,1916,963,886.0,480,407.0,0.9200415368639667,124,43348.598945792546,3.2317880794701987,25.0,1.0,0.75,151.0,1097.6144254467204,0.05904496870234417,898.4947671274662,True
KINGS HWY,1884,1046,979.0,450,425.0,0.9359464627151052,118,76012.24217437724,2.0125,25.0,1.0,0.75,320.0,397.6155884918632,0.1415124793813343,896.7268504538256,True
LIBERTY AVE,2002,996,897.0,458,428.0,0.9006024096385542,162,52426.294100354084,2.2948717948717947,24.871794871794872,1.0,0.75,234.0,845.3833465518298,0.09620014817676013,892.0344702898975,True
PENNSYLVANIA AVE,2046,975,949.0,484,460.0,0.9733333333333334,46,21624.38623217045,2.870967741935484,25.0,1.0,0.75,62.0,269.89624994416073,0.08648100218420417,890.2704271081197,True
N CONDUIT AVE,1739,913,869.0,287,264.0,0.9518072289156626,83,43284.514401735214,3.201550387596899,32.7906976744186,1.0,0.75,129.0,934.2249051277998,0.047027218984055146,872.0673458966593,True
BOSTON RD,1967,1005,904.0,364,349.0,0.8995024875621891,122,39461.82608960091,3.011764705882353,25.0,0.0,0.0,170.0,551.262124722163,0.10946938525154161,865.3860016384002,True
1 AVE,2141,877,853.0,367,344.0,0.9726339794754846,128,53156.29920321784,3.060344827586207,25.0,1.0,0.75,232.0,1043.5710865389242,0.06378322842960465,865.1552391447901,True
OCEAN AVE,1494,904,874.0,427,366.0,0.9668141592920354,94,36047.13673829276,2.7857142857142856,25.0,1.0,0.75,70.0,681.3284622390547,0.07117802792679956,860.2860199045521,True
MYRTLE AVE,2134,928,898.0,447,415.0,0.9676724137931034,158,48016.790580482215,1.9430051813471503,25.0,1.0,0.75,193.0,576.9344436398594,0.13203128235302655,855.6093028743827,True
BUSHWICK AVE,2009,991,952.0,460,435.0,0.9606458123107972,70,19213.5677768638,2.202247191011236,25.0,0.0,0.0,89.0,215.44375787347553,0.15288015940505528,839.3951642929085,True
WESTCHESTER AVE,1789,843,802.0,465,405.0,0.9513641755634639,117,30355.160198851212,3.757142857142857,25.0,1.0,0.75,140.0,1361.6958553295672,0.045551270962518466,827.4948575627157,True
PARK AVE,2247,867,815.0,343,322.0,0.9400230680507498,209,102709.14695454843,1.836021505376344,25.524193548387096,1.0,0.75,372.0,751.1233078091209,0.13386386340103637,806.44921920205,True
4 AVE,1717,845,826.0,457,438.0,0.9775147928994082,114,61583.5296299581,2.3951612903225805,25.0,1.0,0.75,248.0,570.0924492703734,0.09996772209058345,800.4175050877787,True
METROPOLITAN AVE,2119,889,811.0,372,318.0,0.9122609673790776,160,55326.95835450137,2.085,24.3,1.0,0.75,200.0,608.9489288394968,0.12735573320063992,785.2676376883795,True
WOODHAVEN BLVD,1550,774,753.0,294,281.0,0.9728682170542635,68,64044.83550198772,2.921161825726141,30.0,1.0,0.75,241.0,556.0308541772316,0.06360774279461578,740.4712372340301,True
S CONDUIT AVE,1470,830,721.0,291,258.0,0.8686746987951808,78,35784.14039942652,3.402173913043478,34.619565217391305,1.0,0.75,92.0,1216.1111690126857,0.03440017507238939,738.0319108943318,True
OCEAN PKWY,1929,922,768.0,526,484.0,0.8329718004338394,94,87985.27421196738,2.417910447761194,26.890547263681594,1.0,0.75,201.0,457.07572473728453,0.10251958215766642,736.1241732173911,True
AMSTERDAM AVE,1909,747,732.0,335,318.0,0.9799196787148594,125,38412.82290587039,3.439189189189189,25.0,0.0,0.0,148.0,731.4511883533705,0.08669292096577011,731.9524219152936,True
E GUN HILL RD,1508,779,732.0,308,287.0,0.9396662387676509,62,16912.281175712422,4.1395348837209305,25.0,1.0,0.75,86.0,717.0061257901141,0.045828678234154326,731.3128505633517,True
ROOSEVELT AVE,1564,749,716.0,400,340.0,0.9559412550066756,104,34764.4054205758,3.08955223880597,25.0,1.0,0.75,134.0,643.7661708005322,0.08234317976514048,710.0520368171037,True
CHURCH AVE,1376,757,714.0,384,360.0,0.9431968295904888,85,22934.75180521353,2.263157894736842,25.0,1.0,0.75,95.0,436.3311502108402,0.09763937526925291,686.8885869748544,True
STATEN ISLAND EXPY,2127,1007,646.0,449,435.0,0.6415094339622641,88,110724.30935322368,3.130890052356021,43.06282722513089,1.0,0.75,191.0,2580.5786455036505,0.01858910988794479,681.9620950281387,True
SUTTER AVE,1187,706,685.0,313,298.0,0.9702549575070821,120,34150.66091792581,2.074626865671642,25.0,1.0,0.75,134.0,520.006668493239,0.1136152799301085,666.2542364542581,True
PITKIN AVE,1234,706,687.0,305,287.0,0.9730878186968839,85,24486.02415199367,2.082474226804124,25.0,1.0,0.75,97.0,452.5195981279194,0.09447642346904168,664.8471302575422,True
CONEY ISLAND AVE,1462,659,644.0,305,278.0,0.9772382397572079,87,30641.232642390285,3.393939393939394,25.0,1.0,0.75,99.0,846.086516939677,0.05402870820851925,654.9184734566098,True
FLATLANDS AVE,1299,716,696.0,314,301.0,0.9720670391061452,93,37409.49990571377,2.7265625,25.0,0.0,0.0,128.0,332.98957101101524,0.13429621745709824,647.2490724893007,True
ROCKAWAY PKWY,1283,710,698.0,370,340.0,0.9830985915492958,61,21111.572004238293,2.984126984126984,25.0,0.0,0.0,63.0,256.28669573151865,0.11676725809914366,646.4223485946567,True
RICHMOND AVE,1400,617,573.0,322,264.0,0.9286871961102107,104,55545.82603356819,3.5866666666666664,31.433333333333334,1.0,0.75,150.0,1882.4089489943099,0.029773816017449557,611.9861011389586,True
SOUTHERN BLVD,1246,655,606.0,277,267.0,0.9251908396946565,88,37568.07128749627,2.7899159663865545,25.0,1.0,0.75,119.0,551.2004795884521,0.0814546423089489,601.5363246661755,True
FLUSHING AVE,1500,712,690.0,323,308.0,0.9691011235955056,95,31038.49236575595,1.7642276422764227,25.0,0.0,0.0,123.0,212.63982969704247,0.19881676075346932,595.0927972276415,True
E 149 ST,1118,645,622.0,241,230.0,0.9643410852713178,35,13051.32752360722,2.9298245614035086,25.0,1.0,0.75,57.0,240.90342986356475,0.07467281624027015,593.5424458484048,True
FRANCIS LEWIS BLVD,1300,610,587.0,336,302.0,0.9622950819672131,151,102282.04654735258,2.132596685082873,26.2707182320442,1.0,0.75,362.0,624.6235166502402,0.11838092840200784,591.4539068308038,True
MERRICK BLVD,1399,659,633.0,265,248.0,0.960546282245827,83,47729.7177153292,2.0451977401129944,25.0,1.0,0.75,177.0,283.36473321684707,0.13992928181151207,584.075788223057,True
HARLEM RIVER DR,1410,728,586.0,315,270.0,0.804945054945055,57,50132.432057347505,2.209090909090909,36.06818181818182,1.0,0.75,220.0,448.2077831806783,0.06597737139051472,576.9088317361893,True
RALPH AVE,1347,627,601.0,343,324.0,0.9585326953748007,73,24061.720641120053,2.988235294117647,25.0,0.0,0.0,85.0,330.1234807877252,0.10938967210102564,571.3689063835021,True
FOREST AVE,1240,585,556.0,338,315.0,0.9504273504273504,124,36241.41051768764,2.757142857142857,25.0,1.0,0.75,140.0,729.8590945269968,0.0862306022844529,570.9919744336926,True
GOWANUS EXPY,1083,614,554.0,404,396.0,0.9022801302931596,47,111749.22766144457,2.30142566191446,44.14460285132383,1.0,0.75,491.0,918.5216230914933,0.027636266672502817,564.07401678365,True
86 ST,1312,529,522.0,278,263.0,0.9867674858223062,141,46365.76273922541,2.7,24.884615384615383,1.0,0.75,130.0,919.5359098989203,0.07848638454368885,553.201156294252,True
REMSEN AVE,865,534,527.0,223,219.0,0.9868913857677902,58,15723.27260579998,3.7872340425531914,25.0,1.0,0.75,47.0,644.4769411041667,0.04760784973495929,532.5928245594099,True
LEXINGTON AVE,1517,544,533.0,178,167.0,0.9797794117647058,143,41647.51954190563,2.4761904761904763,24.96031746031746,0.0,0.0,126.0,480.5253300038679,0.14184881366021462,525.5565303138374,True
ROCKAWAY AVE,1006,598,585.0,255,254.0,0.9782608695652174,42,13307.6139820621,2.2325581395348837,25.0,0.0,0.0,43.0,117.16496758816183,0.166048340581719,507.31676920201954,True
E FORDHAM RD,1221,607,520.0,247,230.0,0.85667215815486,32,15408.754768504063,2.8852459016393444,25.0,1.0,0.75,61.0,181.5684933780373,0.08916442665505737,489.8239487500454,True
SPRINGFIELD BLVD,1118,492,472.0,243,227.0,0.959349593495935,116,59796.38410610087,2.5833333333333335,25.0,1.0,0.75,216.0,643.7358536915159,0.09098379835227148,487.6251802821241,True
W FORDHAM RD,918,541,527.0,213,203.0,0.9741219963031423,15,4657.632281195047,2.8333333333333335,25.0,1.0,0.75,30.0,84.76151394034835,0.08949842717900079,487.42035105963873,True
AVE OF THE AMERICAS,1498,493,481.0,218,207.0,0.9756592292089249,74,20336.863063770274,3.6219512195121952,25.0,0.0,0.0,82.0,452.3086037566306,0.08330373636505815,478.60989949139696,True
HUTCHINSON RIVER PKWY,1551,918,445.0,294,200.0,0.48474945533769065,71,80194.24335491555,2.36875,41.40625,1.0,0.75,160.0,1159.8437345302693,0.03288362988223698,468.5066567899294,True
VICTORY BLVD,976,496,476.0,269,237.0,0.9596774193548387,126,43253.01957959395,2.3043478260869565,25.0,0.0,0.0,138.0,365.99919551483566,0.16052427138684247,458.3422010080525,True
ROGERS AVE,936,533,529.0,195,177.0,0.9924953095684803,46,14980.467568488428,2.0,25.0,0.0,0.0,44.0,120.8811469892244,0.17448774608135165,457.7882612048433,True
FOSTER AVE,838,485,459.0,226,207.0,0.9463917525773196,93,34654.29182410745,2.188976377952756,25.0,1.0,0.75,127.0,427.5586088259527,0.10779399861279336,455.61080672340046,True
E 233 ST,970,457,450.0,208,197.0,0.9846827133479212,59,17630.65380650947,3.3870967741935485,25.0,1.0,0.75,62.0,524.5050634382145,0.05880625307880596,454.38136361620013,True
W 125 ST,889,485,474.0,209,193.0,0.977319587628866,31,7373.8468897215735,3.72,25.0,0.0,0.0,25.0,206.78110842275794,0.07686983132505022,453.45892887759055,True
65 ST,1228,455,441.0,263,258.0,0.9692307692307692,101,34057.47912188025,2.6818181818181817,25.0,1.0,0.75,88.0,568.6929111050176,0.08978987561275686,452.46553060475037,True
CROSS BAY BLVD,1082,513,434.0,214,187.0,0.8460038986354775,56,66678.27184015546,2.8289473684210527,31.842105263157894,1.0,0.75,152.0,666.8793483881884,0.04456403361566886,444.3780431099663,True
21 ST,991,445,430.0,190,178.0,0.9662921348314607,76,24908.148409777605,2.9302325581395348,25.0,1.0,0.75,86.0,600.329765226799,0.06569814049672994,441.1903488466453,True
WHITESTONE EXPY,1281,591,443.0,275,233.0,0.7495769881556683,58,78130.72384872989,2.1266968325791855,33.619909502262445,1.0,0.75,221.0,393.1150317800186,0.07574311895028317,439.22155691828283,True
ASTORIA BLVD,1310,528,437.0,166,147.0,0.8276515151515151,95,23625.610380909915,2.7422680412371134,29.432989690721648,0.0,0.0,97.0,457.08961251786883,0.10349451918917774,439.0791647882337,True
MADISON AVE,1241,431,424.0,163,156.0,0.9837587006960556,113,31192.9225562737,2.9051724137931036,25.0,0.0,0.0,116.0,489.92674047306593,0.11356310819270422,431.4868455611351,True
GRAND ST,1043,485,464.0,221,214.0,0.9567010309278351,86,20999.78043712225,1.878787878787879,25.0,0.0,0.0,66.0,235.897992700779,0.16839637182519732,425.5884495647665,True
9 AVE,1187,408,402.0,174,159.0,0.9852941176470589,100,37798.196139364445,2.6223776223776225,25.0,1.0,0.75,143.0,649.025682291276,0.07883476974634784,421.47421278486723,True
UNION TPKE,1329,469,409.0,233,202.0,0.8720682302771855,144,105431.27167277137,2.189054726368159,25.44776119402985,1.0,0.75,402.0,490.5644263713066,0.14018834730565957,420.43438213192763,True
LAFAYETTE AVE,932,426,382.0,165,146.0,0.8967136150234741,132,40895.501651311395,2.633587786259542,25.0,1.0,0.75,131.0,843.135258713933,0.08000282498489954,418.89212339725714,True
CLEARVIEW EXPY,994,479,405.0,434,383.0,0.8455114822546973,73,104747.59061752088,2.1,35.68181818181818,1.0,0.75,220.0,607.1268303932292,0.06260489136325269,417.6541282583667,True
10 AVE,1377,388,374.0,179,160.0,0.9639175257731959,124,39345.33592240984,2.651315789473684,25.0,1.0,0.75,152.0,844.5970646532685,0.07539948786447118,409.4827776653799,True
MAIN ST,1119,446,394.0,208,193.0,0.8834080717488789,89,51530.265267768744,2.083720930232558,25.0,1.0,0.75,215.0,314.2818329393204,0.13591552863809567,383.1650631818877,True
FARMERS BLVD,911,391,384.0,196,192.0,0.9820971867007673,66,20625.01644792288,2.145631067961165,25.0,1.0,0.75,103.0,367.1712323050784,0.0907792852613102,382.4722964968264,True
WASHINGTON AVE,1032,399,380.0,221,201.0,0.9523809523809523,92,34978.949453402,2.051282051282051,24.871794871794872,1.0,0.75,117.0,389.600970112435,0.11595378173457883,381.11326879285747,True
AVE J,766,409,403.0,188,179.0,0.9853300733496333,87,23930.38005939835,2.1443298969072164,25.0,0.0,0.0,97.0,259.44563308210707,0.15701309205299083,380.46008497251205,True
PARSONS BLVD,936,418,373.0,207,189.0,0.8923444976076556,93,36179.68799709067,1.967741935483871,25.04032258064516,1.0,0.75,124.0,399.81587353097,0.11441788182332625,376.0682154486558,True
GLENWOOD RD,661,433,423.0,170,167.0,0.976905311778291,84,25889.505760442185,1.6571428571428573,25.0,0.0,0.0,105.0,166.34704025865713,0.2190446149552452,366.7815512563335,True
AVE U,901,381,373.0,214,204.0,0.979002624671916,92,27650.548745487904,2.532110091743119,25.0,0.0,0.0,109.0,319.0809678516112,0.1380430787822581,365.55685079727687,True
W ST,1101,383,357.0,173,160.0,0.9321148825065274,67,39358.10835514721,2.824,28.52,1.0,0.75,125.0,473.6479733532822,0.0728471562761878,365.49747314416715,True
11 AVE,992,352,332.0,124,120.0,0.9431818181818182,114,44361.729948320906,2.5128205128205128,25.48076923076923,1.0,0.75,156.0,684.0646595450698,0.08472319097504918,361.82804138620264,True
ALBANY AVE,677,393,385.0,138,127.0,0.9796437659033079,53,18408.033808828888,1.5686274509803921,25.0,1.0,0.75,51.0,198.36307923976577,0.12922929809369715,360.88104173178596,True
AVE P,651,357,351.0,156,152.0,0.9831932773109243,55,16314.95333115896,3.4545454545454546,25.0,1.0,0.75,66.0,515.8089536900574,0.05591484563757304,360.2152672052694,True
E 138 ST,936,476,373.0,175,171.0,0.7836134453781513,40,9517.824367431896,3.1346153846153846,25.0,0.0,0.0,52.0,198.30551319078342,0.10075057233618889,355.3994304699946,True
108 ST,831,404,388.0,214,194.0,0.9603960396039604,67,24512.23470443681,1.9493670886075949,25.0,0.0,0.0,79.0,181.90733428336083,0.16983628749768048,352.9979867741855,True
UNIVERSITY AVE,815,406,385.0,206,180.0,0.9482758620689655,60,21755.540881563316,2.125,25.0,0.0,0.0,72.0,167.73265529846324,0.16575587618478346,348.9866609126554,True
GRAND AVE,803,356,340.0,166,152.0,0.9550561797752809,102,32185.486245175292,1.679245283018868,24.764150943396228,1.0,0.75,106.0,393.7697405768122,0.12578231130569578,346.7632822480591,True
CANAL ST,1218,372,365.0,172,163.0,0.9811827956989247,41,11754.636496597223,2.8333333333333335,25.0,0.0,0.0,60.0,152.84979061346144,0.12967145533897914,337.49017359837836,True
RICHMOND RD,664,368,352.0,168,150.0,0.9565217391304348,81,27969.116833074433,2.6484375,25.0,0.0,0.0,128.0,237.19171913589622,0.15943971564936554,333.6950003448348,True
BEVERLEY RD,548,360,338.0,122,119.0,0.9388888888888889,53,13648.048879310438,2.192982456140351,25.0,1.0,0.75,57.0,267.27556826626824,0.09921552801637182,330.98303816187996,True
150 ST,765,334,319.0,178,162.0,0.9550898203592815,91,36389.97260030659,2.2205882352941178,25.0,1.0,0.75,136.0,424.8674065232935,0.1063193866280451,330.25575772545847,True
E HOUSTON ST,711,372,345.0,120,112.0,0.9274193548387096,24,13168.737725337804,2.533333333333333,25.0,1.0,0.75,60.0,118.51320956470445,0.10110980525901109,322.0999647253488,True
NEPTUNE AVE,761,342,335.0,201,186.0,0.97953216374269,55,20176.25130878176,2.5324675324675323,25.0,0.0,0.0,77.0,220.7294854592585,0.12157620409373115,321.10742460229915,True
31 ST,725,369,321.0,190,171.0,0.8699186991869918,57,20953.932150559715,2.2777777777777777,24.537037037037038,1.0,0.75,54.0,308.94816398074045,0.09295256636019525,319.8797509126576,True
FARRAGUT RD,569,351,338.0,160,153.0,0.9629629629629629,67,18394.540054961697,1.9852941176470589,25.0,0.0,0.0,68.0,195.179324493948,0.16013696957883744,315.1291298312583,True
BAY PKWY,867,341,308.0,213,182.0,0.9032258064516129,45,14969.126277764019,3.5084745762711864,25.0,1.0,0.75,59.0,412.50727539833565,0.05713132016974029,313.9706386108495,True
NEW YORK AVE,741,381,372.0,168,153.0,0.9763779527559056,64,25328.639192635783,1.5769230769230769,25.0,0.0,0.0,78.0,118.28680209668073,0.23108189450875224,313.371473566627,True
STEINWAY ST,736,334,323.0,141,119.0,0.9670658682634731,43,13247.992836041292,2.272727272727273,25.0,1.0,0.75,22.0,219.05481410074032,0.0983135433938397,312.7807804555124,True
W 145 ST,687,339,327.0,142,137.0,0.9646017699115044,20,6481.551939120615,2.9,25.0,1.0,0.75,20.0,136.05231717156943,0.07548813420274793,312.58571569294367,True
BROOKLYN AVE,637,331,327.0,156,141.0,0.9879154078549849,55,18442.19058243264,1.7551020408163265,25.0,1.0,0.75,49.0,199.13672635520754,0.13300555769957478,309.99347397958104,True
LAURELTON PKWY,790,418,413.0,120,115.0,0.9880382775119617,35,6826.563953133768,1.4285714285714286,25.0,0.0,0.0,21.0,47.40941237326333,0.29080947176254973,306.6827943309085,True
FORT HAMILTON PKWY,675,311,300.0,139,131.0,0.9646302250803859,74,22702.15642223891,2.0,25.0,1.0,0.75,87.0,360.91319561857756,0.10224222303405552,306.2279005321517,True
COLLEGE POINT BLVD,1063,381,305.0,183,155.0,0.800524934383202,52,30000.899499967465,2.775,25.0,1.0,0.75,120.0,302.7092210104026,0.08710455790169239,304.80046270886066,True
DELANCEY ST,886,332,325.0,128,122.0,0.9789156626506024,24,10461.675561603695,2.6666666666666665,25.0,0.0,0.0,48.0,98.45828050721332,0.1192488894488443,297.98515153665363,True
AVE D,570,327,320.0,188,176.0,0.9785932721712538,65,21825.15132520254,2.0476190476190474,24.226190476190474,0.0,0.0,84.0,180.40421092904157,0.16675585957801797,296.7215842000006,True
HORACE HARDING EXPY,1442,448,248.0,172,110.0,0.5535714285714286,136,76597.71262944376,2.370656370656371,29.864864864864863,1.0,0.75,259.0,794.1801080312887,0.08685627344253107,295.43916881203677,True
60 ST,685,297,288.0,176,162.0,0.9696969696969697,101,31966.912615254692,1.6395348837209303,25.0,1.0,0.75,86.0,340.6033429511629,0.1414156809050406,295.4389375613201,True
MORRIS AVE,793,334,321.0,103,94.0,0.9610778443113772,68,23936.672358231426,1.8493150684931507,25.0,0.0,0.0,73.0,171.27163108398918,0.18068310268184024,293.9466137447639,True
E 163 ST,647,314,308.0,159,159.0,0.9808917197452229,38,8903.270404480652,3.066666666666667,25.0,0.0,0.0,30.0,168.15865273220908,0.11152032436751058,292.4048475927063,True
14 AVE,737,296,272.0,138,113.0,0.918918918918919,111,36612.078457953234,1.9562043795620438,25.0,1.0,0.75,137.0,436.02526006010936,0.12388396752995706,292.3200999913794,True
CLARENDON RD,458,313,309.0,150,140.0,0.987220447284345,39,10746.203407601704,2.4047619047619047,25.0,0.0,0.0,42.0,164.75489281867644,0.11620385550394288,292.2381624079507,True
35 AVE,744,318,295.0,125,107.0,0.9276729559748428,129,39218.50310893553,1.9361702127659575,24.04255319148936,0.0,0.0,141.0,276.46213569708607,0.20583037787990482,291.18434438544483,True
EMPIRE BLVD,527,298,287.0,119,108.0,0.9630872483221476,31,8839.504244350648,3.0526315789473686,25.0,1.0,0.75,19.0,288.9260251938346,0.05624408628288113,287.10832752718505,True
LEFFERTS BLVD,655,297,297.0,193,185.0,1.0,47,20589.006956558096,3.0,25.0,0.0,0.0,48.0,188.36463819514657,0.12172287528953654,283.77659140299414,True
AVE L,536,305,298.0,151,143.0,0.9770491803278688,84,24805.327406170487,1.9578947368421054,25.0,0.0,0.0,95.0,215.95035617524772,0.17766984602828828,283.42225241498033,True
31 AVE,577,278,272.0,129,115.0,0.9784172661870504,79,24848.37023432089,1.9509803921568627,25.0,1.0,0.75,102.0,361.5355908935884,0.10823519660178096,281.69090228322415,True
E NEW YORK AVE,684,335,316.0,129,119.0,0.9432835820895522,60,18215.57605886052,1.9420289855072463,25.0,0.0,0.0,69.0,135.57940532354425,0.1973094276623728,280.4013157258836,True
37 AVE,863,281,270.0,192,179.0,0.9608540925266904,105,31129.97729923342,1.8083333333333333,23.666666666666668,1.0,0.75,120.0,332.67093141677026,0.14916354123296102,279.34821806249346,True
EASTCHESTER RD,669,316,266.0,143,129.0,0.8417721518987342,49,15606.360623030758,3.9107142857142856,25.0,1.0,0.75,56.0,530.1501888401826,0.048831147358469766,278.8987567960226,True
BAYCHESTER AVE,735,344,307.0,145,132.0,0.8924418604651163,61,24792.45005121912,2.375,25.0,0.0,0.0,72.0,149.68836958823547,0.18457329186306776,277.96447452655434,True
34 AVE,636,316,304.0,107,103.0,0.9620253164556962,114,45512.44243229309,1.5,25.0,0.0,0.0,180.0,181.095068712533,0.25907019016901317,272.15899607864645,True
SUTPHIN BLVD,686,303,296.0,186,178.0,0.976897689768977,44,14338.957857453699,2.1166666666666667,25.0,0.0,0.0,60.0,134.440446110407,0.15382444458413044,271.1481913556735,True
69 ST,630,292,268.0,171,155.0,0.9178082191780822,61,20909.071800538317,2.0481927710843375,24.63855421686747,1.0,0.75,83.0,288.59804328741643,0.10506760458792119,270.16418706740717,True
12 AVE,1008,327,232.0,136,125.0,0.709480122324159,104,59468.05852567103,2.683333333333333,28.083333333333332,1.0,0.75,180.0,764.8183088037482,0.0702255005090221,269.4174324161139,True
CLOVE RD,443,272,255.0,99,86.0,0.9375,59,21209.613295907708,2.7241379310344827,28.79310344827586,1.0,0.75,87.0,477.31528275129585,0.06424661179069652,269.2830036660614,True
18 AVE,626,272,258.0,167,154.0,0.9485294117647058,83,29252.684887392104,1.9285714285714286,25.0,1.0,0.75,98.0,356.20665918667254,0.11459371699901792,269.2538661102566,True
SCHENECTADY AVE,646,308,300.0,140,138.0,0.974025974025974,64,22385.430775407174,1.7636363636363637,25.0,0.0,0.0,55.0,140.5747441391903,0.2018390885436723,267.82175166621244,True
JUNCTION BLVD,747,323,299.0,164,148.0,0.9256965944272446,35,10870.524243704136,1.975609756097561,25.0,0.0,0.0,41.0,100.76278357048291,0.16173105334678362,266.93888617431986,True
CROPSEY AVE,650,277,268.0,154,143.0,0.9675090252707581,49,20444.992105238227,2.3010752688172045,25.0,1.0,0.75,93.0,245.41792738892292,0.09982905001015106,265.7456531439759,True
80 ST,695,253,239.0,121,113.0,0.9446640316205533,142,54424.52810845329,1.390625,24.7265625,1.0,0.75,128.0,398.03939573514276,0.16538325294614492,265.3024526132672,True
UNION ST,901,260,252.0,155,146.0,0.9692307692307692,105,32467.52006549162,1.5205479452054795,25.0,1.0,0.75,73.0,342.8338078999117,0.14538463263200813,265.20583979209505,True
E 125 ST,659,288,279.0,147,132.0,0.96875,15,3501.747686705418,4.0,25.0,0.0,0.0,10.0,99.35677285573524,0.077368505258857,265.1012720359709,True
ARTHUR KILL RD,479,257,232.0,123,105.0,0.9027237354085603,98,45736.90269580818,2.171641791044776,29.738805970149254,1.0,0.75,134.0,640.7395920227395,0.07830240786528354,264.00529424525416,True
E 161 ST,629,292,275.0,171,159.0,0.9417808219178082,32,13892.082507871428,2.526315789473684,25.0,1.0,0.75,57.0,160.62345348145763,0.09963290285216433,263.60433265215204,True
AMBOY RD,573,248,229.0,125,111.0,0.9233870967741935,130,48708.13648335919,2.18859649122807,25.0,1.0,0.75,228.0,480.9448353692476,0.13053901586621747,261.88863086167777,True
AVE K,490,270,265.0,130,121.0,0.9814814814814815,80,23587.769512844974,2.173469387755102,25.0,0.0,0.0,98.0,242.6637031125617,0.15477464954934073,261.5429074770167,True
BLAKE AVE,504,287,275.0,133,124.0,0.9581881533101045,60,16022.26792202905,1.5714285714285714,23.73015873015873,1.0,0.75,63.0,176.97288540176996,0.15847282887702294,259.4653658429664,True
CRESCENT ST,672,297,294.0,124,119.0,0.98989898989899,79,26067.37539907861,1.6266666666666667,24.733333333333334,0.0,0.0,75.0,144.91112996455857,0.23242725069500908,259.34768382843686,True
NEW LOTS AVE,501,310,301.0,146,137.0,0.9709677419354839,38,9402.66878016776,1.8936170212765957,25.0,0.0,0.0,47.0,82.6233246213699,0.20347926682518847,256.56487420223414,True
AVE M,527,273,269.0,166,156.0,0.9853479853479854,85,26070.99032249305,1.9038461538461537,25.0,0.0,0.0,104.0,202.6574088154639,0.18894976060736354,256.46458327760973,True
W 42 ST,808,262,254.0,148,140.0,0.9694656488549618,25,6459.064813178258,3.8181818181818183,25.0,1.0,0.75,11.0,271.7996475146614,0.04860640399197588,254.8651768580124,True
AVE N,516,264,262.0,172,164.0,0.9924242424242424,84,23707.456353038095,2.0,25.0,0.0,0.0,98.0,216.74527913894988,0.17713365638465486,253.98386582521528,True
GATES AVE,735,292,289.0,135,124.0,0.9897260273972602,80,23974.58017474688,1.8837209302325582,24.186046511627907,0.0,0.0,43.0,141.10231879392666,0.2394965131077925,253.57902105441752,True
LENOX AVE,623,313,309.0,88,84.0,0.987220447284345,36,18712.699781020383,2.026666666666667,25.0,0.0,0.0,75.0,65.04095631101757,0.2351454526659813,251.63414023979433,True
E 180 ST,459,266,261.0,106,101.0,0.981203007518797,40,10989.511112459051,1.8928571428571428,25.0,1.0,0.75,56.0,173.90756835269423,0.1132839137891047,251.1338284815831,True
E 116 ST,497,275,261.0,131,128.0,0.9490909090909091,21,4700.771245122666,3.6363636363636362,25.0,0.0,0.0,11.0,121.77470823128452,0.08741347728539309,248.82983312042316,True
RIVERSIDE DR,913,281,228.0,146,108.0,0.8113879003558719,95,57775.069074772815,2.05,25.477272727272727,1.0,0.75,220.0,367.01963554327267,0.1257004188797817,245.47482642030397,True
FRANKLIN AVE,729,281,279.0,153,142.0,0.9928825622775801,75,23696.3112890185,1.5633802816901408,25.0,0.0,0.0,71.0,135.5368876040986,0.23509914519878167,245.27194490816686,True
101 AVE,506,282,251.0,121,113.0,0.8900709219858156,72,19835.387272910644,2.096774193548387,25.0,0.0,0.0,93.0,199.4698878715512,0.16700827456478703,242.39404488529775,True
20 AVE,854,286,229.0,154,99.0,0.8006993006993007,103,35922.08723003208,2.1545454545454548,25.0,0.0,0.0,110.0,303.3318105635165,0.15868013451929727,240.79498169928172,True
CYPRESS AVE,632,293,261.0,112,99.0,0.8907849829351536,55,18868.407622645507,1.9666666666666666,25.0,0.0,0.0,60.0,125.8878530400151,0.19528290930923073,234.6149068586378,True
43 AVE,533,214,213.0,81,77.0,0.9953271028037384,104,33725.43967453326,1.8376068376068375,23.931623931623932,1.0,0.75,117.0,335.47295931500247,0.14689887884083525,230.9911404116931,True
CENTRAL AVE,629,256,250.0,158,142.0,0.9765625,76,19913.106991677458,1.5568181818181819,25.0,0.0,0.0,88.0,148.0304299628433,0.22189318331027022,227.37364750367576,True
SHORE PKWY,971,327,193.0,150,118.0,0.5902140672782875,117,54149.02786425595,1.6919431279620853,28.767772511848342,1.0,0.75,211.0,445.57602093774,0.1272853615428453,225.1492301421135,True
6 AVE,523,214,207.0,108,104.0,0.9672897196261683,82,33244.72093846983,1.9838709677419355,25.0,1.0,0.75,124.0,339.68751338455604,0.11823097167545159,222.68777363665555,True
VANDERBILT AVE,441,251,241.0,111,104.0,0.9601593625498008,48,15620.578179859174,2.1818181818181817,24.272727272727273,0.0,0.0,55.0,126.79045292841897,0.17374454325504837,221.1567144086822,True
115 AVE,391,223,223.0,98,91.0,1.0,74,24477.712097027135,2.0816326530612246,25.0,0.0,0.0,98.0,196.6716086791947,0.1728655025050476,218.44872940417946,True
HOWARD AVE,541,241,239.0,98,93.0,0.991701244813278,57,21432.150352560013,1.9733333333333334,25.0,0.0,0.0,75.0,126.98288354059501,0.19956997057011527,216.64474736484738,True
BAY ST,521,226,224.0,124,118.0,0.9911504424778761,62,23009.1191798694,2.3,25.11111111111111,0.0,0.0,90.0,178.09260648859308,0.16203656145038395,216.56132381026197,True
SEDGWICK AVE,758,288,232.0,100,82.0,0.8055555555555556,68,29339.35021701858,1.9901960784313726,25.0,0.0,0.0,102.0,151.75229965328634,0.19929203035797588,216.00727286634498,True
DITMAS AVE,508,225,212.0,111,108.0,0.9422222222222222,50,12962.0489205604,2.176470588235294,25.0,1.0,0.75,51.0,238.16321063372672,0.10443252734941545,214.7322902100552,True
KNICKERBOCKER AVE,639,280,276.0,97,92.0,0.9857142857142858,41,10171.854582962442,1.05,25.0,0.0,0.0,40.0,57.69798361346829,0.28299910750637086,214.22072419577037,True
164 ST,597,309,235.0,151,134.0,0.7605177993527508,68,42172.21913419279,1.941747572815534,25.0,0.0,0.0,103.0,137.22262659834627,0.21583925427776507,213.89580463974846,True
AVE I,392,223,221.0,98,92.0,0.9910313901345291,59,15811.696304372867,2.212121212121212,25.0,0.0,0.0,66.0,175.32260047053825,0.15748338194410347,213.80656864368834,True
PROSPECT AVE,537,220,216.0,98,86.0,0.9818181818181818,81,28379.15029346417,1.8043478260869565,25.0,0.0,0.0,92.0,201.56326991841735,0.1824796175025734,213.36559101672492,True
MARCY AVE,561,244,242.0,83,71.0,0.9918032786885246,54,17291.614261947296,1.7027027027027026,25.0,0.0,0.0,74.0,108.50737765625075,0.2165616172066742,213.09062182007784,True
111 ST,539,249,233.0,97,88.0,0.9357429718875502,48,20503.962747292233,2.1016949152542375,25.0,0.0,0.0,59.0,116.75061775937803,0.18590786316184024,211.388325753762,True
CASTLE HILL AVE,527,232,208.0,110,107.0,0.896551724137931,34,11385.460322287896,4.333333333333333,25.0,0.0,0.0,45.0,252.65017011329886,0.0695496091376356,211.10540187930886,True
MORRIS PARK AVE,419,213,210.0,120,112.0,0.9859154929577465,43,11305.70045165992,2.840909090909091,25.0,0.0,0.0,44.0,214.39504880418602,0.10023615331475462,210.4405427857622,True
KISSENA BLVD,597,264,233.0,126,110.0,0.8825757575757576,40,17860.252103501134,1.9701492537313432,25.0,0.0,0.0,67.0,104.31926113160971,0.17558370374998414,210.4057592682035,True
E 174 ST,433,222,220.0,118,104.0,0.990990990990991,37,11369.715963825063,1.7741935483870968,25.0,1.0,0.75,62.0,138.19749190799038,0.12945918001210727,209.40991437947469,True
109 AVE,425,222,192.0,92,77.0,0.8648648648648649,84,27318.394707568226,1.972972972972973,25.0,1.0,0.75,111.0,333.69449712573754,0.12266925781728466,209.3815587992076,True
RIVERDALE AVE,474,229,222.0,84,76.0,0.9694323144104804,60,18498.098284508895,2.227272727272727,25.0,0.0,0.0,88.0,147.56831348913002,0.1842326519580539,208.2872530043919,True
WILSON AVE,581,237,233.0,122,113.0,0.9831223628691983,58,22283.672227957028,1.8591549295774648,24.64788732394366,0.0,0.0,71.0,115.7511353975644,0.21772344495431045,207.47217328177624,True
E 23 ST,518,221,217.0,134,124.0,0.9819004524886877,67,27455.602571052776,1.9090909090909092,25.0,0.0,0.0,55.0,155.66406759652406,0.1929443477115528,205.16557853113144,True
SNYDER AVE,472,232,226.0,100,99.0,0.9741379310344828,39,10486.538762137185,2.0,25.0,0.0,0.0,38.0,104.2121859382395,0.17209516504662314,205.0409060383739,True
58 ST,589,197,193.0,111,108.0,0.9796954314720813,82,30330.586704938003,1.7215189873417722,25.0,1.0,0.75,79.0,273.643421479898,0.14269432120208697,204.50735828748782,True
STILLWELL AVE,420,203,188.0,107,94.0,0.9261083743842364,51,17955.031102223107,3.36231884057971,25.0,1.0,0.75,69.0,481.13878031624796,0.05560279890136062,204.29933665211445,True
E 96 ST,669,219,216.0,123,118.0,0.9863013698630136,64,18597.019934334945,2.022222222222222,25.0,0.0,0.0,45.0,150.41221741103593,0.19116164047977754,203.46213188486263,True
FLATBUSH AVE EXTENSION,632,249,234.0,89,78.0,0.9397590361445783,14,6806.671168417835,2.7777777777777777,25.0,0.0,0.0,27.0,40.60951075644331,0.16071359489814033,202.91951925455785,True
TOMPKINS AVE,456,218,211.0,120,110.0,0.9678899082568807,46,17117.118926318486,1.844155844155844,25.0,1.0,0.75,77.0,154.02685750867755,0.1422814629108589,202.89377793970584,True
MARCUS GARVEY BLVD,453,234,230.0,95,89.0,0.9829059829059829,25,7594.153617814604,2.0,25.0,0.0,0.0,29.0,68.54234395152477,0.1684630817922467,202.8003456831213,True
AVE T,373,197,196.0,136,130.0,0.9949238578680203,81,23703.63975167558,2.0,25.0,0.0,0.0,103.0,233.10364681588405,0.16178352458728537,202.0027587569155,True
W 34 ST,538,215,197.0,134,129.0,0.9162790697674419,28,6480.179503558331,3.764705882352941,25.0,1.0,0.75,17.0,284.169212990751,0.05188979748915747,201.5231928093793,True
E 80 ST,351,205,197.0,105,101.0,0.9609756097560975,46,12769.032388570293,3.081081081081081,25.0,0.0,0.0,37.0,230.363011118429,0.09984049088234467,200.33097940737707,True
STANLEY AVE,392,198,196.0,114,105.0,0.98989898989899,49,15178.661006648981,2.016949152542373,25.0,1.0,0.75,59.0,237.596383381279,0.10277760824384496,200.27517679552187,True
39 ST,460,201,196.0,96,92.0,0.9751243781094527,48,18110.722314594717,2.1621621621621623,24.324324324324323,1.0,0.75,37.0,221.6033745816112,0.10739108646517627,198.7495742134941,True
ROCKAWAY BEACH BLVD,549,215,201.0,110,97.0,0.9348837209302325,89,45783.51334255416,1.8248587570621468,25.0,0.0,0.0,177.0,189.57216847873488,0.20683390031458496,198.63633703431879,True
MANHATTAN AVE,657,216,214.0,120,106.0,0.9907407407407407,69,21784.955807874117,1.6,25.0,0.0,0.0,85.0,140.78281719102245,0.21398077515899558,198.33293046757709,True
BORDEN AVE,569,230,204.0,133,118.0,0.8869565217391304,44,21832.52497258873,1.978494623655914,26.29032258064516,1.0,0.75,93.0,159.3355759665673,0.132986599403692,198.06023013346925,True
S AVE,319,215,188.0,97,76.0,0.8744186046511628,37,26667.21618882357,2.62,33.3,1.0,0.75,50.0,387.2401654774778,0.05039709577350763,198.04112570149798,True
LACONIA AVE,298,201,195.0,80,76.0,0.9701492537313433,50,18881.266537042262,3.0166666666666666,24.583333333333332,0.0,0.0,60.0,215.85474304951427,0.11399521560940064,197.37734093040802,True
DUMONT AVE,417,231,224.0,85,79.0,0.9696969696969697,65,17566.484705324405,1.4242424242424243,24.166666666666668,0.0,0.0,66.0,113.19411493295014,0.24182496664792713,197.20437053926662,True
CLARKSON AVE,486,217,210.0,106,101.0,0.967741935483871,45,11889.295706132933,2.0588235294117645,25.0,0.0,0.0,34.0,125.95532776507993,0.16558475521809643,196.08348352059562,True
UNION AVE,485,195,193.0,91,83.0,0.9897435897435898,56,19682.63645788612,1.7125,25.0,1.0,0.75,80.0,214.76699335603908,0.12650891105883044,195.75371862649732,True
THROOP AVE,419,232,230.0,84,81.0,0.9913793103448276,39,13310.851482615775,1.6808510638297873,24.78723404255319,0.0,0.0,47.0,75.15951190866988,0.2237345528352918,195.35683263608794,True
BOWERY,599,214,208.0,118,108.0,0.9719626168224299,20,9328.271521545164,2.2093023255813953,25.0,1.0,0.75,43.0,88.6461433335517,0.11136203586685042,194.70851153306407,True
111 AVE,376,200,195.0,65,64.0,0.975,74,24296.362236038036,2.0,25.0,0.0,0.0,94.0,193.08002164269158,0.17551668279249236,194.66301176769184,True
BAY RIDGE PKWY,417,208,193.0,107,102.0,0.9278846153846154,58,16800.475945137176,2.2962962962962963,25.0,0.0,0.0,27.0,202.88969934844425,0.13702732738514362,194.35515907035992,True
LENOX RD,472,217,216.0,89,86.0,0.9953917050691244,49,12236.430093226434,1.894736842105263,25.0,0.0,0.0,38.0,107.85470634037158,0.20149962887536066,194.208763462968,True
GREENPOINT AVE,493,212,208.0,114,107.0,0.9811320754716981,42,13320.508089616127,2.26,25.0,0.0,0.0,50.0,119.36984961267451,0.1634826741600339,193.51050600347406,True
E 34 ST,554,213,203.0,130,121.0,0.9530516431924883,68,21813.67521339241,1.8372093023255813,25.0,0.0,0.0,43.0,144.857770108622,0.20681565134373903,190.97527685443725,True
HEGEMAN AVE,367,219,215.0,86,83.0,0.9817351598173516,43,10850.235947495263,1.9090909090909092,25.0,0.0,0.0,44.0,94.25370728291733,0.20217215959693202,190.5884612380641,True
BROOKVILLE BLVD,563,260,212.0,157,132.0,0.8153846153846154,41,18949.44482628801,2.074074074074074,25.0,0.0,0.0,81.0,97.28816145986025,0.18968036331842675,190.24141678878158,True
DITMARS BLVD,525,204,188.0,92,81.0,0.9215686274509803,64,24201.125144964575,2.488095238095238,25.0,0.0,0.0,84.0,196.95391249917367,0.15289543907575218,189.369012383007,True
48 ST,592,218,193.0,136,122.0,0.8853211009174312,90,34683.705607669624,1.5441176470588236,24.33823529411765,0.0,0.0,68.0,168.87871451903968,0.22840237926931178,187.49064100511438,True
W 57 ST,606,191,183.0,122,110.0,0.9581151832460733,26,6411.759325715356,3.9166666666666665,25.0,1.0,0.75,12.0,271.78485035060675,0.05045517570328233,187.4796552242295,True
MOSHOLU PKWY,377,239,179.0,132,113.0,0.7489539748953975,30,26800.414020789893,2.6140350877192984,36.31578947368421,1.0,0.75,57.0,373.8650046022217,0.04266883502733917,187.31466273397388,True
SARATOGA AVE,447,219,217.0,67,62.0,0.9908675799086758,32,10947.712077610306,1.9714285714285715,25.0,0.0,0.0,35.0,69.22251949683232,0.20430962611347683,186.8076382104062,True
TROY AVE,453,202,200.0,96,88.0,0.9900990099009901,50,20498.174642927035,1.9661016949152543,25.0,0.0,0.0,59.0,125.00928903283366,0.1817778971468389,186.36834625484212,True
103 AVE,319,199,196.0,59,58.0,0.9849246231155779,51,15005.417622685205,2.0,25.0,0.0,0.0,57.0,125.48027212196801,0.18417610859828284,183.01195094001423,True
79 ST,476,166,155.0,77,69.0,0.9337349397590361,127,49057.98485649938,1.2934782608695652,24.619565217391305,1.0,0.75,92.0,303.1904573587607,0.18874932701045702,182.9708490958379,True
AVE S,301,175,168.0,126,120.0,0.96,60,17630.372072680824,2.0547945205479454,25.0,1.0,0.75,73.0,302.0952870208785,0.09935775361171326,181.32340648831243,True
E 14 ST,510,204,192.0,126,107.0,0.9411764705882353,70,25799.05497303652,1.66,25.0,0.0,0.0,50.0,140.06170272205614,0.217282923548632,180.7146949233104,True
ALLERTON AVE,326,189,182.0,82,78.0,0.9629629629629629,37,10518.342475618598,3.235294117647059,25.0,0.0,0.0,51.0,169.96456089847032,0.107872872125979,180.70170261682068,True
W 155 ST,414,232,185.0,96,80.0,0.7974137931034483,15,5836.83867885626,3.7083333333333335,25.0,1.0,0.75,24.0,110.17207716478393,0.07030743110934518,179.73904097020764,True
30 AVE,454,199,184.0,105,95.0,0.9246231155778895,63,20627.590168573282,1.95,24.25,0.0,0.0,80.0,156.97627552790084,0.18228490032363273,179.07398307823007,True
32 AVE,425,181,171.0,81,67.0,0.9447513812154696,94,31222.62438981833,1.8852459016393444,25.0,0.0,0.0,122.0,210.39000134119925,0.1988254783104406,178.83173585731282,True
UTOPIA PKWY,443,194,171.0,100,90.0,0.8814432989690721,56,45398.90906119186,2.0191082802547773,27.452229299363058,1.0,0.75,157.0,234.35499316761855,0.11717395811055852,178.42355531551726,True
107 AVE,382,189,186.0,84,81.0,0.9841269841269841,74,21344.770116391086,1.8641975308641976,25.0,0.0,0.0,81.0,150.23339861881462,0.2148207352530581,178.3165923937907,True
FRESH POND RD,389,188,185.0,92,87.0,0.9840425531914894,24,7988.424233029979,2.0,25.0,1.0,0.75,37.0,115.14269913685206,0.10376242922475211,177.7514367633554,True
116 AVE,344,178,175.0,67,60.0,0.9831460674157303,71,22613.019276790415,2.0,25.0,0.0,0.0,88.0,186.63851162393317,0.1744405967318941,177.03022891275,True
VERNON BLVD,445,191,188.0,76,74.0,0.9842931937172775,44,14206.773130391824,1.8909090909090909,25.0,0.0,0.0,55.0,115.59244597800756,0.17452886462569517,175.36279180621796,True
78 ST,462,155,154.0,66,63.0,0.9935483870967742,122,47542.99576114286,1.1195652173913044,24.67391304347826,1.0,0.75,92.0,245.64481575773604,0.21621714787461943,173.81518068063266,True
CORTELYOU RD,389,198,191.0,114,109.0,0.9646464646464646,49,13574.41885705429,1.8035714285714286,25.0,0.0,0.0,56.0,100.84471717274674,0.21252955761738154,171.83933762385394,True
W 116 ST,303,179,168.0,71,68.0,0.9385474860335196,24,5777.2726183765835,3.3333333333333335,25.0,1.0,0.75,15.0,212.6491886616612,0.05899070338902094,170.6338870449005,True
92 ST,457,181,177.0,97,97.0,0.9779005524861878,75,28288.238781306303,1.606060606060606,25.0,0.0,0.0,66.0,146.23923524086544,0.22170828098680104,170.1800837234129,True
21 AVE,385,162,160.0,69,64.0,0.9876543209876543,87,30993.89289635612,1.9270833333333333,25.0,0.0,0.0,96.0,208.50829071414137,0.1881533926423846,169.12699946914876,True
E 98 ST,411,182,176.0,97,90.0,0.967032967032967,52,15287.095207845647,2.0,25.0,0.0,0.0,51.0,134.52445285044774,0.17675555354006375,168.66896670520387,True
CATON AVE,391,193,180.0,166,149.0,0.9326424870466321,28,8025.887502836827,2.4166666666666665,25.0,0.0,0.0,36.0,95.85418102538965,0.13960113469378016,168.25314819140698,True
E 135 ST,503,196,190.0,96,89.0,0.9693877551020408,28,9630.934522489339,2.161290322580645,25.0,0.0,0.0,31.0,69.90111963474904,0.1819993020219036,168.1420875999122,True
NEW UTRECHT AVE,361,170,165.0,96,88.0,0.9705882352941176,42,14687.829884148601,1.9836065573770492,25.0,1.0,0.75,61.0,191.13737429380294,0.10877591345947615,167.84311676424065,True
E 53 ST,387,168,159.0,90,74.0,0.9464285714285714,61,22651.74148974392,1.7272727272727273,25.0,1.0,0.75,44.0,226.88901684132247,0.1299308503371803,167.82087768674816,True
BELL BLVD,462,169,163.0,92,73.0,0.9644970414201184,56,34126.505575881056,1.9292035398230087,25.0,1.0,0.75,113.0,197.91470898974168,0.13581799704653136,167.74204584244922,True
82 ST,520,182,182.0,76,67.0,1.0,97,40779.85264559509,1.2790697674418605,24.825581395348838,0.0,0.0,86.0,132.56960103452172,0.288972413295861,167.7159783207685,True
ESSEX ST,420,190,183.0,76,74.0,0.9631578947368421,47,14155.208279519351,1.9393939393939394,25.0,0.0,0.0,33.0,102.66151535429059,0.20273734618542524,166.71238882637033,True
94 ST,459,171,164.0,108,100.0,0.9590643274853801,66,23864.613713071718,1.5542168674698795,24.337349397590362,1.0,0.75,83.0,176.1305181810063,0.1722800189310252,166.0898459018669,True
W 207 ST,418,196,194.0,72,71.0,0.9897959183673469,10,3100.5133347851292,2.2222222222222223,23.333333333333332,0.0,0.0,9.0,27.032727852135615,0.17044929635762146,165.54054594764506,True
ELIOT AVE,315,177,174.0,73,65.0,0.9830508474576272,40,12486.729749499771,1.9333333333333333,25.0,0.0,0.0,45.0,116.6611353178777,0.15997996148352475,164.82693063664502,True
E 42 ST,392,179,173.0,105,104.0,0.9664804469273743,38,13315.906460728873,2.5161290322580645,25.0,0.0,0.0,31.0,118.17244535655136,0.1515440301873828,164.69121140401285,True
KENT AVE,516,192,186.0,97,91.0,0.96875,50,16188.429052693691,1.4090909090909092,25.0,0.0,0.0,66.0,92.86246826160831,0.23021816538858544,164.55804831436632,True
CASTLETON AVE,366,177,172.0,100,97.0,0.9717514124293786,59,16588.40642241789,2.0,25.0,0.0,0.0,72.0,131.27131306174033,0.19977327250466895,163.8634969255257,True
23 AVE,440,161,159.0,94,86.0,0.9875776397515528,86,39960.42155891706,1.962962962962963,25.0,0.0,0.0,135.0,182.3947262869774,0.2075414620830969,163.85537569863317,True
E 167 ST,463,181,174.0,109,107.0,0.9613259668508287,37,12752.328166686735,1.5,25.0,1.0,0.75,60.0,105.39991419697617,0.16317017078887203,162.80651228338934,True
W 135 ST,388,178,173.0,93,86.0,0.9719101123595506,21,5972.02454374781,2.526315789473684,25.0,0.0,0.0,19.0,84.84047759776486,0.12086826707422553,162.34431130115047,True
13 AVE,362,157,155.0,67,67.0,0.9872611464968153,54,24311.84165904855,1.8409090909090908,25.0,1.0,0.75,88.0,204.8029619566132,0.1277448030600318,161.3620695669538,True
W SHORE EXPY,624,269,127.0,146,84.0,0.4721189591078067,76,120488.58735270181,1.896774193548387,40.645161290322584,1.0,0.75,155.0,854.0199882605892,0.04710145981296824,161.2437027602808,True
HEMPSTEAD AVE,382,173,166.0,78,77.0,0.9595375722543352,22,9427.421636367015,2.688888888888889,25.0,1.0,0.75,45.0,111.17565768714327,0.09902972752463259,160.5707603190406,True
WINTHROP ST,481,178,175.0,98,91.0,0.9831460674157303,42,11620.749521496411,1.8461538461538463,25.0,0.0,0.0,26.0,97.79099005129895,0.19260897274237726,160.1288519073247,True
JACKSON AVE,507,161,152.0,76,68.0,0.9440993788819876,48,15528.214620027353,2.260869565217391,25.0,1.0,0.75,69.0,225.06683601403958,0.10591352140322736,159.73876590003908,True
BAISLEY BLVD,456,176,169.0,116,106.0,0.9602272727272727,36,13203.265775671896,2.25531914893617,25.0,0.0,0.0,47.0,108.4610773273611,0.15566335128881353,159.57630841336268,True
PACIFIC ST,500,159,154.0,80,75.0,0.9685534591194969,87,25338.358046799825,1.0681818181818181,24.431818181818183,1.0,0.75,44.0,173.615638677312,0.21773429919027898,158.27099734057427,True
HUNTS POINT AVE,356,160,159.0,62,59.0,0.99375,19,7116.950263304261,3.2285714285714286,25.0,1.0,0.75,35.0,143.5142378319753,0.06849897870468351,157.93924110702667,True
GLENMORE AVE,320,187,171.0,68,59.0,0.9144385026737968,55,15105.229493513472,1.064516129032258,25.0,1.0,0.75,62.0,109.8249625686188,0.21762890284263334,157.6865437224515,True
COLUMBUS AVE,555,161,147.0,72,58.0,0.9130434782608695,47,14459.39130535774,3.0961538461538463,25.0,0.0,0.0,52.0,255.63123886710076,0.09266074403350613,157.0658514187071,True
84 ST,463,144,141.0,75,59.0,0.9791666666666666,121,46171.07549072649,1.4423076923076923,24.85576923076923,0.0,0.0,104.0,205.8506140896828,0.2461331025321799,156.96188284701074,True
QUENTIN RD,302,159,158.0,84,81.0,0.9937106918238994,56,15621.450089066706,2.0,25.0,0.0,0.0,62.0,150.27341070902477,0.17149228573326547,156.67494954156848,True
WILLIAMSBRIDGE RD,445,191,156.0,82,70.0,0.8167539267015707,38,12613.465706962394,2.9782608695652173,25.0,0.0,0.0,46.0,161.79577148131,0.11539993056172235,156.66883162649478,True
AVE H,291,153,150.0,74,68.0,0.9803921568627451,43,11880.296821552727,2.150943396226415,25.0,1.0,0.75,53.0,215.90352070525782,0.09960558130887562,156.56435849014872,True
BARTOW AVE,416,167,167.0,96,81.0,1.0,24,9321.478929779454,3.1578947368421053,25.0,0.0,0.0,38.0,84.77927039979703,0.13587519700027423,155.82824216806614,True
DEAN ST,503,193,188.0,79,69.0,0.9740932642487047,82,23427.896388059504,1.05,24.0,0.0,0.0,40.0,90.43615171933513,0.3349439697322999,155.3215773545143,True
HAMILTON AVE,681,191,162.0,98,82.0,0.8481675392670157,37,15859.290091655059,2.5,27.22222222222222,0.0,0.0,72.0,115.54182792310847,0.15101044466526775,154.98433077633308,True
CROTONA AVE,319,156,153.0,77,64.0,0.9807692307692307,33,10884.507995671072,2.0625,25.0,1.0,0.75,32.0,166.02261874763616,0.09942770419721222,154.29480908471302,True
MEEKER AVE,552,202,170.0,68,66.0,0.8415841584158416,30,13736.086973547897,1.8571428571428572,28.928571428571427,0.0,0.0,56.0,79.18999964405003,0.17384248464827318,154.2133639072111,True
E 57 ST,504,177,160.0,71,62.0,0.903954802259887,49,17691.177876493897,2.0,25.0,0.0,0.0,35.0,127.09935556498094,0.17637077684706096,154.19728778222677,True
120 AVE,279,157,151.0,60,54.0,0.9617834394904459,65,21117.431068560658,2.031578947368421,25.0,0.0,0.0,95.0,164.35562204784424,0.18010615926016457,153.4054297915676,True
15 AVE,374,130,130.0,69,65.0,1.0,83,28094.13836643728,1.79,25.0,1.0,0.75,100.0,311.55632680585376,0.12889968011535466,153.40255244819335,True
WYTHE AVE,422,185,183.0,57,57.0,0.9891891891891892,39,11106.01591475665,1.2777777777777777,25.0,0.0,0.0,54.0,63.79097665559054,0.2534997180754594,152.78054619014134,True
TARGEE ST,296,160,154.0,43,42.0,0.9625,32,10838.527153241921,2.21875,30.0,0.0,0.0,32.0,140.68480530632272,0.1121695481093195,152.50644062822263,True
BERGEN ST,502,187,175.0,92,87.0,0.9358288770053476,79,24675.085805700688,1.06,24.2,0.0,0.0,50.0,99.6027115705834,0.30582209782744446,151.9418430820149,True
E 169 ST,363,162,153.0,94,90.0,0.9444444444444444,33,9284.64472043316,1.8780487804878048,25.0,1.0,0.75,41.0,141.70926060419288,0.11453290674187609,151.70683879773318,True
WALTON AVE,442,169,165.0,61,52.0,0.9763313609467456,47,19854.656044694333,1.0754716981132075,24.433962264150942,1.0,0.75,53.0,99.19199263844226,0.20835117864525,151.28882410192415,True
SEAVIEW AVE,375,158,154.0,98,96.0,0.9746835443037974,56,30691.767295391066,2.262135922330097,25.0,0.0,0.0,103.0,137.6360936461005,0.1843356445689049,150.98354877458874,True
W KINGSBRIDGE RD,303,171,151.0,74,61.0,0.8830409356725146,15,4046.8803341035446,3.473684210526316,25.0,1.0,0.75,19.0,132.40338321305217,0.059201273150885456,149.89905660991357,True
17 AVE,295,136,135.0,53,47.0,0.9926470588235294,61,23989.826814650187,1.876543209876543,25.0,1.0,0.75,81.0,251.9588842240129,0.11853518670866868,148.8637431787309,True
HALSEY ST,474,162,158.0,65,58.0,0.9753086419753086,57,16414.444779805017,2.0,25.0,0.0,0.0,25.0,114.59975671118922,0.21646657156269,148.60529813028447,True
BRONXWOOD AVE,250,143,142.0,53,51.0,0.993006993006993,38,14308.290027981697,3.44,25.0,0.0,0.0,50.0,210.92224115655694,0.0909668372630707,148.26963829509464,True
SURF AVE,313,140,138.0,58,50.0,0.9857142857142858,37,16957.751281997596,2.8947368421052633,25.0,1.0,0.75,57.0,293.6272622121353,0.06541344560971726,148.1801154521027,True
MADISON ST,418,147,143.0,67,58.0,0.9727891156462585,85,27897.915893099027,1.639344262295082,25.0,0.0,0.0,61.0,165.0633817725733,0.22241266520162534,147.90717554339898,True
43 ST,450,158,149.0,90,87.0,0.9430379746835443,81,30932.523469394597,1.5,24.655172413793103,0.0,0.0,58.0,143.91003447485764,0.23817296826506898,147.78770780250997,True
160 ST,386,141,127.0,90,83.0,0.900709219858156,82,35042.38001397075,1.835164835164835,25.0,1.0,0.75,91.0,267.0900056868636,0.14568544632658142,147.40907500438405,True
BRONX RIVER AVE,364,163,158.0,66,58.0,0.9693251533742331,32,11275.652891543314,2.5,25.0,0.0,0.0,50.0,92.09260760986747,0.16178017013315352,147.33749084609187,True
E 165 ST,387,154,144.0,67,62.0,0.935064935064935,43,11319.619136795945,1.9387755102040816,25.0,1.0,0.75,49.0,170.12779365049016,0.12310679862904346,147.21650903155208,True
LIVONIA AVE,410,182,172.0,58,56.0,0.945054945054945,40,9913.339713301839,1.4594594594594594,25.0,0.0,0.0,37.0,69.40524576089749,0.24249185288586386,147.1216079481902,True
BARNES AVE,341,164,161.0,38,37.0,0.9817073170731707,59,20884.021406910375,1.4927536231884058,25.0,0.0,0.0,69.0,100.79177239339982,0.24536219005471666,146.22717741513173,True
41 AVE,542,135,132.0,83,73.0,0.9777777777777777,79,30046.680677470624,1.56,24.85,1.0,0.75,100.0,212.47435773750922,0.17117017204078094,145.7748096588008,True
AVE O,286,142,135.0,95,94.0,0.9507042253521126,51,13255.388149659837,1.9821428571428572,25.0,1.0,0.75,56.0,223.0436467174046,0.11269286996595458,144.9218912308529,True
77 ST,459,160,153.0,88,84.0,0.95625,108,39188.1212050686,1.1159420289855073,24.420289855072465,0.0,0.0,69.0,126.01556544531529,0.3225107123588576,144.29723078916766,True
BAILEY AVE,303,150,141.0,82,81.0,0.94,31,9475.712253888749,3.576923076923077,25.0,0.0,0.0,26.0,167.58237994944312,0.09317491674384634,143.47681103864264,True
74 ST,394,119,116.0,75,64.0,0.9747899159663865,101,35345.889568471976,1.5,24.702380952380953,1.0,0.75,84.0,267.4255857904451,0.17340226891367044,142.25754014764482,True
85 ST,479,146,145.0,74,67.0,0.9931506849315068,106,41340.77985990056,1.2,24.823529411764707,0.0,0.0,85.0,133.66130073348714,0.3057948476432773,141.53268418532377,True
BELMONT AVE,431,176,170.0,71,70.0,0.9659090909090909,71,19467.554236640903,1.0298507462686568,25.0,0.0,0.0,67.0,81.40043361545062,0.3263623903919037,141.0844337270523,True
W 23 ST,410,139,137.0,67,62.0,0.9856115107913669,30,8589.294455086381,2.857142857142857,25.0,1.0,0.75,14.0,181.8675569885221,0.08393347145484252,140.76588981374462,True
SHERMAN AVE,289,151,150.0,39,37.0,0.9933774834437086,28,8863.538582006599,2.238095238095238,24.285714285714285,0.0,0.0,21.0,85.98678789835367,0.15316730518762628,140.19526880598687,True
WORTMAN AVE,249,148,145.0,49,42.0,0.9797297297297297,33,9010.553422792,2.0606060606060606,25.0,0.0,0.0,33.0,106.82819089887069,0.14645282237001048,139.40963082217036,True
76 ST,389,117,115.0,68,66.0,0.9829059829059829,107,40757.44037416161,1.2352941176470589,24.705882352941178,1.0,0.75,85.0,234.00836160178721,0.2025372677680746,139.103628400381,True
E 222 ST,260,163,135.0,69,63.0,0.8282208588957055,32,9339.256865296424,3.3214285714285716,25.0,0.0,0.0,28.0,178.78823940159415,0.09042560170942741,138.9595778956856,True
47 ST,404,132,127.0,66,57.0,0.9621212121212122,86,31359.77211285761,1.1904761904761905,24.206349206349206,1.0,0.75,63.0,182.4036524122839,0.20753341357694144,138.49810910975162,True
TILLARY ST,532,158,152.0,94,91.0,0.9620253164556962,10,6389.649059240182,2.975,25.0,0.0,0.0,40.0,39.828410726315,0.12239118721355477,138.27118601716245,True
225 ST,243,138,133.0,46,46.0,0.9637681159420289,49,24993.64963624197,1.9452054794520548,25.0,1.0,0.75,73.0,170.4645827067684,0.13768045677361448,138.15814085990073,True
COOPER AVE,346,155,154.0,72,59.0,0.9935483870967742,53,18486.67803953879,1.7808219178082192,25.0,0.0,0.0,73.0,89.7274087316186,0.24703893762021428,138.12216733496078,True
MORGAN AVE,384,157,155.0,72,72.0,0.9872611464968153,39,13599.584922371254,1.8636363636363635,25.0,0.0,0.0,44.0,77.12817649874586,0.21927604812565088,137.9245742823068,True
99 ST,358,150,143.0,55,54.0,0.9533333333333334,66,25855.332232635308,1.5223880597014925,24.62686567164179,0.0,0.0,67.0,119.81762274120926,0.23428006655724884,137.56883111285526,True
135 AVE,295,150,148.0,74,67.0,0.9866666666666667,57,21135.939060509034,1.802325581395349,25.0,0.0,0.0,86.0,103.33602967271892,0.23452793497462499,137.52505127137485,True
49 ST,411,141,120.0,85,70.0,0.851063829787234,86,28994.42906317497,1.3833333333333333,24.333333333333332,1.0,0.75,60.0,210.97300903132788,0.1846182707566011,136.7952796128884,True
73 AVE,301,126,124.0,78,67.0,0.9841269841269841,66,27936.06785378791,2.075268817204301,25.0,0.0,0.0,93.0,209.97731403066783,0.14863745139144477,136.77944883500035,True
64 ST,445,116,115.0,64,58.0,0.9913793103448276,100,34044.124825989136,1.25,25.0,1.0,0.75,76.0,223.93866867930106,0.1987404525298221,136.65052031132063,True
33 ST,411,137,130.0,69,57.0,0.948905109489051,49,17430.800838096926,1.7894736842105263,24.605263157894736,1.0,0.75,38.0,175.3380356196125,0.13436787734896957,136.0919756093793,True
EVERGREEN AVE,373,174,168.0,53,49.0,0.9655172413793104,45,16447.302076185744,1.2142857142857142,25.0,0.0,0.0,56.0,59.466503847799856,0.29593436677232127,135.88120854261248,True
147 ST,284,125,122.0,41,39.0,0.976,69,29260.119131803433,1.7419354838709677,25.0,1.0,0.75,93.0,210.1214552783604,0.15426131698574005,135.59373174593986,True
GRAHAM AVE,325,155,150.0,58,57.0,0.967741935483871,32,11852.296221493116,1.8604651162790697,25.0,0.0,0.0,43.0,72.60102524266749,0.1966719068321631,134.77779604762097,True
W END AVE,352,125,122.0,63,55.0,0.976,51,16367.32969187541,2.9344262295081966,25.0,0.0,0.0,61.0,242.46707749937565,0.10460969477772462,134.60202420797418,True
BUFFALO AVE,319,159,156.0,74,65.0,0.9811320754716981,13,4485.686383091186,2.1666666666666665,25.0,0.0,0.0,18.0,33.4399687158975,0.17758647360953617,134.2349962387818,True
19 AVE,275,125,124.0,54,50.0,0.992,70,26888.636776053623,1.9545454545454546,25.0,0.0,0.0,88.0,176.5411750729697,0.1804883953224956,133.4830723772786,True
AVE Z,293,140,134.0,70,67.0,0.9571428571428572,42,12408.23182346517,2.1923076923076925,25.0,0.0,0.0,52.0,127.81078090894279,0.1543523954897034,133.04467920708473,True
61 ST,415,134,131.0,56,50.0,0.9776119402985075,99,33947.664677055276,1.3205128205128205,25.0,0.0,0.0,78.0,137.0638327120223,0.2863229702081696,132.7362145929517,True
88 ST,374,137,135.0,55,54.0,0.9854014598540146,84,34200.90747384509,1.3855421686746987,24.93975903614458,0.0,0.0,83.0,123.27622676585935,0.2745629050221208,131.78108676301375,True
133 AVE,284,131,124.0,81,54.0,0.9465648854961832,77,25755.54648607639,1.9065420560747663,25.0,0.0,0.0,107.0,160.9592807359763,0.20993302356719068,131.75897355377214,True
ROCHESTER AVE,321,162,159.0,62,54.0,0.9814814814814815,17,5536.908401138785,1.9166666666666667,25.0,0.0,0.0,24.0,33.63508869490484,0.21919911247436624,131.5201227064955,True
RANDALL AVE,376,128,117.0,61,54.0,0.9140625,63,20109.87500504947,2.3684210526315788,25.0,0.0,0.0,76.0,223.24268141379216,0.13550840766151448,131.39677658407254,True
CLASSON AVE,443,159,155.0,87,78.0,0.9748427672955975,33,11333.714563205966,1.5135135135135136,25.0,0.0,0.0,37.0,57.00220331245478,0.24331953085018546,131.15522208563465,True
LEWIS AVE,358,166,163.0,79,77.0,0.9819277108433735,29,8474.987398871155,1.25,25.0,0.0,0.0,36.0,43.53290179469007,0.270082436840806,130.73403499441,True
AVE X,268,125,123.0,85,75.0,0.984,53,15937.365983788151,2.140625,25.0,0.0,0.0,64.0,166.9195593689011,0.14992323208080097,129.58456229215028,True
130 ST,322,142,139.0,64,57.0,0.9788732394366197,50,22334.20524299136,1.6470588235294117,25.0,0.0,0.0,51.0,95.41554663393589,0.22544687551004902,129.1740211678074,True
COZINE AVE,214,148,136.0,48,44.0,0.918918918918919,29,8404.018970816831,2.064516129032258,25.0,0.0,0.0,31.0,89.60536071920897,0.1523738678521106,128.9306693651824,True
PARK PL,392,120,116.0,47,42.0,0.9666666666666667,69,20916.253882774847,1.380952380952381,24.642857142857142,1.0,0.75,42.0,190.98034302692247,0.16713813368724664,128.5320745967494,True
MELROSE AVE,237,137,133.0,64,60.0,0.9708029197080292,19,5693.924404555694,2.0454545454545454,25.0,1.0,0.75,22.0,86.63459095334747,0.10858823683192209,127.96526198163315,True
37 ST,418,126,122.0,70,66.0,0.9682539682539683,66,25713.08274709704,1.326086956521739,24.456521739130434,1.0,0.75,46.0,152.56505989000334,0.19373525932357719,127.92152980403047,True
50 ST,339,119,116.0,73,71.0,0.9747899159663865,73,23656.220619895324,1.3125,24.583333333333332,1.0,0.75,48.0,172.1917061578715,0.19059754312724075,126.71000113781815,True
MANOR RD,286,148,133.0,46,42.0,0.8986486486486487,43,22373.278396692196,2.112676056338028,26.549295774647888,0.0,0.0,71.0,99.96722148879299,0.192845552436767,126.62977557948491,True
89 AVE,347,119,116.0,59,51.0,0.9747899159663865,101,35400.72100842828,1.5234375,25.0,0.0,0.0,128.0,153.88704152184692,0.26715964094794215,126.12188840955639,True
W 181 ST,404,157,153.0,72,63.0,0.9745222929936306,18,4438.664775932343,1.736842105263158,22.36842105263158,0.0,0.0,19.0,33.52967733233149,0.22969355583090487,125.55843677019767,True
16 AVE,280,111,109.0,62,62.0,0.9819819819819819,57,23199.713339283826,2.0259740259740258,25.0,1.0,0.75,77.0,261.0117207194056,0.10817716219297152,125.44419656749582,True
ARDEN AVE,242,121,112.0,58,54.0,0.9256198347107438,50,17011.27045391243,2.426470588235294,29.485294117647058,0.0,0.0,68.0,239.20275933569016,0.10402588752853231,125.23237993597347,True
81 ST,371,123,122.0,72,53.0,0.991869918699187,101,43118.25114255808,1.2650602409638554,24.57831325301205,0.0,0.0,83.0,131.95206899284258,0.29832195016267,124.96892063009824,True
WILLIS AVE,289,132,123.0,37,37.0,0.9318181818181818,19,5495.634541858204,3.142857142857143,25.0,1.0,0.75,21.0,148.8880596561178,0.0661902873548008,124.71353810769666,True
AVE V,227,122,117.0,77,74.0,0.9590163934426229,53,17264.854207376127,2.140845070422535,25.0,0.0,0.0,71.0,164.635257296874,0.1516878687550863,124.22569065696298,True
E 86 ST,266,120,118.0,68,62.0,0.9833333333333333,46,13806.881927224478,2.433333333333333,25.0,0.0,0.0,30.0,162.65479461772588,0.13575882339248946,124.06228237613573,True
CHRYSTIE ST,289,132,129.0,54,50.0,0.9772727272727273,12,3168.1735752755553,3.3636363636363638,25.0,0.0,0.0,11.0,70.85827822910011,0.08597838186590055,124.00106884324063,True
102 ST,387,118,116.0,63,59.0,0.9830508474576272,65,24203.473335906616,1.3181818181818181,24.829545454545453,1.0,0.75,88.0,156.33184970858423,0.18761583433087914,123.56689363318365,True
VAN SICLEN AVE,242,131,131.0,44,42.0,1.0,34,13458.225624107949,1.8461538461538463,25.0,0.0,0.0,26.0,87.38585838676143,0.17770766192283852,123.2494328671398,True
FOCH BLVD,265,172,128.0,68,48.0,0.7441860465116279,37,13121.631238605169,2.0943396226415096,25.0,0.0,0.0,53.0,98.08935221205685,0.17322459521358277,122.81874014435749,True
119 AVE,217,122,119.0,24,24.0,0.9754098360655737,60,16495.989544545784,1.9516129032258065,25.0,0.0,0.0,62.0,136.8556775403582,0.19582971853604947,122.4966723069988,True
E 92 ST,346,136,133.0,53,50.0,0.9779411764705882,67,19615.62914901869,1.2045454545454546,25.0,0.0,0.0,44.0,95.06242818459225,0.2813400178180326,122.3266428694803,True
AVE Y,254,121,119.0,71,69.0,0.9834710743801653,44,13060.236315848295,2.230769230769231,25.0,0.0,0.0,52.0,135.10340876729555,0.15318524492919483,121.46680461621311,True
YORK AVE,474,118,113.0,51,50.0,0.9576271186440678,38,12243.564952811226,3.489795918367347,25.0,0.0,0.0,49.0,199.5740070656856,0.09564468947754802,121.28034402262455,True
WYCKOFF AVE,425,131,124.0,64,55.0,0.9465648854961832,31,8346.173752668294,2.0,25.0,1.0,0.75,40.0,104.73160789525257,0.14119536804543686,121.27939228512639,True
47 AVE,284,105,102.0,55,51.0,0.9714285714285714,70,27030.264327897465,1.881720430107527,24.193548387096776,1.0,0.75,93.0,238.32883522926363,0.14025913840265514,121.12136496869405,True
CORONA AVE,307,131,125.0,62,59.0,0.9541984732824428,42,13094.120650877236,1.9,25.0,0.0,0.0,60.0,103.04905423026474,0.18459530009554484,120.94795857825468,True
VALENTINE AVE,313,138,123.0,48,39.0,0.8913043478260869,29,11009.012654102862,1.71875,25.0,1.0,0.75,32.0,102.43789962423132,0.1358794593964557,120.2060329168849,True
149 ST,271,108,104.0,59,54.0,0.9629629629629629,62,23484.5385023862,1.8194444444444444,25.0,1.0,0.75,72.0,222.5935950632717,0.13398243739778296,119.88945892634283,True
IRVING AVE,343,159,154.0,58,56.0,0.9685534591194969,31,8318.131235880395,1.0,25.0,0.0,0.0,33.0,40.1954882237406,0.29990490539726394,119.8694686619591,True
AVE R,212,125,124.0,68,63.0,0.992,45,13205.619835448844,1.8333333333333333,25.0,0.0,0.0,54.0,101.20336254649894,0.19806176343786822,119.48485778550584,True
MAURICE AVE,234,134,125.0,43,41.0,0.9328358208955224,23,6647.5698518639165,2.3043478260869565,25.0,0.0,0.0,23.0,79.11036873358269,0.13903442994908288,118.61976127630005,True
SENECA AVE,259,131,126.0,46,45.0,0.9618320610687023,37,10721.346767602783,2.0,25.0,0.0,0.0,42.0,85.52533965133802,0.19374175673291893,118.15836820088201,True
KOREAN WAR VETS PKWY,166,102,100.0,37,27.0,0.9803921568627451,36,41673.25556735019,2.1176470588235294,50.0,1.0,0.75,51.0,1011.1200046234038,0.019392647006640062,117.66902863034993,True
RUTLAND RD,285,132,131.0,61,54.0,0.9924242424242424,42,11199.115342455852,1.48,25.0,0.0,0.0,25.0,74.48419092411716,0.23850370475543367,117.52077015815118,True
CONDUIT BLVD,335,128,117.0,45,40.0,0.9140625,18,9339.345361909109,3.027027027027027,29.054054054054053,1.0,0.75,37.0,122.77735602440518,0.07530036213961999,117.43503700084723,True
WATSON AVE,266,127,124.0,52,45.0,0.9763779527559056,34,10787.69324340988,1.7777777777777777,25.0,0.0,0.0,36.0,83.7772174809741,0.1839541861695344,116.60085077623842,True
PARKSIDE AVE,355,151,133.0,61,52.0,0.8807947019867549,23,7335.007896802883,1.6666666666666667,25.0,0.0,0.0,12.0,50.66099817314812,0.20138743904553558,116.41795928852461,True
BROOK AVE,262,112,112.0,55,50.0,1.0,38,13532.014052663206,1.8596491228070176,25.0,1.0,0.75,57.0,141.07824692684562,0.1301411076297739,115.78427526299176,True
TILDEN AVE,218,124,124.0,51,47.0,1.0,30,7770.5810226887115,2.0,25.0,0.0,0.0,31.0,77.49849375803824,0.17696535739600044,115.7708443284389,True
HOOK CREEK BLVD,227,127,125.0,75,70.0,0.984251968503937,32,11712.07500926861,2.1639344262295084,25.0,0.0,0.0,61.0,75.80118267420325,0.18994598728028572,115.6548820700291,True
E 37 ST,426,116,111.0,70,64.0,0.9568965517241379,49,20964.93459992776,1.5217391304347827,25.0,1.0,0.75,46.0,136.18699433046388,0.16656198875885092,115.19519586653996,True
E 51 ST,334,138,136.0,56,55.0,0.9855072463768116,61,21304.489744744795,1.0588235294117647,25.0,0.0,0.0,34.0,71.28100310210318,0.3221870313439789,115.14837851790644,True
44 ST,334,103,103.0,56,54.0,1.0,72,26289.359646227065,1.3265306122448979,24.387755102040817,1.0,0.75,49.0,163.43114762440612,0.1965956826386081,114.88050271985462,True
51 ST,336,127,127.0,61,56.0,1.0,58,20340.522751634908,1.2619047619047619,24.761904761904763,0.0,0.0,42.0,82.87852206083079,0.2799083803625078,114.65002857084704,True
MERMAID AVE,235,126,125.0,45,39.0,0.9920634920634921,24,6479.789188765348,1.9090909090909092,25.0,0.0,0.0,22.0,63.7927263001588,0.17284905120057262,114.42038081440869,True
COURT ST,337,121,121.0,62,61.0,1.0,31,10566.618430172155,2.25,25.0,0.0,0.0,52.0,81.54675849735926,0.174340445444633,114.12170430219493,True
ROSEDALE AVE,316,154,125.0,64,60.0,0.8116883116883117,31,15070.069123720506,2.1551724137931036,25.0,0.0,0.0,58.0,69.48707504167638,0.19858897140146511,113.97574533303978,True
E 156 ST,286,110,110.0,56,53.0,1.0,36,9689.532307821231,1.7560975609756098,25.0,1.0,0.75,41.0,141.29278943246518,0.12397675897898093,113.87957861324874,True
70 ST,315,107,101.0,65,61.0,0.9439252336448598,77,30242.22640703514,1.164179104477612,24.70149253731343,1.0,0.75,67.0,162.4668129691987,0.2083909913968728,113.80913009265748,True
E 59 ST,473,137,129.0,62,60.0,0.9416058394160584,51,16470.036812851056,1.25,25.0,0.0,0.0,32.0,73.2986689693036,0.2787440683994097,113.47358437324141,True
E 106 ST,267,122,114.0,101,99.0,0.9344262295081968,19,5004.4747049744055,3.5,25.0,0.0,0.0,14.0,107.26266730138634,0.08957584791771243,113.39649771081795,True
MURDOCK AVE,255,117,113.0,47,43.0,0.9658119658119658,57,23289.910164011304,1.7820512820512822,25.0,0.0,0.0,78.0,113.69371043694166,0.21781588786583878,113.15110115474425,True
46 ST,329,125,122.0,63,58.0,0.976,75,29049.075523193915,1.2181818181818183,24.181818181818183,0.0,0.0,55.0,91.52272796394537,0.312795477296999,112.46684714677181,True
45 AVE,328,96,95.0,54,48.0,0.9895833333333334,69,25006.031835529513,1.7777777777777777,25.0,1.0,0.75,72.0,203.4535705581499,0.1585155950577127,112.19158227315876,True
AVE W,245,106,105.0,71,69.0,0.9905660377358491,52,16765.117073491194,2.0338983050847457,25.0,0.0,0.0,59.0,146.0199138182847,0.16513834227818858,111.7739605683457,True
GATEWAY DR,489,146,119.0,69,34.0,0.815068493150685,22,7170.163605202542,3.1,25.0,0.0,0.0,20.0,68.62179351391481,0.15115755328387695,111.38495356873342,True
FOUNTAIN AVE,297,133,129.0,55,45.0,0.9699248120300752,31,14542.31682910427,1.5,25.0,0.0,0.0,60.0,54.08208006966588,0.24149532077520725,110.90767289461266,True
REID AVE,290,146,145.0,26,26.0,0.9931506849315068,28,5651.522489205272,1.5789473684210527,25.0,0.0,0.0,19.0,34.6966512082347,0.30950770093857055,110.86026410963547,True
JAY ST,327,128,114.0,61,47.0,0.890625,17,5559.181421043267,2.032258064516129,25.0,1.0,0.75,31.0,81.89361244198668,0.10338276091298909,110.68075301131013,True
AUDUBON AVE,250,120,118.0,24,20.0,0.9833333333333333,28,7717.268031970893,2.0,25.0,0.0,0.0,33.0,74.54447461764461,0.1726195489335958,110.49872680982538,True
PUTNAM AVE,361,102,100.0,44,44.0,0.9803921568627451,65,21573.108394093764,1.3333333333333333,24.615384615384617,1.0,0.75,39.0,153.6423255866231,0.19027515998381048,110.20680208289835,True
BRONX BLVD,277,109,104.0,32,29.0,0.9541284403669725,44,16509.774955941826,1.9791666666666667,25.0,1.0,0.75,48.0,146.16899548577828,0.14324973026329696,110.04069722881194,True
CLAREMONT PKWY,235,118,113.0,68,65.0,0.9576271186440678,10,3576.225464516054,2.875,25.0,1.0,0.75,16.0,66.24320871431519,0.07736272921764865,109.38276701667945,True
168 ST,342,129,108.0,100,66.0,0.8372093023255814,61,28644.259618060016,1.9411764705882353,25.0,0.0,0.0,68.0,113.60976909565782,0.2297224939050157,109.28869014688578,True
DYCKMAN ST,327,128,125.0,45,42.0,0.9765625,13,4880.372453036323,1.9583333333333333,23.75,0.0,0.0,24.0,33.82052995905115,0.17593977930979526,108.95790416341137,True
E 56 ST,275,107,102.0,77,69.0,0.9532710280373832,58,20253.821269422526,1.7435897435897436,25.0,0.0,0.0,39.0,135.58506239568908,0.19198872274564374,108.4479532326811,True
188 ST,411,147,110.0,97,89.0,0.7482993197278912,44,20974.917639636973,1.8414634146341464,25.0,0.0,0.0,82.0,101.37108938304718,0.19425720742109426,108.32377192046452,True
SKILLMAN AVE,253,113,111.0,44,42.0,0.9823008849557522,46,14943.72547158269,1.8541666666666667,23.4375,0.0,0.0,48.0,97.03866380001666,0.20842402455066691,108.09012212109457,True
GREENE AVE,421,116,112.0,58,56.0,0.9655172413793104,76,22630.990401398092,1.288888888888889,24.444444444444443,0.0,0.0,45.0,98.74114529714002,0.2994849733870719,108.02917225217092,True
E 85 ST,247,114,114.0,47,47.0,1.0,42,12049.024769589589,1.65,25.0,0.0,0.0,20.0,84.82846962132331,0.21569294059759964,107.70790683089102,True
E 170 ST,306,114,110.0,68,66.0,0.9649122807017544,27,9978.526310402965,1.5909090909090908,25.0,1.0,0.75,44.0,90.1563682347306,0.142620681602887,107.16988771216059,True
ZEREGA AVE,316,118,105.0,45,31.0,0.8898305084745762,35,11795.97224688419,2.3076923076923075,25.0,0.0,0.0,52.0,120.36577548947022,0.1390538901346735,107.13667085674685,True
223 ST,224,105,105.0,31,28.0,1.0,53,25195.685227871087,1.9516129032258065,25.0,0.0,0.0,62.0,106.80734050073538,0.21606989468556032,105.39051187165484,True
45 ST,343,111,106.0,65,62.0,0.954954954954955,83,28670.397929143815,1.183673469387755,24.285714285714285,0.0,0.0,49.0,102.49108361318183,0.31025693559796436,104.91133435455632,True
FOREST HILL RD,184,102,99.0,52,49.0,0.9705882352941176,36,15272.803562314939,2.0,30.0,0.0,0.0,35.0,148.2450630973066,0.11885363397185086,104.85295470428798,True
42 ST,313,113,110.0,41,34.0,0.9734513274336283,74,27200.31572462039,1.1914893617021276,24.46808510638298,0.0,0.0,47.0,93.05456385989952,0.30637872093952445,104.80827894963362,True
72 ST,304,97,97.0,56,50.0,1.0,96,33965.14548864912,1.296875,24.609375,0.0,0.0,64.0,122.53134958271856,0.30322194499252997,104.74166547875615,True
35 ST,307,101,98.0,37,35.0,0.9702970297029703,55,19632.31845789278,1.3333333333333333,24.761904761904763,1.0,0.75,42.0,133.3727329413056,0.18636606723299703,104.5922771255542,True
E 94 ST,341,118,117.0,68,64.0,0.9915254237288136,60,18846.25967203481,1.1794871794871795,25.0,0.0,0.0,39.0,76.19447806925484,0.30429510192967196,104.58307954479042,True
25 AVE,255,91,86.0,35,27.0,0.945054945054945,63,26647.180582106776,1.8522727272727273,24.431818181818183,1.0,0.75,88.0,220.10758850117006,0.13717375562005413,104.39604157185428,True
HUMBOLDT ST,364,122,119.0,43,43.0,0.9754098360655737,35,11694.846138743345,1.4318181818181819,25.0,0.0,0.0,44.0,59.30147935296546,0.2468898203457936,104.26104296254398,True
KINGSTON AVE,299,131,127.0,62,57.0,0.9694656488549618,24,8156.877223871153,1.3103448275862069,25.0,0.0,0.0,29.0,38.39880588454171,0.2577003143307586,104.16744442636585,True
SMITH ST,292,125,123.0,86,82.0,0.984,35,11516.602852908354,1.3773584905660377,25.0,0.0,0.0,53.0,52.7245624400177,0.2693906122459431,104.06845684986483,True
BURKE AVE,201,102,97.0,34,30.0,0.9509803921568627,37,10717.152891718975,2.9,24.125,0.0,0.0,40.0,154.99496743584135,0.11707164959864383,103.78956650613358,True
VANDAM ST,515,169,137.0,19,11.0,0.8106508875739645,20,1462.9674364961625,1.0,25.0,0.0,0.0,3.0,25.71391965103676,0.30168573525491343,103.42657702628566,True
E 144 ST,222,112,108.0,24,22.0,0.9642857142857143,25,5820.363514664122,1.5384615384615385,25.0,1.0,0.75,26.0,76.65326930250583,0.15337140852998662,103.19230776011514,True
BAINBRIDGE AVE,360,119,110.0,65,61.0,0.9243697478991597,37,11265.3073529464,1.6206896551724137,25.344827586206897,0.0,0.0,29.0,76.88035521949148,0.2109321734011011,103.0140013441749,True
LITTLE NECK PKWY,318,120,96.0,52,40.0,0.8,57,35656.83271175998,2.026086956521739,25.0,0.0,0.0,115.0,131.41072208822837,0.1941510873400088,102.87503019692441,True
STORY AVE,274,105,104.0,55,53.0,0.9904761904761905,36,11316.272968054978,1.903225806451613,25.0,0.0,0.0,31.0,97.18274710717694,0.17064577491682437,102.83666459730024,True
FORT WASHINGTON AVE,317,111,109.0,60,56.0,0.9819819819819819,27,9342.952543864754,2.0,23.939393939393938,0.0,0.0,33.0,72.66461380867219,0.17107879838824638,102.78378579141476,True
SUNRISE HWY,172,111,104.0,32,29.0,0.9369369369369369,3,5817.1891312206335,2.7142857142857144,40.0,1.0,0.75,14.0,53.55805473411848,0.030173969395557197,102.47796628729492,True
CLINTON ST,306,103,99.0,70,67.0,0.9611650485436893,49,16545.624521116555,1.375,24.375,1.0,0.75,72.0,116.85189623443783,0.18891584383647794,102.37250604121007,True
83 ST,308,99,99.0,53,43.0,1.0,91,40155.581668128456,1.1142857142857143,24.785714285714285,0.0,0.0,70.0,109.18310408660072,0.31644665880039885,102.22240926442149,True
E 21 ST,368,107,105.0,74,59.0,0.9813084112149533,81,28258.469374150427,1.0816326530612246,25.0,0.0,0.0,49.0,95.8092905778498,0.31953845463438485,102.06321491425244,True
E 183 ST,218,108,106.0,46,44.0,0.9814814814814815,26,5753.165845939993,1.68,25.0,1.0,0.75,25.0,76.50590914846757,0.15879055195575076,101.3166170342521,True
114 ST,322,118,113.0,56,54.0,0.9576271186440678,42,18127.657945390176,1.5853658536585367,25.0,0.0,0.0,41.0,65.73356600325202,0.26193737000969447,100.61915458915502,True
EUCLID AVE,270,113,108.0,44,41.0,0.9557522123893806,28,9281.670955056707,2.0,25.0,0.0,0.0,27.0,65.73401703099327,0.1913293828640346,99.91327556239814,True
97 ST,267,109,104.0,53,45.0,0.9541284403669725,66,28599.535245776373,1.21875,24.6875,0.0,0.0,64.0,89.21464097571845,0.291239110937154,99.69392518288163,True
90 ST,281,113,111.0,61,57.0,0.9823008849557522,60,26837.78432080812,1.1147540983606556,25.0,0.0,0.0,61.0,74.09081666806757,0.310254403384029,99.54876334595956,True
118 AVE,181,95,95.0,35,35.0,1.0,48,13713.052029775765,2.04,25.0,0.0,0.0,50.0,118.42136548092618,0.18376698115902776,99.30407362905207,True
73 ST,338,99,97.0,57,53.0,0.9797979797979798,85,28984.790410780744,1.1886792452830188,24.528301886792452,0.0,0.0,53.0,102.98633076607858,0.314335362283108,98.88171545010182,True
W BURNSIDE AVE,192,110,109.0,27,26.0,0.990909090909091,10,2534.947012200382,2.1818181818181817,25.0,0.0,0.0,11.0,33.933991537849046,0.14066044981990725,98.44118148352888,True
E 168 ST,260,98,98.0,43,42.0,1.0,27,6490.974580197711,1.8275862068965518,25.0,1.0,0.75,29.0,97.95119692251346,0.13277808744426706,97.99352002070995,True
91 AVE,303,93,88.0,36,26.0,0.946236559139785,76,25793.231310194707,1.7731958762886597,25.0,0.0,0.0,97.0,128.36195759211142,0.24747886319337797,97.98873138115506,True
NEREID AVE,167,93,92.0,37,37.0,0.989247311827957,23,6363.084018487436,3.0344827586206895,25.0,1.0,0.75,29.0,184.22254500274812,0.06484979124150683,97.98061279118869,True
24 AVE,209,90,89.0,27,23.0,0.9888888888888889,64,26561.827494271158,1.7647058823529411,24.705882352941178,0.0,0.0,85.0,129.24290468618577,0.2157184968385143,97.68113890731959,True
212 ST,267,97,94.0,37,28.0,0.9690721649484536,50,27055.95934944514,1.9577464788732395,25.0,0.0,0.0,71.0,108.63731948187608,0.2035949932021918,96.98008496041086,True
E 177 ST,228,108,104.0,41,33.0,0.9629629629629629,17,19802.775186583054,1.9268292682926829,25.0,1.0,0.75,82.0,54.94544678168868,0.1466512928583561,96.80608634994562,True
59 ST,312,85,81.0,56,52.0,0.9529411764705882,72,25827.34860501762,1.2181818181818183,25.0,1.0,0.75,55.0,159.93472502276768,0.20003384782804806,96.78961677355312,True
STUYVESANT AVE,196,125,123.0,64,62.0,0.984,24,7093.382539660801,1.0740740740740742,25.0,0.0,0.0,27.0,32.42616166271745,0.29133793254999585,96.61240519569856,True
110 AVE,203,106,100.0,46,41.0,0.9433962264150944,43,16817.75981696999,1.8421052631578947,25.0,0.0,0.0,57.0,84.02264052776496,0.2213408883871179,96.46355706033516,True
SEAGIRT BLVD,323,153,97.0,41,34.0,0.6339869281045751,29,18410.45555580641,2.6491228070175437,25.0,0.0,0.0,57.0,92.08065280007416,0.1488876425477815,96.267569992529,True
BLEECKER ST,338,125,117.0,64,58.0,0.936,56,15879.725207257616,1.0980392156862746,24.11764705882353,0.0,0.0,51.0,57.593333347138014,0.3506830110902383,96.1670912593403,True
PAULDING AVE,195,95,94.0,32,30.0,0.9894736842105263,50,17989.879790121948,1.7777777777777777,25.0,0.0,0.0,54.0,104.24383740232098,0.21037061048214492,96.15500232800609,True
W TREMONT AVE,223,112,106.0,48,47.0,0.9464285714285714,12,4643.9124589060975,1.6470588235294117,25.0,1.0,0.75,34.0,38.79080439819815,0.1466326352107219,96.14493853851494,True
104 ST,318,128,124.0,68,65.0,0.96875,46,16672.019770715673,1.0666666666666667,24.416666666666668,0.0,0.0,60.0,45.77440831795987,0.3582271943989795,95.97746576154263,True
COLUMBIA ST,269,94,88.0,44,42.0,0.9361702127659575,33,12594.867060890476,2.3137254901960786,25.0,1.0,0.75,51.0,169.81425743324584,0.09742395200177867,95.97066828923771,True
EMMONS AVE,248,108,103.0,54,50.0,0.9537037037037037,25,12253.471323873486,1.8888888888888888,25.0,0.0,0.0,54.0,63.557030597439514,0.17930769249871248,95.92757217112955,True
66 ST,280,87,85.0,48,45.0,0.9770114942528736,60,22526.867701903004,1.3157894736842106,25.0,1.0,0.75,57.0,141.026601841966,0.19114503214045328,95.70920660980298,True
JEWEL AVE,276,125,99.0,53,49.0,0.792,37,19986.63684711761,1.9275362318840579,25.0,0.0,0.0,69.0,82.12842002519272,0.20015123845294985,95.62313237338434,True
39 AVE,376,92,85.0,60,54.0,0.9239130434782609,78,27767.4975650749,1.731958762886598,23.8659793814433,0.0,0.0,97.0,126.55928841390389,0.2550257305313241,95.59868788811782,True
SHORE RD,271,161,86.0,52,37.0,0.5341614906832298,42,43094.27686283831,1.91156462585034,25.64625850340136,1.0,0.75,147.0,160.85299911903937,0.12666156509171025,95.48099802022594,True
AVE C,274,117,105.0,54,48.0,0.8974358974358975,32,16571.53344903616,1.9428571428571428,24.0,0.0,0.0,70.0,61.934009671186544,0.2229916557935866,95.3966435081873,True
48 AVE,215,87,83.0,36,32.0,0.9540229885057471,71,24922.880957458623,1.84,24.2,0.0,0.0,100.0,137.8518001392581,0.22244361643351473,95.20143279086494,True
BATH AVE,221,94,92.0,62,60.0,0.9787234042553191,38,11667.365936069858,2.0,25.0,0.0,0.0,44.0,112.13681968006145,0.15840861345285895,95.18984568486877,True
130 AVE,200,85,83.0,35,32.0,0.9764705882352941,49,15487.051416729357,2.0875,25.0,1.0,0.75,80.0,171.7192244786038,0.13681213948829157,95.1378669146598,True
68 ST,302,107,97.0,56,50.0,0.9065420560747663,78,24660.100863718482,1.087719298245614,25.087719298245613,0.0,0.0,57.0,91.16909063456849,0.3221321973072336,95.12167635381422,True
57 AVE,268,84,83.0,51,45.0,0.9880952380952381,46,17995.543753803577,1.8571428571428572,25.0,1.0,0.75,56.0,175.45572013510179,0.12711312928531746,94.75233590670032,True
AVE A,196,96,95.0,63,61.0,0.9895833333333334,23,10549.758990785394,1.9714285714285715,22.857142857142858,1.0,0.75,35.0,92.2058018226351,0.12169114991583718,94.65997081070373,True
E 49 ST,263,102,101.0,58,58.0,0.9901960784313726,54,20247.014767447017,1.368421052631579,25.0,0.0,0.0,38.0,76.38261809505732,0.28196116773545127,94.0588542514928,True
E 12 ST,319,91,86.0,74,72.0,0.945054945054945,68,26985.347033381764,1.0625,24.609375,1.0,0.75,64.0,119.11066469589949,0.24075796253939447,93.97165617050982,True
46 AVE,223,89,85.0,37,36.0,0.9550561797752809,61,24345.286571798395,1.84,25.0,0.0,0.0,75.0,127.7528041205242,0.2096218189582517,93.96192056531011,True
E 29 ST,230,101,100.0,39,35.0,0.9900990099009901,61,25672.856141708176,1.1363636363636365,25.0,0.0,0.0,44.0,79.59723875749818,0.29857585910907064,93.90822803382278,True
W 230 ST,274,103,100.0,66,65.0,0.970873786407767,13,5395.575704392597,2.517857142857143,25.0,1.0,0.75,56.0,50.929352909612035,0.12417512824215812,93.9066461046254,True
147 AVE,188,92,91.0,46,44.0,0.9891304347826086,37,13665.435700862068,2.0714285714285716,25.0,0.0,0.0,56.0,106.1531811643192,0.16220011441349297,93.45784771858096,True
WOODSIDE AVE,198,90,88.0,54,49.0,0.9777777777777777,35,10556.178331486208,1.7692307692307692,24.23076923076923,1.0,0.75,52.0,126.24655790101988,0.13344086596500462,93.10365380649279,True
AVE B,194,103,101.0,26,25.0,0.9805825242718447,30,9318.242197753374,2.0,22.794117647058822,0.0,0.0,34.0,62.2626489603013,0.21112666457368734,92.82151228056836,True
E 38 ST,281,103,95.0,59,56.0,0.9223300970873787,62,20907.55607029142,1.2105263157894737,25.0,0.0,0.0,38.0,86.17144933487339,0.2855312652057021,92.47917275865376,True
E 54 ST,279,112,102.0,39,37.0,0.9107142857142857,56,19977.212334383275,1.1176470588235294,25.0,0.0,0.0,34.0,70.1438998469699,0.3072132000572438,92.21338553064356,True
36 AVE,225,95,95.0,52,48.0,1.0,42,15548.293942359134,1.7391304347826086,25.0,0.0,0.0,69.0,81.96002711552235,0.22156918710125556,92.11074380816387,True
41 ST,298,92,90.0,63,56.0,0.9782608695652174,76,28443.287456842176,1.1875,24.583333333333332,0.0,0.0,48.0,96.64252002758681,0.304011279168532,92.01940101048926,True
E 28 ST,252,96,96.0,59,55.0,1.0,64,25627.756887744563,1.1136363636363635,25.0,0.0,0.0,44.0,81.99980229811437,0.30241651673541897,91.76610897738854,True
28 AVE,223,88,87.0,63,57.0,0.9886363636363636,52,26411.448583415593,1.9189189189189189,24.324324324324323,0.0,0.0,74.0,107.36739597808781,0.2119859329151327,91.31760143746686,True
71 AVE,215,78,78.0,33,31.0,1.0,48,17150.74151509849,1.7966101694915255,25.0,1.0,0.75,59.0,180.1774915138705,0.12889946906483513,91.1706244065146,True
71 ST,283,88,84.0,42,41.0,0.9545454545454546,87,31389.78603877982,1.2203389830508475,24.576271186440678,0.0,0.0,59.0,106.96430720941656,0.3111881885184407,91.14622116107931,True
HOLLIS AVE,194,99,93.0,35,35.0,0.9393939393939394,38,10747.804517770119,2.0,25.0,0.0,0.0,61.0,83.34107566922175,0.20208098822595322,91.04811502603663,True
E 187 ST,218,95,94.0,63,61.0,0.9894736842105263,22,5358.309327223882,1.6666666666666667,25.0,1.0,0.75,27.0,72.70053389306341,0.14389742795900365,90.93506161031185,True
9 ST,231,92,90.0,38,36.0,0.9782608695652174,47,14795.468528914047,1.6666666666666667,25.0,0.0,0.0,27.0,94.26262389269434,0.2168836343846197,90.92449336186226,True
98 ST,278,94,93.0,51,46.0,0.9893617021276596,65,27527.874908830905,1.2352941176470589,24.607843137254903,0.0,0.0,51.0,85.17865238532015,0.29768487161848906,90.67170313944045,True
STERLING PL,299,85,81.0,45,39.0,0.9529411764705882,60,18145.09923861563,1.0666666666666667,24.333333333333332,1.0,0.75,30.0,126.37607738288936,0.20867994012091107,90.46907711118318,True
E 175 ST,270,100,94.0,58,54.0,0.94,27,7329.01921942839,1.3793103448275863,25.0,1.0,0.75,29.0,72.7514721634129,0.1709094551085901,90.36842568558919,True
SANFORD AVE,245,98,95.0,67,65.0,0.9693877551020408,31,10432.686400805243,1.8928571428571428,25.0,0.0,0.0,28.0,70.79052923223692,0.19564778872058092,90.2634705781916,True
75 AVE,173,78,74.0,22,19.0,0.9487179487179487,66,24414.186111741936,2.0384615384615383,25.0,0.0,0.0,78.0,161.9852112031667,0.1845479228087846,90.23748796543661,True
E 18 ST,285,82,76.0,49,44.0,0.926829268292683,70,27573.085455461875,1.108695652173913,25.0,1.0,0.75,46.0,142.0429151462111,0.21490356403256705,90.19285784402118,True
VARICK ST,391,94,93.0,48,47.0,0.9893617021276596,14,4838.825356354283,3.0952380952380953,25.0,0.0,0.0,21.0,63.87285929456576,0.10853239631062331,89.83876162156253,True
HUGUENOT AVE,159,80,77.0,41,40.0,0.9625,36,15721.519614323242,2.061224489795918,29.387755102040817,1.0,0.75,49.0,248.4566585580039,0.07448637293497429,89.77118461153603,True
ARCHER AVE,178,99,91.0,81,68.0,0.9191919191919192,24,7197.433623465717,2.4347826086956523,25.0,0.0,0.0,23.0,81.96365461405072,0.13988983456645412,89.73590713887423,True
RICHMOND HILL RD,212,102,92.0,39,37.0,0.9019607843137255,22,8904.220297935899,2.658536585365854,25.0,0.0,0.0,41.0,75.12615793764543,0.13990135318730149,89.63932666200779,True
E 52 ST,322,97,94.0,52,46.0,0.9690721649484536,67,22341.488218985854,1.0555555555555556,25.0,0.0,0.0,36.0,78.57571370954592,0.32139829256473057,89.04266072221849,True
NAGLE AVE,195,96,96.0,27,26.0,1.0,14,4282.753803193249,2.32,25.0,0.0,0.0,25.0,46.76796910723734,0.1425678040801625,88.9810974652121,True
162 ST,252,91,89.0,49,43.0,0.978021978021978,45,21109.16856741621,1.88,25.0,0.0,0.0,50.0,87.60790970374646,0.2219753308372356,88.69099029593382,True
36 ST,272,98,96.0,51,47.0,0.9795918367346939,58,21710.650714178137,1.146341463414634,24.75609756097561,0.0,0.0,41.0,72.00518068166056,0.3091111062187784,88.58293485698839,True
E 93 ST,305,93,90.0,48,46.0,0.967741935483871,63,18973.18125035966,1.2325581395348837,25.0,0.0,0.0,43.0,83.81546845669267,0.2945336047780566,88.17844763068608,True
S ST,263,102,85.0,27,24.0,0.8333333333333334,29,13615.51985050139,2.0285714285714285,25.0,1.0,0.75,70.0,109.77964801639102,0.12795498665002336,88.1706795311296,True
LONGWOOD AVE,221,87,84.0,70,70.0,0.9655172413793104,15,3752.9764553234418,4.0,25.0,1.0,0.75,19.0,171.52555299301673,0.046323936962353235,88.05452819944361,True
63 ST,314,86,86.0,60,57.0,1.0,70,23852.756916445065,1.2653061224489797,25.0,0.0,0.0,49.0,92.02676692866655,0.2970119710036782,87.79002192426303,True
ADEE AVE,146,89,89.0,40,35.0,1.0,34,9674.151787034762,1.9772727272727273,23.636363636363637,0.0,0.0,44.0,81.78930763857433,0.18758652993111047,87.6473712415194,True
WILLOUGHBY AVE,319,96,96.0,40,34.0,1.0,54,17921.643710296612,1.069767441860465,25.0,0.0,0.0,43.0,68.5058970178409,0.3045086745918895,87.62780714180981,True
E 7 ST,233,74,73.0,44,38.0,0.9864864864864865,70,27733.339035914476,1.1153846153846154,24.615384615384617,1.0,0.75,52.0,139.76405254785513,0.21764494986607066,87.53085886963363,True
BAY RIDGE AVE,268,83,83.0,51,49.0,1.0,56,17542.72281208528,1.6875,25.0,0.0,0.0,32.0,99.4668472003273,0.23822132446037933,86.92275414974866,True
RIVER AVE,231,98,96.0,47,37.0,0.9795918367346939,18,7271.78930588091,2.0,25.0,0.0,0.0,20.0,45.17811593976835,0.18120211094730404,86.79096732596688,True
54 ST,231,88,87.0,65,61.0,0.9886363636363636,68,23591.661945695032,1.1956521739130435,24.565217391304348,0.0,0.0,46.0,84.66678697341226,0.30848771936659836,86.28023243463151,True
PATCHEN AVE,197,99,96.0,28,28.0,0.9696969696969697,19,5098.186201370481,2.0,25.0,0.0,0.0,21.0,44.724845390700395,0.19091535560120365,86.21078562425888,True
W 170 ST,207,101,98.0,37,31.0,0.9702970297029703,20,5128.185040397529,1.8,25.0,0.0,0.0,20.0,41.740856653919415,0.210198166808174,86.17443120245557,True
E 58 ST,304,106,90.0,53,48.0,0.8490566037735849,50,15710.547307258363,1.3333333333333333,25.0,0.0,0.0,30.0,73.56913354688943,0.2740469835823319,85.49717061088091,True
E 105 ST,227,79,78.0,20,17.0,0.9873417721518988,35,11488.178313801329,1.7575757575757576,25.0,1.0,0.75,33.0,138.21462855058982,0.12331098009740284,85.42512486277428,True
E 3 ST,276,73,71.0,48,38.0,0.9726027397260274,71,24745.24123166053,1.048780487804878,24.51219512195122,1.0,0.75,41.0,132.57102807335252,0.2292728100511056,85.11656262411304,True
38 AVE,255,79,79.0,39,31.0,1.0,62,24005.552696116887,1.705128205128205,24.67948717948718,0.0,0.0,78.0,103.23154223769126,0.25014797498377606,85.06147122149231,True
52 ST,252,76,73.0,54,51.0,0.9605263157894737,56,19193.674350004454,1.3421052631578947,24.342105263157894,1.0,0.75,38.0,135.82848970244092,0.1863316840869523,84.70693829489556,True
PRESIDENT ST,248,82,80.0,28,28.0,0.975609756097561,66,20402.346460025332,1.2058823529411764,25.0,0.0,0.0,34.0,96.63389436911316,0.2750284247888469,84.57479376644126,True
E 188 ST,217,97,96.0,55,54.0,0.9896907216494846,18,4968.123616032608,1.6363636363636365,25.0,0.0,0.0,22.0,38.682980528912985,0.20537852209717086,84.22831525001338,True
LORIMER ST,240,89,86.0,44,43.0,0.9662921348314607,34,11520.406770862559,1.9024390243902438,25.0,0.0,0.0,41.0,76.92844391458839,0.19710326196878733,84.21196670443257,True
PEARL ST,284,93,81.0,28,27.0,0.8709677419354839,32,10532.897660087232,1.8387096774193548,25.0,1.0,0.75,62.0,102.48968009023487,0.14779393443459854,84.17604437027667,True
E 27 ST,187,77,77.0,37,36.0,1.0,50,20802.55404332719,1.1891891891891893,25.0,1.0,0.75,37.0,112.2339221410771,0.19836486713617812,83.9891722842012,True
OGDEN AVE,256,94,94.0,17,16.0,1.0,16,5772.408127652898,2.0,25.0,0.0,0.0,14.0,39.3693640539667,0.1841646428529364,83.93896844216998,True
ALLEN ST,226,96,94.0,30,29.0,0.9791666666666666,14,6762.860973677316,2.3181818181818183,25.0,0.0,0.0,22.0,36.369884334818614,0.1761479159713307,83.84857522839155,True
E 17 ST,271,80,79.0,63,54.0,0.9875,70,28011.88797183419,1.4,25.0,0.0,0.0,60.0,95.46896284746099,0.2894022069920266,83.76615419492491,True
38 ST,366,94,89.0,67,65.0,0.9468085106382979,59,21839.0980271809,1.1944444444444444,24.305555555555557,0.0,0.0,36.0,72.08983539756464,0.3125211770878447,83.7152154536977,True
JOHNSON AVE,283,90,83.0,40,38.0,0.9222222222222223,44,15066.868918031323,1.7435897435897436,25.0,0.0,0.0,39.0,85.3165099303308,0.2226721776907012,83.5158223108289,True
RIDGEWOOD AVE,197,98,96.0,43,37.0,0.9795918367346939,32,11400.311893733802,1.3428571428571427,25.0,0.0,0.0,35.0,48.671570049605684,0.26750027700488854,83.33963187806306,True
E 184 ST,202,100,100.0,39,38.0,1.0,17,4866.962435488138,1.7619047619047619,25.0,0.0,0.0,21.0,30.02227153106227,0.2392657315484644,83.2567276057798,True
E 13 ST,292,92,86.0,53,49.0,0.9347826086956522,64,22949.20567388117,1.1794871794871795,24.358974358974358,0.0,0.0,39.0,76.59802050352914,0.31698305898873935,83.01973177865926,True
JEFFERSON AVE,270,77,75.0,30,29.0,0.974025974025974,64,22408.725775215098,1.5128205128205128,25.0,0.0,0.0,39.0,107.12456621160412,0.2491609155631211,83.00418632935138,True
W 43 ST,283,90,87.0,52,49.0,0.9666666666666667,21,6372.8629519357355,1.4,25.0,1.0,0.75,10.0,60.94584245777988,0.16064370467283917,82.81456361028796,True
E 95 ST,306,91,86.0,54,52.0,0.945054945054945,59,18766.21669114961,1.105263157894737,25.0,0.0,0.0,38.0,74.75767378010066,0.3047673998958094,82.5737054691808,True
CLINTON AVE,232,93,83.0,40,36.0,0.8924731182795699,48,15772.45030351192,1.6136363636363635,25.0,0.0,0.0,44.0,81.05104170675133,0.24752405295944038,82.51758594420617,True
104 AVE,166,76,75.0,24,21.0,0.9868421052631579,53,15884.933941779798,1.8983050847457628,25.0,0.0,0.0,59.0,108.92968807000595,0.21275573052526672,82.21873557182853,True
E 26 ST,210,88,87.0,44,40.0,0.9886363636363636,57,24706.911783635245,1.1162790697674418,25.0,0.0,0.0,43.0,70.60150508064247,0.3096014154277844,81.92300276208158,True
W 30 ST,358,96,90.0,51,50.0,0.9375,26,8346.843161729812,1.6666666666666667,25.0,0.0,0.0,15.0,50.79223335160082,0.2213821271803525,81.32010121738651,True
W 37 ST,278,82,79.0,60,55.0,0.9634146341463414,28,8705.277513465202,1.8636363636363635,25.0,1.0,0.75,22.0,94.07240337660046,0.14187012810949268,81.13832379795625,True
E 102 ST,285,85,83.0,50,45.0,0.9764705882352941,38,11674.58181751254,1.4166666666666667,25.0,0.0,0.0,24.0,73.18151757038677,0.2238551597006668,80.80208204770074,True
E 79 ST,227,78,78.0,54,47.0,1.0,24,8176.008400070826,3.142857142857143,25.0,0.0,0.0,14.0,101.23909704069263,0.11635450320362313,80.70397359107058,True
LIVINGSTON ST,211,89,84.0,54,52.0,0.9438202247191011,16,4163.921036082134,2.6666666666666665,24.583333333333332,0.0,0.0,12.0,58.742061563053376,0.13140983107371132,80.68085857673064,True
E BURNSIDE AVE,204,120,112.0,49,45.0,0.9333333333333333,8,5035.75208090059,1.4230769230769231,25.0,0.0,0.0,26.0,9.916013295580273,0.30944984160710043,80.41012648369596,True
65 PL,208,73,73.0,50,50.0,1.0,29,10238.58938172002,2.3333333333333335,25.0,1.0,0.75,33.0,147.31821745772535,0.09856405517414156,80.32510488594708,True
E 4 ST,243,83,82.0,50,46.0,0.9879518072289156,71,25095.525048244443,1.0526315789473684,24.473684210526315,0.0,0.0,38.0,76.96721186000417,0.3387918431833558,80.29493242969947,True
TIFFANY ST,237,77,75.0,66,65.0,0.974025974025974,25,8622.334393889347,1.9259259259259258,25.0,1.0,0.75,27.0,127.08137170417201,0.09850608589630568,80.13033207468858,True
E KINGSBRIDGE RD,180,94,91.0,39,34.0,0.9680851063829787,10,4996.775052571702,2.5,25.0,0.0,0.0,30.0,26.806891613227556,0.1716387900422063,79.98197254744618,True
155 ST,195,78,78.0,25,21.0,1.0,47,20197.578174712417,1.8103448275862069,25.0,0.0,0.0,58.0,84.93597406533279,0.23510015193196798,79.63064855655593,True
LINCOLN AVE,258,61,60.0,55,52.0,0.9836065573770492,55,17296.026186823787,2.0392156862745097,25.0,1.0,0.75,51.0,222.41491818293775,0.12076617526607066,79.61422847510518,True
FRANKLIN ST,185,83,80.0,33,32.0,0.963855421686747,24,7178.78335449276,1.5862068965517242,25.0,1.0,0.75,29.0,76.76380517614979,0.14796364515286914,79.52116081743827,True
E 36 ST,255,88,84.0,35,33.0,0.9545454545454546,34,12295.406882226887,1.6923076923076923,25.0,0.0,0.0,26.0,64.09124625414726,0.22759690613539704,79.46882924243242,True
222 ST,170,76,71.0,34,34.0,0.9342105263157895,52,25565.998449973882,2.0428571428571427,25.0,0.0,0.0,70.0,111.98398073093958,0.20503860185383677,79.40329810747643,True
95 AVE,232,72,71.0,34,30.0,0.9861111111111112,66,18809.6226294426,1.5949367088607596,25.0,0.0,0.0,79.0,102.91077767516379,0.2626595893190143,79.3816717590089,True
199 ST,157,81,80.0,17,14.0,0.9876543209876543,37,17475.98515088019,1.9393939393939394,25.0,0.0,0.0,33.0,75.0253906651067,0.2150259625479741,78.93032983946443,True
BRIGHTON BEACH AVE,211,78,77.0,38,38.0,0.9871794871794872,17,4319.77469940362,3.3076923076923075,25.0,0.0,0.0,26.0,94.47837772842855,0.09086317197697531,78.58814084141673,True
W BROADWAY,229,80,80.0,51,49.0,1.0,24,6346.191499789456,2.0833333333333335,25.0,0.0,0.0,24.0,70.78626143826267,0.15847827864397068,78.53982257286029,True
W 36 ST,364,81,77.0,58,52.0,0.9506172839506173,26,8052.238928783182,1.894736842105263,25.0,1.0,0.75,19.0,87.45323674943882,0.14173049138086607,78.48154238101849,True
E 172 ST,250,70,70.0,58,58.0,1.0,40,10320.98906378598,1.7608695652173914,23.91304347826087,1.0,0.75,46.0,125.30101637002814,0.1506102597003774,78.32890043718476,True
MACE AVE,116,73,73.0,30,28.0,1.0,36,10147.903852484536,2.097560975609756,25.0,0.0,0.0,41.0,106.57777943146853,0.15797947316651179,78.30459990468474,True
YELLOWSTONE BLVD,247,80,76.0,49,46.0,0.95,33,11297.893265761077,1.9298245614035088,25.0,0.0,0.0,57.0,89.24505225630297,0.17039059110232294,78.25683228313262,True
69 AVE,180,67,67.0,17,15.0,1.0,69,30054.58070209404,1.5405405405405406,25.0,0.0,0.0,111.0,110.35907927014351,0.2577652878414265,78.17646554860777,True
55 ST,250,71,69.0,48,46.0,0.971830985915493,74,21632.97410331914,1.25,24.65909090909091,0.0,0.0,44.0,99.96575600746621,0.29136872314521467,78.02245278912169,True
E 141 ST,178,87,84.0,32,32.0,0.9655172413793104,28,6890.808642921629,1.7391304347826086,25.0,0.0,0.0,23.0,56.2637232332915,0.21655969174342918,77.99344045329117,True
BRONXDALE AVE,202,76,73.0,44,44.0,0.9605263157894737,23,5994.961543870299,3.5238095238095237,25.0,0.0,0.0,21.0,127.72016491966593,0.09093012355860253,77.97571135729233,True
W 41 ST,331,84,78.0,42,40.0,0.9285714285714286,20,5491.359324043315,1.8,25.0,1.0,0.75,10.0,75.26930584748717,0.12860795295521874,77.64881101489854,True
E 39 ST,229,92,89.0,56,55.0,0.967391304347826,39,13044.515213391038,1.125,25.0,0.0,0.0,24.0,50.77901576213599,0.2990334498928785,77.5706472250502,True
75 ST,241,84,81.0,40,36.0,0.9642857142857143,65,24064.509687603542,1.1538461538461537,24.23076923076923,0.0,0.0,52.0,70.67000905114648,0.3381348186080668,77.50707038428644,True
E 241 ST,175,85,82.0,41,39.0,0.9647058823529412,17,6933.4758465583955,2.3793103448275863,25.0,0.0,0.0,29.0,51.222827348869295,0.15565027430029005,77.20952463466412,True
127 ST,216,75,74.0,50,48.0,0.9866666666666667,51,23197.7461536897,1.653061224489796,25.0,0.0,0.0,49.0,85.88187145099695,0.24803306069404937,76.94709694276402,True
E 181 ST,200,95,95.0,38,33.0,1.0,30,8209.648699594783,1.1,25.0,0.0,0.0,30.0,36.53547572174855,0.31322831704066395,76.68725545374026,True
149 AVE,159,72,67.0,21,21.0,0.9305555555555556,47,18541.240827729504,1.9545454545454546,25.0,0.0,0.0,66.0,121.60640461399774,0.17673521662063316,76.65087474832883,True
23 ST,233,75,73.0,41,38.0,0.9733333333333334,61,20466.24666827306,1.2105263157894737,24.67105263157895,0.0,0.0,76.0,85.82901374663548,0.28303297845992575,76.63103397141357,True
WILLIAMS AVE,225,91,87.0,31,30.0,0.9560439560439561,34,10212.244794268674,1.36,24.4,0.0,0.0,25.0,49.05048769679623,0.2779861989294877,76.45055932360455,True
SCHENCK AVE,180,89,84.0,36,34.0,0.9438202247191011,30,10218.545367493278,1.44,25.0,0.0,0.0,25.0,52.20052154818141,0.24197567239708553,76.30529981974456,True
96 ST,213,79,77.0,28,23.0,0.9746835443037974,61,23444.031011625964,1.103448275862069,24.913793103448278,0.0,0.0,58.0,74.12950117940437,0.3136902770488519,76.09955242969896,True
E 108 ST,233,75,75.0,51,44.0,1.0,34,9697.025830189825,1.8620689655172413,25.0,0.0,0.0,29.0,79.34805926318671,0.19224834631386126,75.83590720302232,True
E 35 ST,300,81,75.0,38,35.0,0.9259259259259259,56,21571.620210007175,1.2619047619047619,25.0,0.0,0.0,42.0,77.88349416152036,0.28539708450044327,75.82294082687197,True
E 166 ST,187,78,78.0,29,28.0,1.0,23,6423.869462437099,1.3793103448275863,25.0,1.0,0.75,29.0,64.43807468785758,0.16545413921912164,75.75612332132546,True
PRINCE ST,279,77,76.0,65,63.0,0.987012987012987,32,8865.60999545197,1.4634146341463414,25.0,1.0,0.75,41.0,74.2459536804319,0.1931562539837801,75.66119498359818,True
26 AVE,210,72,55.0,41,14.0,0.7638888888888888,53,25447.827107496352,1.9736842105263157,25.0,1.0,0.75,76.0,248.69557435126464,0.10584334900268615,75.50138827633664,True
DAHILL RD,204,72,71.0,40,38.0,0.9861111111111112,37,12359.86374894224,1.930232558139535,25.0,0.0,0.0,43.0,95.9039877640477,0.17647526914656952,75.39493794348319,True
E 48 ST,197,87,84.0,30,28.0,0.9655172413793104,47,18771.727355101884,1.1176470588235294,25.0,0.0,0.0,34.0,56.2328762535693,0.31705541502893975,75.19628305641548,True
67 ST,255,66,65.0,40,34.0,0.9848484848484849,76,24212.24289915066,1.1923076923076923,25.0,0.0,0.0,52.0,99.11452981226722,0.29869374524277426,75.18979667682237,True
123 ST,187,75,74.0,43,42.0,0.9866666666666667,53,21873.324815328142,1.4545454545454546,25.0,0.0,0.0,44.0,78.27495717328,0.2733048970648698,75.16836673020002,True
146 ST,190,73,73.0,42,38.0,1.0,51,20709.637798145694,1.5961538461538463,25.0,0.0,0.0,52.0,80.54122932375424,0.26020049008898344,74.96223156591427,True
E 19 ST,261,67,64.0,55,46.0,0.9552238805970149,76,27331.412839265133,1.1363636363636365,25.0,0.0,0.0,44.0,100.17987764198148,0.29645900801531977,74.72585063585747,True
HERKIMER ST,238,80,77.0,25,21.0,0.9625,48,14301.52198123808,1.1875,25.0,0.0,0.0,48.0,67.8107040682092,0.28221472846990214,74.40664534378008,True
11 ST,250,79,72.0,43,36.0,0.9113924050632911,48,17711.128285078343,1.64,25.0,0.0,0.0,50.0,81.54267253935417,0.24639941482604377,74.35130892957342,True
56 ST,246,70,66.0,43,39.0,0.9428571428571428,69,22761.87879660312,1.24,24.6,0.0,0.0,50.0,93.03258128305839,0.29176517170959304,73.88716571980505,True
243 ST,134,80,78.0,15,15.0,0.975,28,12814.65428621691,2.0232558139534884,25.0,0.0,0.0,43.0,58.336052276945686,0.21048590992575839,73.86101607078037,True
ASHFORD ST,188,86,83.0,56,56.0,0.9651162790697675,34,10803.94037336371,1.4814814814814814,25.0,0.0,0.0,27.0,49.47019858524009,0.2762793275524501,73.73640901216294,True
E 10 ST,220,72,72.0,45,44.0,1.0,60,17367.516656990992,1.3548387096774193,23.548387096774192,0.0,0.0,31.0,77.48182447373,0.3007598783331272,73.6487128617626,True
W 46 ST,259,82,78.0,61,57.0,0.9512195121951219,22,6235.506757287274,1.1818181818181819,25.0,1.0,0.75,11.0,53.788695160673974,0.18512491081552068,73.51788435089239,True
W 14 ST,202,77,72.0,36,33.0,0.935064935064935,15,4832.926035476972,3.727272727272727,25.0,0.0,0.0,11.0,82.4361698896625,0.09179125001307518,72.95794907952094,True
MONTGOMERY ST,200,65,64.0,26,25.0,0.9846153846153847,37,10640.850890100699,1.6666666666666667,25.0,1.0,0.75,30.0,127.55256500314168,0.1387640114176422,72.8188088557164,True
172 ST,178,69,68.0,22,20.0,0.9855072463768116,56,24298.685624611557,1.5588235294117647,25.0,0.0,0.0,68.0,85.94143418723223,0.2657492186919753,72.76792211747046,True
HANCOCK ST,240,75,75.0,41,38.0,1.0,55,18375.244161159375,1.0714285714285714,25.0,0.0,0.0,28.0,67.18018236343883,0.31259218948117684,72.55558608364382,True
E 173 ST,255,87,81.0,44,35.0,0.9310344827586207,30,7018.385732500324,1.7096774193548387,24.193548387096776,0.0,0.0,31.0,48.097071190636385,0.25730810077775684,72.5338098780369,True
SLOSSON AVE,118,77,73.0,36,36.0,0.948051948051948,17,5428.6778288099085,3.0,25.0,0.0,0.0,22.0,68.9322650788352,0.12047982472861042,72.50992000965562,True
57 ST,263,71,68.0,43,35.0,0.9577464788732394,65,22625.94434282043,1.1555555555555554,24.666666666666668,0.0,0.0,45.0,81.96830220712356,0.3057788321685902,72.27121113627219,True
ARNOW AVE,120,71,71.0,36,31.0,1.0,30,9602.230315275538,2.0256410256410255,24.102564102564102,0.0,0.0,39.0,77.15887333847799,0.17760594147155612,72.09385249768445,True
E 182 ST,172,81,78.0,36,35.0,0.9629629629629629,25,6308.961892885549,1.6333333333333333,25.0,0.0,0.0,30.0,50.29959296786433,0.2163433343452793,72.00720157994634,True
148 ST,194,69,66.0,54,51.0,0.9565217391304348,47,22943.594059375955,2.016949152542373,25.0,0.0,0.0,59.0,92.94069265126757,0.2192919776403105,71.90787777049624,True
AUSTIN ST,334,77,76.0,38,37.0,0.987012987012987,46,17686.620523734073,1.392156862745098,25.0,0.0,0.0,51.0,61.71258946350487,0.29279875577220577,71.81666397170751,True
ADAMS ST,282,78,75.0,54,49.0,0.9615384615384616,20,13118.25370733559,1.675,25.0,1.0,0.75,40.0,55.740929794717516,0.16617728456863878,71.79958000996939,True
KINGSLAND AVE,238,75,69.0,20,19.0,0.92,41,15870.752314935642,1.829268292682927,24.390243902439025,0.0,0.0,41.0,81.1835074875189,0.2190650340417965,71.66898048250181,True
ARLINGTON AVE,153,84,84.0,29,28.0,1.0,38,14722.682052759354,1.2894736842105263,24.736842105263158,0.0,0.0,38.0,44.63069784464205,0.32107870314141473,71.35935552037516,True
E 16 ST,238,68,66.0,55,51.0,0.9705882352941176,66,21476.971066832743,1.170731707317073,25.0,0.0,0.0,41.0,83.29203110790691,0.3056190539530378,71.28477418812501,True
INTERVALE AVE,137,73,73.0,25,24.0,1.0,21,6879.388035290327,2.5348837209302326,25.0,0.0,0.0,43.0,61.90113908420949,0.1585576403979153,71.24019080208761,True
62 ST,288,63,62.0,49,40.0,0.9841269841269841,74,28250.26469217437,1.1730769230769231,25.0,0.0,0.0,52.0,90.30505722942895,0.31278921152524214,70.85351653296993,True
167 ST,189,63,62.0,18,16.0,0.9841269841269841,57,26325.445218831504,1.728813559322034,25.0,0.0,0.0,59.0,98.25426739184917,0.2437017629314976,70.83522887718355,True
E 55 ST,254,75,74.0,42,38.0,0.9866666666666667,51,19957.019324214034,1.1111111111111112,25.0,0.0,0.0,36.0,63.192509114258925,0.309524484137037,70.65481695877526,True
PROSPECT PL,267,73,70.0,41,37.0,0.958904109589041,59,18895.935865625295,1.1818181818181819,24.393939393939394,0.0,0.0,33.0,70.55287535647365,0.31716996704744166,70.17535545859408,True
CITY ISLAND AVE,169,82,68.0,23,22.0,0.8292682926829268,27,7793.587726707414,2.1333333333333333,25.0,0.0,0.0,30.0,81.31811359717479,0.1557081106245565,70.0737383052993,True
W 49 ST,195,74,73.0,48,46.0,0.9864864864864865,21,6232.795463719045,1.4545454545454546,25.0,1.0,0.75,11.0,55.864715114758155,0.17273110476316786,70.04020331134056,True
50 AVE,211,58,57.0,25,18.0,0.9827586206896551,61,25943.95885686879,1.7619047619047619,24.428571428571427,0.0,0.0,105.0,112.40579558467455,0.2316131462449375,69.83271063557034,True
W 31 ST,284,81,77.0,58,56.0,0.9506172839506173,26,6383.844975755251,1.5833333333333333,25.0,0.0,0.0,12.0,46.39378122027787,0.23738825011575387,69.73444328122184,True
53 ST,208,69,68.0,50,49.0,0.9855072463768116,58,18593.283901764622,1.1333333333333333,24.833333333333332,0.0,0.0,30.0,72.66727829343297,0.30715977573115394,69.43360015388576,True
LEFFERTS AVE,155,68,68.0,25,19.0,1.0,27,8086.32605618849,2.0,25.0,0.0,0.0,13.0,76.3738307862169,0.16413382466851612,69.37442887406876,True
E 63 ST,274,84,77.0,44,43.0,0.9166666666666666,33,11067.095760006605,1.44,25.0,0.0,0.0,25.0,48.87861766216523,0.2727299700575461,69.33045623702553,True
MOTT AVE,255,78,73.0,45,44.0,0.9358974358974359,27,8319.642853077672,1.972972972972973,25.0,0.0,0.0,37.0,55.58825510677155,0.2124670564377188,69.30057781509127,True
W 39 ST,252,76,69.0,39,35.0,0.9078947368421053,20,5846.6544201497545,1.6,25.0,1.0,0.75,15.0,70.5333406811682,0.13606833832371756,69.20863911857072,True
LAFAYETTE ST,248,72,68.0,44,39.0,0.9444444444444444,26,9238.363649558622,2.1875,25.0,0.0,0.0,32.0,75.2283666505767,0.16105286644121894,69.16414916876349,True
E 132 ST,172,80,76.0,26,25.0,0.95,21,6572.314033780562,2.0,25.0,0.0,0.0,20.0,43.22801809618097,0.21249527872649865,69.0361085709282,True
HUDSON ST,290,69,65.0,42,37.0,0.9420289855072463,29,10126.409242710912,2.25,25.0,0.0,0.0,52.0,92.0897347082925,0.14887514520122064,69.03298818815959,True
HICKS ST,323,72,65.0,50,45.0,0.9027777777777778,41,16422.235712172816,1.484375,23.90625,1.0,0.75,64.0,83.45911876530302,0.21437242835337517,68.95712611498136,True
EXTERIOR ST,345,139,72.0,75,36.0,0.5179856115107914,20,15324.849169039899,1.5909090909090908,25.0,1.0,0.75,66.0,53.80357063298352,0.1711369624804454,68.88591835013882,True
W 47 ST,260,78,75.0,41,37.0,0.9615384615384616,22,6168.826190377846,1.0,25.0,1.0,0.75,9.0,45.80322114374964,0.21060289544001287,68.85107383535193,True
E 112 ST,154,76,76.0,44,39.0,1.0,12,3499.2143927322268,2.0,25.0,0.0,0.0,8.0,33.0265419900696,0.1679273833869063,68.7835796413053,True
ROEBLING ST,155,77,74.0,40,38.0,0.961038961038961,17,5514.686420523954,2.2,25.0,0.0,0.0,30.0,43.863350083823676,0.1771395245124673,68.66160816344984,True
221 ST,136,56,55.0,26,24.0,0.9821428571428571,46,24910.030044293697,1.9577464788732395,25.0,1.0,0.75,71.0,147.14843666073492,0.14794838598062907,68.63321247459396,True
W 55 ST,238,84,80.0,52,49.0,0.9523809523809523,22,6333.365423940815,1.25,25.0,0.0,0.0,12.0,35.353014086582206,0.25686551315176603,68.53172905267027,True
LOTT AVE,133,78,77.0,24,23.0,0.9871794871794872,16,3890.9752875872546,2.0,25.0,0.0,0.0,15.0,34.53357390531998,0.20467516512257686,68.30817722690566,True
W 165 ST,214,73,73.0,30,29.0,1.0,18,4843.523851547776,1.45,25.0,1.0,0.75,20.0,45.78576607411838,0.17922828548394193,68.12243951270531,True
157 ST,226,56,54.0,32,29.0,0.9642857142857143,61,27637.3202768097,1.9285714285714286,25.0,0.0,0.0,70.0,114.80552956570922,0.2278750447375559,67.85606277007678,True
ROCKLAND AVE,143,71,69.0,24,20.0,0.971830985915493,29,13466.476115504345,2.0,25.0,0.0,0.0,53.0,62.20965278982095,0.2056746595030881,67.60339764963868,True
W 40 ST,401,69,66.0,69,64.0,0.9565217391304348,22,6409.80076391391,1.875,25.0,1.0,0.75,16.0,77.70537121466926,0.13588873536168553,67.59062809130049,True
CLAY AVE,201,74,73.0,32,30.0,0.9864864864864865,21,8353.227215666242,1.71875,25.0,0.0,0.0,32.0,45.69109316414751,0.20336987452121266,67.44619104348119,True
29 ST,288,64,62.0,46,41.0,0.96875,61,18930.69379538796,1.2272727272727273,24.886363636363637,0.0,0.0,44.0,80.34913969869521,0.29661055421581944,67.44254849541348,True
E 40 ST,198,81,75.0,42,40.0,0.9259259259259259,39,14681.283693773277,1.1515151515151516,25.0,0.0,0.0,33.0,49.71016613902549,0.30351166562993603,67.32424040135128,True
NASSAU EXPY,545,395,61.0,156,62.0,0.15443037974683543,14,43233.384957860035,2.425,41.875,1.0,0.75,80.0,316.30923406223894,0.02399443931511613,67.12600192329516,True
97 AVE,161,63,63.0,35,29.0,1.0,52,17607.487845837975,1.5205479452054795,25.0,0.0,0.0,73.0,77.71120807881874,0.2709636414643772,66.98620251137689,True
51 AVE,190,55,55.0,29,28.0,1.0,55,24054.72069288537,1.7380952380952381,25.357142857142858,0.0,0.0,84.0,108.80255530632797,0.2192256162033646,66.79489834034536,True
GERRITSEN AVE,133,60,59.0,29,27.0,0.9833333333333333,28,10873.192052421819,2.5,25.0,0.0,0.0,32.0,133.82913605200926,0.10411252317788007,66.79065016159555,True
90 AVE,192,50,50.0,56,40.0,1.0,72,27726.164398386834,1.6063829787234043,25.0,0.0,0.0,94.0,115.04377440844436,0.25795403755601,66.7783042265405,True
HENRY ST,283,60,57.0,27,26.0,0.95,50,15484.859195878538,1.3333333333333333,23.88888888888889,1.0,0.75,63.0,102.95267814209393,0.2124484224281961,66.76257397763851,True
BENSON AVE,151,62,62.0,38,38.0,1.0,36,10202.880086541203,1.8205128205128205,25.0,0.0,0.0,39.0,86.84734564345015,0.1871530400604501,66.65025627460449,True
E 15 ST,202,65,65.0,28,25.0,1.0,57,19414.72888602034,1.121212121212121,25.0,0.0,0.0,33.0,70.24486929688047,0.3106849206895867,66.62950180152855,True
W 6 ST,145,59,58.0,33,33.0,0.9830508474576272,30,10488.954601687235,3.142857142857143,25.0,0.0,0.0,21.0,132.18834994822117,0.1119462327393063,66.30510628984867,True
E 179 ST,164,77,76.0,27,27.0,0.987012987012987,32,8758.311979937866,1.1290322580645162,25.0,0.0,0.0,31.0,42.64161231701238,0.29419880253965774,66.18600228901137,True
E 176 ST,206,75,73.0,39,36.0,0.9733333333333334,30,8319.65393536316,1.4516129032258065,25.0,0.0,0.0,31.0,46.925205640970546,0.26204999651825756,66.16710022900205,True
WALKER ST,148,74,74.0,25,23.0,1.0,22,6729.609792127467,1.6666666666666667,25.0,0.0,0.0,24.0,39.620048894237776,0.2357224412965868,65.89587399369243,True
HARRISON AVE,168,72,71.0,26,24.0,0.9861111111111112,24,8344.081117103799,1.6,25.0,0.0,0.0,25.0,47.60128322075565,0.21878018312312572,65.88082445819076,True
W 38 ST,242,66,64.0,37,31.0,0.9696969696969697,20,5517.691213196796,2.0,25.0,1.0,0.75,11.0,78.04999795976302,0.12459692301886269,65.75058651420777,True
W 133 ST,211,77,75.0,21,21.0,0.974025974025974,15,4528.585013188489,1.8125,25.0,0.0,0.0,16.0,30.81112798958015,0.21285372487280102,65.59423399465467,True
ASHLAND PL,173,78,73.0,26,24.0,0.9358974358974359,10,3150.9576179796263,2.0,25.0,0.0,0.0,6.0,27.268042647241202,0.1692272921458456,65.26090469266333,True
12 ST,217,57,55.0,35,29.0,0.9649122807017544,47,16824.311113070016,1.1714285714285715,25.0,1.0,0.75,35.0,107.51060932860459,0.19537978343005452,65.25951147840296,True
217 ST,177,58,56.0,26,19.0,0.9655172413793104,50,25162.07307795836,1.8983050847457628,25.0,0.0,0.0,59.0,97.69880855118845,0.22134430408105607,65.229793759772,True
TODT HILL RD,137,81,73.0,37,32.0,0.9012345679012346,25,12781.022021577577,1.9230769230769231,25.0,0.0,0.0,39.0,41.21052631448761,0.2520325767636135,64.98801703308122,True
99 AVE,133,69,67.0,20,17.0,0.9710144927536232,30,11385.435747600734,1.951219512195122,25.0,0.0,0.0,41.0,57.90350259491465,0.22346903233645427,64.9672145272345,True
113 AVE,110,67,66.0,18,18.0,0.9850746268656716,32,12482.497568692237,1.9705882352941178,25.0,0.0,0.0,34.0,61.02834830165482,0.22555444996946167,64.87862183574,True
W 141 ST,193,74,74.0,41,40.0,1.0,22,5649.05057156054,1.5333333333333334,25.0,0.0,0.0,15.0,36.81589479254216,0.24920245368028618,64.7336297443956,True
BRADLEY AVE,122,73,70.0,44,37.0,0.958904109589041,17,6595.95346723462,2.3076923076923075,25.0,0.0,0.0,26.0,41.01584699791435,0.18713597676704577,64.5760222171892,True
E 126 ST,163,77,77.0,43,40.0,1.0,12,3446.286989506726,1.7777777777777777,25.0,0.0,0.0,9.0,22.288939542129718,0.23020268335274893,64.40536707352378,True
E 2 ST,231,56,56.0,25,23.0,1.0,71,24835.905224048056,1.0952380952380953,24.523809523809526,0.0,0.0,42.0,81.82497692801346,0.32521977896684656,64.39879328835245,True
DECATUR ST,263,72,65.0,30,30.0,0.9027777777777778,53,16360.000153477575,1.0416666666666667,25.0,0.0,0.0,24.0,62.99431875872859,0.3184865348728484,64.361217531408,True
LINCOLN PL,215,55,55.0,4,3.0,1.0,53,17040.670853942007,1.0344827586206897,24.82758620689655,1.0,0.75,29.0,94.32510519497737,0.23786169531536488,64.35393619013237,True
W 45 ST,262,65,62.0,58,55.0,0.9538461538461539,23,6169.493424404211,1.6666666666666667,25.0,1.0,0.75,9.0,77.62537867140736,0.14131831570323536,64.20815219606854,True
FILLMORE AVE,111,63,62.0,42,41.0,0.9841269841269841,28,8051.373820185067,1.9655172413793103,25.0,0.0,0.0,29.0,74.46641596506406,0.17276923357947038,64.153813131767,True
93 AVE,165,54,53.0,27,19.0,0.9814814814814815,54,18867.686913242727,1.8493150684931507,25.0,0.0,0.0,73.0,99.88571720358128,0.23093737394611516,63.82766440657526,True
W 35 ST,300,72,70.0,39,38.0,0.9722222222222222,25,8040.999651765516,1.7,25.0,0.0,0.0,20.0,43.86545468865809,0.24044626102829622,63.71604629621324,True
E 66 ST,183,60,60.0,25,24.0,1.0,37,13792.95684211023,1.5625,25.0,0.0,0.0,32.0,77.53699127700983,0.20952012550725668,63.67435261337876,True
W 33 ST,223,61,59.0,60,56.0,0.9672131147540983,28,9862.805900404557,1.7058823529411764,25.0,1.0,0.75,17.0,90.97459579829592,0.1459957109867244,63.66815384708534,True
N GANNON AVE,118,60,58.0,28,27.0,0.9666666666666667,21,8569.122630960315,2.9285714285714284,35.0,0.0,0.0,28.0,122.89921513048397,0.0866829895005574,63.62565798375016,True
E 9 ST,212,61,59.0,35,33.0,0.9672131147540983,66,22266.37947249115,1.1111111111111112,24.444444444444443,0.0,0.0,36.0,72.73325522143388,0.33511793821080577,63.6022601747297,True
W 51 ST,218,80,79.0,49,46.0,0.9875,24,6232.559534923233,1.0909090909090908,25.0,0.0,0.0,11.0,29.463865378167178,0.3115047223708213,63.56926013730234,True
POST AVE,179,69,66.0,21,21.0,0.9565217391304348,23,5973.535648962729,2.0,25.0,0.0,0.0,19.0,53.190053159819506,0.19366641372686694,63.51914353543044,True
89 ST,223,54,54.0,34,32.0,1.0,66,26487.195931881604,1.2352941176470589,25.0,0.0,0.0,51.0,85.2410536536059,0.3007326232069953,63.39520401699938,True
134 ST,198,65,63.0,52,47.0,0.9692307692307692,39,19008.508706909637,1.7333333333333334,25.0,0.0,0.0,45.0,64.11913655172802,0.252529947241935,63.2826154943644,True
E 60 ST,290,80,77.0,57,54.0,0.9625,17,5192.511469020951,1.5,25.0,0.0,0.0,12.0,25.61150646839997,0.2693719124717205,63.157383218352265,True
SEWARD AVE,121,60,59.0,19,15.0,0.9833333333333333,29,9799.795750328736,1.96875,25.0,0.0,0.0,32.0,84.58466515040199,0.15997147406682347,63.0928165976159,True
E 83 ST,218,62,60.0,29,26.0,0.967741935483871,42,13039.448190466626,1.3333333333333333,25.0,0.0,0.0,33.0,72.42988848210193,0.24362030581670163,63.02817323327717,True
GERARD AVE,240,67,63.0,22,20.0,0.9402985074626866,25,9625.320936621327,1.28,25.0,1.0,0.75,25.0,62.735472590963894,0.18123027840387604,62.95205962401493,True
CROWN ST,168,62,62.0,20,17.0,1.0,34,9260.65030162361,1.7333333333333334,25.0,0.0,0.0,15.0,65.84188476849386,0.2228942774828478,62.856334129645795,True
19 ST,181,56,56.0,19,17.0,1.0,34,14749.679727015471,1.725,25.0,1.0,0.75,40.0,98.32413539965611,0.16112352207066183,62.81941376418817,True
JEWETT AVE,105,68,67.0,34,31.0,0.9852941176470589,25,9234.44354024855,2.026315789473684,25.0,0.0,0.0,38.0,48.155165886910325,0.22382113241119025,62.78212788870724,True
40 ST,180,66,64.0,28,26.0,0.9696969696969697,48,15953.808103282487,1.2333333333333334,24.166666666666668,0.0,0.0,30.0,59.81099992043151,0.30832286976937334,62.7084354740033,True
100 ST,191,67,67.0,27,25.0,1.0,41,17034.31406468198,1.2820512820512822,24.487179487179485,0.0,0.0,39.0,52.614960239674524,0.3020802089305972,62.65456418372594,True
E 31 ST,205,66,66.0,36,33.0,1.0,47,17104.746586145084,1.0689655172413792,25.0,0.0,0.0,29.0,55.268514605655355,0.3208128095622634,62.5572020198639,True
E 22 ST,215,56,56.0,36,34.0,1.0,62,24738.502920027957,1.173913043478261,25.0,0.0,0.0,46.0,77.01791506212425,0.30898114503765195,62.494139462199264,True
120 ST,216,61,58.0,56,55.0,0.9508196721311475,48,20098.475529950683,1.4651162790697674,25.0,0.0,0.0,43.0,74.9743050972686,0.2623233607134473,62.4527567588909,True
ASTOR AVE,107,61,58.0,41,36.0,0.9508196721311475,30,9861.351872082263,2.076923076923077,25.0,0.0,0.0,39.0,84.15633789783254,0.1652790756315233,62.32309534965954,True
W 179 ST,190,80,77.0,51,36.0,0.9625,16,4494.806027821201,1.588235294117647,24.11764705882353,0.0,0.0,17.0,23.4689717748664,0.27466655118422423,62.29681709605719,True
CARPENTER AVE,199,68,68.0,19,16.0,1.0,39,11377.292233354052,1.125,25.0,0.0,0.0,32.0,48.859394328209355,0.3071732164743606,62.120518590528675,True
W 96 ST,231,62,61.0,54,51.0,0.9838709677419355,11,3270.876892599567,4.0,25.0,0.0,0.0,6.0,72.86163342753918,0.077368505258857,61.9177168482172,True
NEWKIRK AVE,168,69,67.0,30,23.0,0.9710144927536232,31,9107.148281530946,1.3870967741935485,25.0,0.0,0.0,31.0,47.65549705371227,0.2654183362957953,61.865614211527195,True
WILLETS POINT BLVD,166,77,56.0,33,23.0,0.7272727272727273,33,12146.397754440464,1.8863636363636365,25.113636363636363,0.0,0.0,44.0,90.5772788093516,0.16830625446974218,61.81957228615796,True
W 8 ST,223,62,62.0,35,33.0,1.0,36,12877.513689880801,1.565217391304348,25.0,0.0,0.0,23.0,60.86864738500113,0.24727805514180806,61.720241325683475,True
W 225 ST,138,72,71.0,34,30.0,0.9861111111111112,8,1879.366363404357,2.1,25.0,0.0,0.0,10.0,19.77969135298188,0.18344230585945118,61.604028474958206,True
E 84 ST,180,60,59.0,29,29.0,0.9833333333333333,43,12673.797948425408,1.28,25.0,0.0,0.0,25.0,69.13144302208808,0.25677612231638103,61.60151265268114,True
132 ST,174,55,54.0,35,31.0,0.9818181818181818,48,15396.484242088387,1.7352941176470589,25.0,0.0,0.0,34.0,85.9311415710585,0.23679561754563058,61.561154387255755,True
GEORGIA AVE,198,70,70.0,35,35.0,1.0,28,9891.441230393759,1.28,24.4,0.0,0.0,25.0,39.18034535586822,0.2841529457577008,61.24250434563495,True
204 ST,121,61,58.0,38,35.0,0.9508196721311475,43,22045.55706850387,1.7291666666666667,24.583333333333332,0.0,0.0,48.0,70.19588072856548,0.2538709143305075,61.096179391626734,True
CHURCH ST,190,58,58.0,37,34.0,1.0,20,6382.146626420553,2.8,25.0,0.0,0.0,25.0,83.37852679351118,0.11757039976576422,60.98376354057927,True
34 ST,230,70,68.0,29,28.0,0.9714285714285714,36,15523.744532218087,1.2,24.666666666666668,0.0,0.0,30.0,44.926122588014124,0.30800053485335327,60.89323341596765,True
165 ST,197,57,55.0,32,31.0,0.9649122807017544,50,23275.00712815703,1.5510204081632653,25.0,0.0,0.0,49.0,77.11805952819304,0.2647747083851506,60.856302761622715,True
W 178 ST,196,69,68.0,38,35.0,0.9855072463768116,12,2658.900287815057,2.0,25.0,0.0,0.0,8.0,29.286376655188903,0.18539736660450043,60.82259618015352,True
MURRAY ST,186,49,49.0,34,28.0,1.0,38,14867.363566424045,1.9019607843137254,25.0,1.0,0.75,51.0,138.15829780751952,0.13252709821595757,60.81589049030474,True
W 72 ST,155,57,57.0,32,29.0,1.0,12,3477.150798255834,4.0,25.0,1.0,0.75,7.0,137.22044239441337,0.046323936962353235,60.7161267165709,True
KNAPP ST,181,82,56.0,68,52.0,0.6829268292682927,19,8512.169730292171,2.730769230769231,25.0,1.0,0.75,26.0,108.13400885590234,0.08891822883426746,60.63566372949685,True
E 117 ST,204,71,71.0,45,44.0,1.0,19,4446.9452259863265,1.5,25.0,0.0,0.0,10.0,30.563110242049326,0.25667208767785116,60.62097908662768,True
BROAD ST,161,63,63.0,29,28.0,1.0,21,6222.754948962331,1.7,25.0,0.0,0.0,20.0,49.064384449119494,0.19207331848096013,60.32334007606751,True
E 87 ST,140,57,57.0,34,28.0,1.0,44,13835.518312374565,1.2666666666666666,25.0,0.0,0.0,30.0,69.15988965427736,0.2611085863862477,60.175051598241126,True
W 24 ST,225,62,55.0,30,28.0,0.8870967741935484,28,8565.9345362924,1.5714285714285714,25.0,1.0,0.75,14.0,89.33281949062145,0.1482809907848711,60.090904490507484,True
W 48 ST,226,73,66.0,46,44.0,0.9041095890410958,24,6229.958949731994,1.5454545454545454,25.0,0.0,0.0,11.0,41.08077659005652,0.24499813149568228,59.894836826240386,True
112 ST,226,64,63.0,37,34.0,0.984375,46,18284.786122583966,1.0869565217391304,25.0,0.0,0.0,46.0,53.37722287583803,0.32372051338290775,59.884909649196985,True
201 ST,115,55,54.0,13,11.0,0.9818181818181818,46,23876.906534987706,1.8125,24.583333333333332,0.0,0.0,48.0,77.52588732931612,0.24787952126981863,59.83158568863857,True
WOODROW RD,99,46,44.0,21,15.0,0.9565217391304348,39,21073.341319887626,2.2588235294117647,29.470588235294116,0.0,0.0,85.0,214.246194821458,0.09182543094525458,59.632930206270146,True
95 ST,220,56,56.0,30,25.0,1.0,53,23088.69843266747,1.3396226415094339,24.339622641509433,0.0,0.0,53.0,67.7026213266617,0.3030499360385596,59.54647864452831,True
137 AVE,160,59,54.0,28,26.0,0.9152542372881356,45,20354.8814473463,1.8131868131868132,25.0,0.0,0.0,91.0,76.45445675493059,0.24637949573189413,59.53231773221342,True
HIGHLAND BLVD,166,90,59.0,56,40.0,0.6555555555555556,15,8674.759833798435,2.0606060606060606,25.0,1.0,0.75,33.0,62.31789311409571,0.1179298560574467,59.39127865735931,True
56 AVE,153,48,47.0,36,26.0,0.9791666666666666,50,24757.73397212703,1.7058823529411764,25.0,0.0,0.0,102.0,105.2327183246393,0.20880652323640586,59.15937145197288,True
E 91 ST,181,62,60.0,35,31.0,0.967741935483871,45,16692.57164187256,1.1,25.0,0.0,0.0,30.0,56.79242226263816,0.3056100818317857,59.01973190520303,True
E 88 ST,175,58,58.0,22,20.0,1.0,44,13883.169894466871,1.1875,25.0,0.0,0.0,32.0,61.30313858861992,0.28503439296489735,58.94150810248621,True
58 AVE,127,44,42.0,30,24.0,0.9545454545454546,64,31530.42355025272,1.5092592592592593,25.0,0.0,0.0,108.0,112.60246022115027,0.23994817438942975,58.94093143746734,True
BRYANT AVE,225,48,48.0,39,36.0,1.0,46,17563.81706419581,1.275,24.125,1.0,0.75,40.0,101.289527011132,0.20143899149833278,58.7345885785456,True
BOWNE ST,147,65,56.0,48,44.0,0.8615384615384616,23,9586.465731228933,1.6428571428571428,25.0,1.0,0.75,28.0,74.40928741703863,0.14653131016477436,58.697537004418564,True
126 ST,233,56,52.0,29,19.0,0.9285714285714286,54,22562.48721999049,1.3863636363636365,25.0,0.0,0.0,44.0,75.50711805537298,0.2843010175133493,58.683097581948964,True
153 ST,147,52,50.0,36,30.0,0.9615384615384616,46,14850.679202095895,1.8571428571428572,25.0,0.0,0.0,49.0,88.88422528153389,0.22327598828240977,58.68191382833034,True
CARROLL ST,203,37,37.0,19,17.0,1.0,64,19629.732748245144,1.2162162162162162,25.0,1.0,0.75,37.0,150.16975908057205,0.19141120514407295,58.66195997147669,True
170 ST,176,53,51.0,57,53.0,0.9622641509433962,50,24896.21546925707,1.6896551724137931,25.0,0.0,0.0,58.0,80.8514663440395,0.2556743838749591,58.63225526527638,True
E 32 ST,201,61,60.0,31,24.0,0.9836065573770492,46,17877.99155416739,1.1,25.0,0.0,0.0,30.0,55.58685792041768,0.314904551045413,58.61028147472951,True
NEWPORT ST,129,62,62.0,14,14.0,1.0,21,5481.294369244601,1.9523809523809523,25.0,0.0,0.0,21.0,45.41136957412051,0.2043665737780521,58.60983843619266,True
E 104 ST,165,62,62.0,38,35.0,1.0,26,8975.663399890085,1.4736842105263157,25.0,0.0,0.0,19.0,47.329689244898375,0.23379153797300653,58.57020548602285,True
CHAMBERS ST,198,65,63.0,24,22.0,0.9692307692307692,15,3535.9368370459965,2.076923076923077,25.0,0.0,0.0,13.0,38.167691769059104,0.1791786146695148,58.55058141213362,True
PELHAM PKWY,281,183,56.0,188,91.0,0.30601092896174864,11,33457.8834700542,2.753086419753086,33.27160493827161,1.0,0.75,81.0,99.65041690722641,0.057771287754541295,58.521740795753075,True
W 50 ST,190,67,61.0,57,52.0,0.9104477611940298,23,6232.490065432559,1.1,25.0,1.0,0.75,10.0,48.10634266504051,0.20983786493607645,58.294422473614716,True
RIDGE BLVD,148,49,49.0,28,26.0,1.0,29,9554.08791341679,1.975,25.0,1.0,0.75,40.0,137.3473482541723,0.10496832627739396,58.273673277286505,True
W 29 ST,251,69,66.0,48,40.0,0.9565217391304348,24,8723.958028438588,1.2307692307692308,25.0,0.0,0.0,13.0,36.79770429908306,0.2659312619850198,58.234196651395436,True
E 5 ST,212,48,48.0,32,28.0,1.0,67,23773.425433014458,1.173913043478261,24.67391304347826,0.0,0.0,46.0,80.27111294338205,0.3167603074340189,58.22220765718365,True
BOOTH MEMORIAL AVE,161,54,54.0,38,37.0,1.0,28,12808.218303237978,2.1025641025641026,25.0,0.0,0.0,39.0,78.65186306657444,0.16509319318652296,58.06985479165769,True
THOMSON AVE,177,66,58.0,39,34.0,0.8787878787878788,8,3325.0568093367556,3.4761904761904763,25.0,1.0,0.75,21.0,58.8248219078514,0.07023366504676705,58.05793026559927,True
E 72 ST,223,50,46.0,36,31.0,0.92,32,11326.53221485874,2.5416666666666665,25.0,1.0,0.75,24.0,178.73859457464286,0.09044844582717702,58.0059995805602,True
219 ST,126,52,51.0,20,16.0,0.9807692307692307,46,23377.343105401837,1.8833333333333333,25.0,0.0,0.0,60.0,79.851282888682,0.24241075464674072,57.993861257572,True
LOGAN ST,184,65,65.0,27,27.0,1.0,29,9612.711469377931,1.2857142857142858,25.0,0.0,0.0,21.0,39.98347526363113,0.2871730677577603,57.81592784681906,True
169 ST,170,51,50.0,24,22.0,0.9803921568627451,51,29267.622997462408,1.6666666666666667,25.0,0.0,0.0,69.0,79.8333081303447,0.2619035190491858,57.81344838421596,True
220 ST,106,49,49.0,18,10.0,1.0,51,25294.26750998412,1.7246376811594204,25.0,0.0,0.0,69.0,83.41312623342738,0.25351297427449776,57.72417398551992,True
ATKINS AVE,138,59,56.0,20,20.0,0.9491525423728814,21,7759.840563716961,1.608695652173913,25.0,1.0,0.75,23.0,67.11817845789417,0.14805783523757793,57.64613343426089,True
E 120 ST,154,66,66.0,39,37.0,1.0,18,5458.375186097943,1.4210526315789473,25.0,0.0,0.0,19.0,31.39867458747569,0.24151762596785817,57.643170031025804,True
227 ST,105,51,51.0,15,14.0,1.0,45,17585.01418532541,1.853658536585366,25.0,0.0,0.0,41.0,77.98316788817458,0.24272199467559813,57.549408332484276,True
93 ST,205,59,57.0,43,41.0,0.9661016949152542,50,16182.473586750906,1.0625,25.0,0.0,0.0,32.0,58.044028016691485,0.32362504722806185,57.3378736162092,True
173 ST,160,57,55.0,18,14.0,0.9649122807017544,41,14843.007926148955,1.5757575757575757,25.0,0.0,0.0,33.0,63.767907260282655,0.263149801157086,57.30727305210715,True
WATERS PL,142,67,60.0,40,28.0,0.8955223880597015,7,2727.351103688188,3.0625,25.0,0.0,0.0,16.0,33.78672776349512,0.10320212226492324,57.29473467368451,True
WATER ST,201,52,48.0,34,33.0,0.9230769230769231,33,12599.22143049125,1.8867924528301887,25.0,1.0,0.75,53.0,115.5510459373237,0.13691084950577653,57.24847108428273,True
E 97 ST,189,61,60.0,38,37.0,0.9836065573770492,13,3723.954799193748,1.6666666666666667,25.0,1.0,0.75,9.0,41.137230140669054,0.14931961861307588,57.183418398618485,True
RHINELANDER AVE,126,61,55.0,23,23.0,0.9016393442622951,28,7439.6698621134055,2.0,25.0,0.0,0.0,29.0,66.50580788833494,0.1895298542830546,57.18069409248494,True
BROOME ST,240,56,52.0,43,37.0,0.9285714285714286,32,9090.227886378289,1.3076923076923077,25.0,1.0,0.75,39.0,80.66797689821571,0.18055542655293522,57.17615879726703,True
LEONARD ST,207,56,49.0,28,26.0,0.875,39,12651.049293696544,1.125,25.0,1.0,0.75,40.0,91.80301711061901,0.19091638686140752,57.17179737352638,True
ALABAMA AVE,179,64,64.0,35,32.0,1.0,29,9790.544765511278,1.2608695652173914,24.347826086956523,0.0,0.0,23.0,40.104492675140875,0.2865548248465565,57.15262708390539,True
131 AVE,90,56,55.0,21,21.0,0.9821428571428571,34,10879.577524809536,1.9523809523809523,25.0,0.0,0.0,42.0,64.02153827701474,0.22778826964343238,57.05500059364318,True
ONDERDONK AVE,132,63,62.0,24,24.0,0.9841269841269841,29,7823.023917276509,1.2666666666666666,25.0,0.0,0.0,30.0,42.70584396182973,0.2738804202323551,56.71570843623729,True
E 46 ST,192,58,56.0,55,54.0,0.9655172413793104,44,16511.55788446238,1.1875,25.0,0.0,0.0,32.0,58.193877902154824,0.2957594140234585,56.64886004278033,True
91 ST,202,54,52.0,30,27.0,0.9629629629629629,55,22424.207408325954,1.0909090909090908,25.0,0.0,0.0,44.0,66.81607329484235,0.313761161089242,56.648708359773046,True
E BROADWAY,159,61,55.0,41,37.0,0.9016393442622951,19,5828.580248888101,2.3703703703703702,25.0,0.0,0.0,27.0,65.78725059072558,0.13824181589755374,56.49124911020386,True
W HOUSTON ST,250,65,58.0,33,25.0,0.8923076923076924,17,6360.660878200825,2.5172413793103448,25.0,0.0,0.0,29.0,48.39643279488557,0.16325636922896733,56.43215648644664,True
135 ST,170,54,54.0,39,37.0,1.0,41,14656.167010645566,1.6129032258064515,25.0,0.0,0.0,31.0,63.03809536459896,0.26538784716382696,56.398600671272284,True
WOODWARD AVE,181,56,55.0,20,19.0,0.9821428571428571,29,8779.553278167148,1.1333333333333333,25.0,1.0,0.75,30.0,60.48172502102737,0.21031485385155288,56.15288819665177,True
SHERIDAN AVE,258,61,59.0,43,41.0,0.9672131147540983,35,12570.430326152813,1.3714285714285714,25.0,0.0,0.0,35.0,48.81630461867046,0.28481539026812036,56.09952682559498,True
E 103 ST,160,53,52.0,35,35.0,0.9811320754716981,34,8716.348995000502,1.6875,25.0,0.0,0.0,16.0,71.49041493533767,0.20896324788134918,56.07278040744331,True
CYPRESS HILLS ST,146,99,59.0,48,36.0,0.5959595959595959,18,14114.299048006056,1.58,25.0,1.0,0.75,50.0,42.58619285658686,0.19013372319997607,55.8791817359365,True
197 ST,140,52,52.0,32,30.0,1.0,39,19034.435244350494,1.8409090909090908,25.0,0.0,0.0,44.0,67.9522981889529,0.24172828160144727,55.85612162880946,True
WADSWORTH AVE,129,61,58.0,16,16.0,0.9508196721311475,18,6935.508213614057,1.9285714285714286,25.0,0.0,0.0,28.0,45.213054685288135,0.18108744241830504,55.6844447766161,True
CONNER ST,156,76,64.0,29,21.0,0.8421052631578947,10,5649.246180935753,2.076923076923077,25.0,0.0,0.0,26.0,21.932694762382653,0.20207486603027194,55.49925492985392,True
E 45 ST,186,52,50.0,34,32.0,0.9615384615384616,46,15329.682305652894,1.3103448275862069,25.0,0.0,0.0,29.0,68.51311674874225,0.2716302606881463,55.028722728610944,True
175 ST,149,52,50.0,36,33.0,0.9615384615384616,43,17956.2976042071,1.5833333333333333,25.0,0.0,0.0,60.0,69.48764313072643,0.25579655840611915,54.98487204428647,True
110 ST,167,55,54.0,23,21.0,0.9818181818181818,50,18263.337466169043,1.0454545454545454,25.0,0.0,0.0,44.0,56.493990542072716,0.329577971362507,54.82196434345361,True
138 ST,188,57,54.0,40,36.0,0.9473684210526315,31,14901.272168468146,1.5681818181818181,25.0,0.0,0.0,44.0,57.08345147108824,0.23174034345926744,54.714560102949974,True
MASPETH AVE,156,52,52.0,16,16.0,1.0,33,11006.299332938568,1.76,25.0,0.0,0.0,25.0,63.702575827931256,0.22344526957113892,54.6148852105488,True
E 140 ST,166,59,55.0,15,14.0,0.9322033898305084,29,6508.770907624913,1.608695652173913,25.0,0.0,0.0,23.0,52.974674347498066,0.23316928920351082,54.52775625720048,True
166 ST,139,39,37.0,25,22.0,0.9487179487179487,62,31181.1815965995,1.6746987951807228,25.0,0.0,0.0,83.0,109.9920466334513,0.23843898287925216,54.40414935755507,True
ELTON ST,196,64,59.0,30,27.0,0.921875,34,12076.776794634648,1.2777777777777777,25.0,0.0,0.0,36.0,43.26608341089852,0.3038583138742472,54.21911863459758,True
CRESTON AVE,213,66,64.0,40,39.0,0.9696969696969697,30,8816.585689957148,1.0,25.0,0.0,0.0,23.0,34.14618985399922,0.32795766469831444,54.20921414217074,True
E 115 ST,156,60,58.0,37,35.0,0.9666666666666667,16,4213.731732594601,1.7777777777777777,25.0,0.0,0.0,9.0,37.72035100350309,0.1906805457326781,54.13306546208081,True
67 AVE,116,45,40.0,21,19.0,0.8888888888888888,51,23190.789307370127,1.744186046511628,25.0,0.0,0.0,86.0,106.58971306651226,0.20996364689419342,53.981419001082834,True
W 44 ST,297,65,63.0,67,57.0,0.9692307692307692,21,6285.164727430275,1.2727272727272727,25.0,0.0,0.0,11.0,30.400827053119254,0.27729272304382196,53.96048656458294,True
144 AVE,121,52,51.0,22,21.0,0.9807692307692307,35,11570.467926318519,2.0,25.0,0.0,0.0,37.0,63.058742486361176,0.23564573371544445,53.841591220884176,True
W 231 ST,128,52,51.0,22,22.0,0.9807692307692307,20,5292.938072334958,1.8846153846153846,25.0,1.0,0.75,26.0,70.9742402125368,0.13533746416223205,53.70326301893201,True
224 ST,115,47,46.0,16,12.0,0.9787234042553191,43,22240.49385050915,1.9272727272727272,25.0,0.0,0.0,55.0,78.69567992419738,0.23283509420135085,53.61270171512771,True
88 AVE,130,49,49.0,23,21.0,1.0,47,18967.250663176575,1.4181818181818182,25.0,0.0,0.0,55.0,64.14485217819683,0.28926027186992803,53.38080405849509,True
129 ST,129,53,52.0,19,19.0,0.9811320754716981,38,16362.389877122918,1.4285714285714286,25.0,0.0,0.0,35.0,56.368179700144694,0.27243528889606056,53.19004629855882,True
24 ST,140,53,53.0,19,17.0,1.0,35,12783.368038677032,1.3666666666666667,25.0,0.0,0.0,30.0,53.68407191818474,0.2658557893833682,53.181864479804,True
CENTRE ST,237,56,56.0,34,32.0,1.0,26,8140.299944834189,1.6,25.0,0.0,0.0,30.0,44.49163735317777,0.24505025168241426,53.17987283694372,True
E 128 ST,170,65,64.0,23,22.0,0.9846153846153847,12,2740.2458271565265,1.4444444444444444,25.0,0.0,0.0,9.0,20.22629518362443,0.2478596970767609,53.1502627842856,True
ERSKINE ST,109,66,53.0,47,44.0,0.803030303030303,8,3859.9539169431155,2.838709677419355,25.0,1.0,0.75,31.0,54.113489201069584,0.07588446379611671,53.084496530965936,True
87 ST,204,50,47.0,59,57.0,0.94,52,26324.711792991286,1.2708333333333333,25.0,0.0,0.0,48.0,66.83762655427724,0.3017442455697935,52.98588965851569,True
EDGECOMBE AVE,182,53,53.0,38,36.0,1.0,29,10401.187212541805,1.631578947368421,25.0,0.0,0.0,38.0,52.76401378503519,0.23388249054476892,52.94480695630979,True
W 56 ST,213,74,61.0,43,39.0,0.8243243243243243,22,6402.291294293803,1.1818181818181819,25.0,0.0,0.0,11.0,31.561322263225502,0.279111503146741,52.78332640623637,True
W 139 ST,162,57,57.0,28,26.0,1.0,21,5059.136067402648,1.4615384615384615,25.0,0.0,0.0,13.0,38.7675112659324,0.2312896710712571,52.783013677887105,True
VERMONT ST,158,52,52.0,25,24.0,1.0,32,10613.78553260578,1.5185185185185186,25.0,0.0,0.0,27.0,55.127523024494174,0.24381130045101332,52.762525455792414,True
101 ST,187,55,53.0,38,38.0,0.9636363636363636,42,16696.63763868462,1.2424242424242424,24.545454545454547,0.0,0.0,33.0,52.10658791023435,0.3092549134494444,52.72370792150483,True
171 ST,137,48,47.0,16,13.0,0.9791666666666666,47,19069.851570179948,1.4666666666666666,25.0,0.0,0.0,45.0,66.53317054064235,0.2818028889799364,52.504503889290795,True
159 ST,133,38,37.0,18,14.0,0.9736842105263158,48,23902.619347018983,1.6666666666666667,25.0,1.0,0.75,48.0,125.33930509375448,0.17540327880637338,52.495003760921094,True
85 AVE,118,42,41.0,16,15.0,0.9761904761904762,51,19445.68450143959,1.7536231884057971,25.0,0.0,0.0,69.0,88.1504428416853,0.24320227980008643,52.467095192681526,True
113 ST,134,51,50.0,24,23.0,0.9803921568627451,28,14057.294478325895,1.2,25.0,1.0,0.75,25.0,60.5670348996407,0.20431679164940258,52.15902266794185,True
103 ST,203,62,59.0,42,42.0,0.9516129032258065,35,11913.001874023354,1.0689655172413792,24.310344827586206,0.0,0.0,29.0,38.3541026733087,0.3363736606975164,52.05526393783578,True
HENDERSON AVE,130,49,48.0,15,13.0,0.9795918367346939,32,10037.00105864543,2.0,25.0,0.0,0.0,37.0,65.81460634633453,0.2126393150778858,51.788085691866726,True
TILLOTSON AVE,116,56,49.0,16,16.0,0.875,19,6863.625811312193,1.98,24.5,1.0,0.75,50.0,70.31865510616991,0.1304958898507293,51.781996868500435,True
WARING AVE,90,44,43.0,32,30.0,0.9772727272727273,33,11294.149964305918,2.0,25.0,0.0,0.0,44.0,99.41027805413387,0.15567971373829756,51.781935939365326,True
W 28 ST,248,58,57.0,38,34.0,0.9827586206896551,27,8714.622808872298,1.2307692307692308,25.0,0.0,0.0,13.0,38.37294326345473,0.2810015687164142,51.76576783646112,True
GARRISON AVE,168,49,48.0,29,27.0,0.9795918367346939,17,6633.6119902473865,1.875,25.0,1.0,0.75,24.0,84.23923918814668,0.10079424001503388,51.65270657269228,True
VOORHIES AVE,152,51,51.0,33,29.0,1.0,23,6622.17759339841,2.0384615384615383,25.0,0.0,0.0,26.0,54.157191156008516,0.190868038282266,51.60260688242946,True
208 ST,102,46,46.0,17,9.0,1.0,40,23091.307466233662,1.702127659574468,25.0,0.0,0.0,47.0,68.99405960985467,0.24358501370147287,51.60100832511893,True
PORT RICHMOND AVE,146,55,54.0,41,40.0,0.9818181818181818,23,7412.918134421947,1.8571428571428572,25.0,0.0,0.0,42.0,42.73058723416088,0.23016071300244398,51.406223922695624,True
CHESTER ST,132,63,60.0,4,4.0,0.9523809523809523,24,6866.301576580275,1.25,25.0,0.0,0.0,12.0,31.240372983330293,0.2990888143556032,51.39831725427488,True
TINTON AVE,130,51,51.0,27,24.0,1.0,25,7989.160161445183,1.6666666666666667,25.0,0.0,0.0,21.0,52.47642900058563,0.20924680640063759,51.308938053249825,True
E 8 ST,189,40,39.0,45,41.0,0.975,63,23712.317343148785,1.2173913043478262,24.782608695652176,0.0,0.0,46.0,78.39359174708272,0.3086174848965406,51.15755120602579,True
ALBEMARLE RD,159,67,60.0,30,24.0,0.8955223880597015,27,9377.349893709274,1.3714285714285714,25.0,0.0,0.0,35.0,32.138541653880566,0.31816831418968144,51.13536676714915,True
W 126 ST,191,55,54.0,24,21.0,0.9818181818181818,24,5712.88032199763,1.3076923076923077,25.0,0.0,0.0,13.0,41.01319184027986,0.24530282320578226,50.81429929398875,True
GIVAN AVE,102,54,50.0,28,27.0,0.9259259259259259,22,6721.752233272667,2.0,23.571428571428573,0.0,0.0,28.0,54.00495838277167,0.1845203680699884,50.738996394894016,True
DIVISION AVE,165,54,54.0,21,20.0,1.0,15,4229.0836274351395,2.05,25.0,0.0,0.0,20.0,35.90340441162605,0.18835033281744815,50.591500198067,True
W 12 ST,159,45,43.0,15,14.0,0.9555555555555556,36,13581.466733491614,1.2962962962962963,24.62962962962963,1.0,0.75,27.0,81.05493404545632,0.19788096354276696,50.530347016471346,True
14 ST,159,39,38.0,24,21.0,0.9743589743589743,38,11787.885351834819,1.5384615384615385,25.0,1.0,0.75,26.0,121.61076462834133,0.14789306987039877,50.36545265509675,True
226 ST,95,46,46.0,12,11.0,1.0,36,17992.372397329596,1.7857142857142858,25.0,0.0,0.0,42.0,64.17182377585372,0.23757360613514575,50.31714570448195,True
CARLTON AVE,170,58,57.0,38,36.0,0.9827586206896551,26,11245.454158633442,1.3928571428571428,24.107142857142858,0.0,0.0,28.0,34.27448805787785,0.29644425292167514,50.263152590055,True
E 20 ST,183,60,53.0,39,31.0,0.8833333333333333,20,6549.182802789994,1.5185185185185186,25.0,0.0,0.0,27.0,40.24124154890153,0.2163367316838885,50.239811896345174,True
180 ST,150,48,44.0,29,27.0,0.9166666666666666,39,17651.309742749738,1.7380952380952381,25.0,0.0,0.0,42.0,70.05138948644844,0.23619574735507365,50.1532274093898,True
E 61 ST,247,60,56.0,31,29.0,0.9333333333333333,20,5388.340903033883,1.3333333333333333,25.0,0.0,0.0,12.0,32.31780542950331,0.25580850738244093,49.94189315538069,True
141 ST,114,49,45.0,25,19.0,0.9183673469387755,35,15484.012741346329,1.6458333333333333,25.520833333333332,0.0,0.0,48.0,66.73368517502402,0.22559651396709657,49.90304361114379,True
CONVENT AVE,160,53,51.0,11,8.0,0.9622641509433962,21,7216.374485873951,1.95,25.0,0.0,0.0,20.0,45.495837138971275,0.2040645744253696,49.876795348196254,True
W 52 ST,151,53,51.0,41,34.0,0.9622641509433962,20,6233.961927827813,1.0909090909090908,25.0,1.0,0.75,11.0,44.017469759502596,0.20151739094728152,49.59289872372447,True
EDENWALD AVE,79,52,51.0,14,13.0,0.9807692307692307,14,3710.6031084170495,2.176470588235294,25.0,0.0,0.0,17.0,41.327395239389666,0.15836399749728183,49.46820764389851,True
133 ST,132,52,51.0,24,23.0,0.9807692307692307,29,12769.695412635352,1.5555555555555556,25.0,0.0,0.0,27.0,45.0654797465224,0.26331606096120946,49.437345503159754,True
W 131 ST,125,53,53.0,19,19.0,1.0,18,4467.60724533757,1.4166666666666667,25.0,0.0,0.0,12.0,35.950069127991185,0.21759407080879592,49.29003613455104,True
140 ST,117,55,53.0,20,17.0,0.9636363636363636,25,9763.179539053866,1.5416666666666667,25.0,0.0,0.0,24.0,38.44945578388777,0.26532906163681336,49.13931775683398,True
HOLLAND AVE,186,44,42.0,17,10.0,0.9545454545454546,43,16333.886202039555,1.5789473684210527,25.0,0.0,0.0,38.0,70.06999489750025,0.25421106681480965,49.1357033483798,True
DAVIDSON AVE,204,51,49.0,12,10.0,0.9607843137254902,25,8490.908818647873,1.1428571428571428,25.0,1.0,0.75,21.0,49.4807697132692,0.219138908544657,49.105355350227136,True
MORNINGSIDE AVE,106,50,46.0,14,13.0,0.92,15,4318.461393417606,3.28,25.0,0.0,0.0,25.0,78.10919363077122,0.09638604955678116,49.09487832852379,True
27 ST,165,44,42.0,19,19.0,0.9545454545454546,43,15310.364367618644,1.5333333333333334,24.88888888888889,0.0,0.0,45.0,69.62868892532778,0.2554107396033819,49.05666387268973,True
76 AVE,160,41,41.0,14,12.0,1.0,36,14506.96819272152,2.0256410256410255,25.0,0.0,0.0,39.0,82.05220128307431,0.19594717084550897,49.04406269839878,True
154 ST,123,41,41.0,24,16.0,1.0,35,15495.801345349604,1.8979591836734695,25.0,0.0,0.0,49.0,82.83924526685306,0.19007282538576806,48.952503559878885,True
ARMSTRONG AVE,101,45,44.0,17,16.0,0.9777777777777777,25,10502.382670287345,2.2142857142857144,25.0,0.0,0.0,28.0,75.74762296654211,0.15492105030506806,48.918375094666004,True
211 ST,128,42,42.0,17,12.0,1.0,43,25317.928200004186,1.536231884057971,25.0,0.0,0.0,69.0,67.38820956249388,0.26168035083109964,48.643595585286874,True
NASSAU AVE,152,49,49.0,28,26.0,1.0,21,5440.197365542817,1.8333333333333333,25.0,0.0,0.0,24.0,47.20094058314262,0.19815360274432395,48.64350989499861,True
JUNIUS ST,193,64,63.0,50,50.0,0.984375,22,6635.478988976028,1.0,23.846153846153847,0.0,0.0,13.0,22.235653165536505,0.35465542217807544,48.54270336360986,True
BORINQUEN PL,97,61,58.0,14,13.0,0.9508196721311475,7,3010.1111669009833,2.1363636363636362,25.0,0.0,0.0,22.0,14.134092342160882,0.2157406448584339,48.53634079459727,True
241 ST,80,46,46.0,19,19.0,1.0,31,12917.122380271103,1.9487179487179487,25.0,0.0,0.0,39.0,56.67921744289015,0.2330079997167437,48.488343094908,True
W 26 ST,220,55,54.0,34,34.0,0.9818181818181818,24,6277.765909123926,1.0833333333333333,25.0,0.0,0.0,12.0,33.958298454635035,0.2818987510553607,48.350269365337326,True
METCALF AVE,123,46,46.0,25,24.0,1.0,19,6586.349020952373,2.3684210526315788,25.0,0.0,0.0,19.0,61.81955639761351,0.14582062240783572,48.30681756011586,True
E 76 ST,153,54,53.0,19,16.0,0.9814814814814815,21,5651.052410886986,1.4166666666666667,25.0,0.0,0.0,12.0,34.3856781360894,0.2532977403752296,48.28503433325421,True
205 ST,104,46,45.0,21,18.0,0.9782608695652174,35,16407.208174876974,1.85,24.5,0.0,0.0,40.0,57.86216281925854,0.25148671285862917,48.23466304766781,True
233 ST,101,45,43.0,25,23.0,0.9555555555555556,36,15578.880366091049,1.7804878048780488,25.0,0.0,0.0,41.0,64.38604024654302,0.2369704903888009,48.06786044469793,True
BUSSING AVE,94,51,50.0,14,14.0,0.9803921568627451,18,5031.378557824328,1.9047619047619047,25.0,0.0,0.0,21.0,40.2211586891049,0.19908792414309182,48.05315078288918,True
W 15 ST,208,57,50.0,23,21.0,0.8771929824561403,27,9206.831909570543,1.3529411764705883,25.0,0.0,0.0,17.0,42.46686617840461,0.2609820714932188,48.033987130404405,True
GROVE ST,169,45,44.0,18,16.0,0.9777777777777777,33,12683.79223511189,1.121212121212121,24.393939393939394,1.0,0.75,33.0,61.49225348651072,0.22963261351266653,48.01679188433351,True
LINDEN PL,175,99,53.0,71,62.0,0.5353535353535354,14,5913.6606669250605,2.0,25.0,0.0,0.0,15.0,29.19275632386216,0.2103451066917281,47.992262788906814,True
LEGGETT AVE,97,45,44.0,32,30.0,0.9777777777777777,12,3140.3706887798626,3.411764705882353,25.0,1.0,0.75,17.0,117.1526861454976,0.053831869200571265,47.93794583225487,True
121 ST,183,41,41.0,48,44.0,1.0,45,19548.09436814161,1.3846153846153846,25.0,0.0,0.0,39.0,65.98798776767808,0.274722386335327,47.86475962925448,True
33 AVE,128,34,34.0,22,18.0,1.0,48,20464.323706435436,1.8513513513513513,25.0,0.0,0.0,74.0,99.05249206739656,0.2120801498937536,47.79634226861568,True
62 DR,103,48,48.0,29,23.0,1.0,17,7802.78676623717,1.95,25.0,0.0,0.0,20.0,46.67403056992309,0.16826724011825003,47.776882783519795,True
W 122 ST,108,52,52.0,24,21.0,1.0,18,4713.451627163971,1.5384615384615385,25.0,0.0,0.0,13.0,33.58072115439887,0.2294245156374593,47.77416587245666,True
DRIGGS AVE,217,52,50.0,36,36.0,0.9615384615384616,34,9629.047610295138,1.1627906976744187,25.0,0.0,0.0,43.0,42.586653204023264,0.3072167711617083,47.72249553383803,True
28 ST,170,47,43.0,25,21.0,0.9148936170212766,39,14189.531108477158,1.4594594594594594,24.864864864864863,0.0,0.0,37.0,60.61943244893662,0.2632708358073648,47.63868270728295,True
64 AVE,137,37,37.0,25,23.0,1.0,44,20018.98995843332,1.6515151515151516,25.0,0.0,0.0,66.0,84.28738003234778,0.22477982851151831,47.62924917443012,True
161 ST,178,39,38.0,22,16.0,0.9743589743589743,47,20563.713349368973,1.7209302325581395,25.0,0.0,0.0,43.0,75.46115656946442,0.25703176387118903,47.628707149704226,True
E 139 ST,126,52,51.0,27,24.0,0.9807692307692307,26,6665.362150955286,1.375,25.0,0.0,0.0,16.0,38.612377990125296,0.2722058745798797,47.62801651683709,True
LOUISIANA AVE,116,49,46.0,26,21.0,0.9387755102040817,21,7838.713557746244,1.8333333333333333,25.0,0.0,0.0,12.0,54.911413940261355,0.17520444784538547,47.56131935892516,True
163 ST,114,43,42.0,20,16.0,0.9767441860465116,32,16077.004183754754,1.837837837837838,25.0,0.0,0.0,37.0,68.88731180631613,0.20509989724672456,47.51458488871608,True
196 ST,130,39,39.0,20,18.0,1.0,45,19639.11318971962,1.7755102040816326,25.0,0.0,0.0,49.0,71.9630620109662,0.2577925391623612,47.49763145437335,True
263 ST,78,46,45.0,20,16.0,0.9782608695652174,18,8331.237237771877,2.235294117647059,25.0,0.0,0.0,17.0,62.26297494912243,0.13836002337277697,47.388505617444245,True
JEFFERSON ST,166,54,52.0,19,12.0,0.9629629629629629,28,9532.331206827146,1.36,25.0,0.0,0.0,25.0,36.08393502887083,0.301192350847288,47.20620297510743,True
86 AVE,101,36,32.0,29,27.0,0.8888888888888888,51,18236.698842819267,1.8870967741935485,25.0,0.0,0.0,62.0,101.26866160846792,0.21858446608476467,47.1410534140932,True
E 134 ST,170,50,50.0,15,15.0,1.0,22,5833.401791603386,1.5714285714285714,25.0,0.0,0.0,14.0,37.93751639078086,0.24362977236988578,47.061219864070466,True
63 DR,136,50,47.0,34,33.0,0.94,21,7910.737614342987,1.7391304347826086,25.0,0.0,0.0,23.0,47.24893994572437,0.19799215797139388,47.04928815705925,True
SPRING ST,177,52,51.0,23,17.0,0.9807692307692307,23,7349.50426611416,1.4193548387096775,25.0,0.0,0.0,31.0,35.88386005816796,0.26254616059278846,47.0313154952887,True
RESERVOIR AVE,104,51,49.0,27,20.0,0.9607843137254902,10,4333.3003146402625,2.7142857142857144,25.0,0.0,0.0,14.0,34.69655523459145,0.13799560915519643,47.026187426579746,True
E 82 ST,147,47,46.0,39,38.0,0.9787234042553191,38,10514.959726715797,1.1176470588235294,25.0,0.0,0.0,17.0,48.88477387377883,0.3015636392406459,46.86994290776308,True
202 ST,155,37,35.0,26,22.0,0.9459459459459459,49,27474.87920983735,1.84375,24.6875,0.0,0.0,64.0,82.98351871440369,0.2469761919997419,46.85078673083177,True
E 25 ST,139,60,57.0,18,13.0,0.95,18,5958.773682791424,1.1666666666666667,25.0,0.0,0.0,12.0,23.071665142160178,0.3023321946576032,46.742372061351226,True
112 AVE,104,43,43.0,23,22.0,1.0,33,12155.967913257102,1.9696969696969697,25.0,0.0,0.0,33.0,58.5142444803382,0.23853178859929333,46.70064048466178,True
140 AVE,136,44,44.0,39,33.0,1.0,27,8451.102923952081,2.0,25.0,0.0,0.0,42.0,55.841047241484794,0.2117088486241908,46.5068544779994,True
125 ST,144,44,42.0,36,34.0,0.9545454545454546,43,22272.472463620492,1.3191489361702127,25.0,0.0,0.0,47.0,57.283061181073705,0.29425899035659353,46.4971781527008,True
22 ST,127,50,49.0,11,11.0,0.98,25,8713.399841780754,1.4615384615384615,25.0,0.0,0.0,26.0,39.361825974835746,0.2607828178066711,46.4865298192066,True
SNEDIKER AVE,163,55,55.0,19,19.0,1.0,24,8088.286120928332,1.1764705882352942,24.11764705882353,0.0,0.0,17.0,28.324549384999187,0.32002470973011427,46.46319666001436,True
W 13 ST,142,48,48.0,25,25.0,1.0,32,11015.533224688057,1.25,25.0,0.0,0.0,20.0,42.367898967634964,0.29553773197299343,46.33550163465208,True
QUINCY ST,143,48,48.0,17,16.0,1.0,35,10696.588615886232,1.0625,24.6875,0.0,0.0,16.0,42.41913158864093,0.31426932725157697,46.24610423888261,True
GREENWICH ST,193,38,38.0,24,19.0,1.0,37,12686.862159310169,1.6964285714285714,25.0,0.0,0.0,56.0,76.98831647068992,0.21069870466656906,46.214787777504625,True
W 142 ST,167,55,53.0,37,26.0,0.9636363636363636,17,5208.792607101565,1.3571428571428572,25.0,0.0,0.0,14.0,26.6133184274861,0.26188742448316465,46.089659922316955,True
E 110 ST,137,59,56.0,37,35.0,0.9491525423728814,14,4041.2976469871182,1.3,25.0,0.0,0.0,10.0,20.240440057357333,0.27755775572893054,46.07465679646594,True
234 ST,117,45,45.0,31,25.0,1.0,26,13048.472047036612,1.9090909090909092,25.0,0.0,0.0,33.0,49.76586849767948,0.22492094934798013,46.0719436669657,True
MORNINGSTAR RD,120,51,51.0,26,23.0,1.0,15,4712.503826956914,2.0,25.0,0.0,0.0,15.0,28.741869212874008,0.22473414256410382,45.99783806247556,True
E 62 ST,288,60,57.0,50,49.0,0.95,17,4442.379247289713,1.1,25.0,0.0,0.0,10.0,21.23976766870476,0.3077530468764009,45.99467954303591,True
NEW ENGLAND THRUWAY,753,468,52.0,185,35.0,0.1111111111111111,21,2813.021687855951,1.2222222222222223,25.0,1.0,0.75,9.0,30.362330008141473,0.277546727030855,45.99453551318592,True
BATHGATE AVE,139,45,45.0,17,15.0,1.0,32,8984.63280499712,1.3181818181818181,25.0,0.0,0.0,22.0,48.6517269598361,0.26758018594257094,45.97712977892444,True
BEACH AVE,117,46,46.0,17,14.0,1.0,31,12324.986688936453,1.3235294117647058,25.0,0.0,0.0,34.0,45.834591323046155,0.2730832924124916,45.95482965390385,True
131 ST,127,42,41.0,30,28.0,0.9761904761904762,37,15021.02771403645,1.6896551724137931,25.0,0.0,0.0,29.0,60.356835502064754,0.2540098265994946,45.91682642939441,True
122 ST,97,46,46.0,32,30.0,1.0,29,10774.846730731118,1.5,25.0,0.0,0.0,20.0,45.45033200854701,0.2616698520990205,45.856168457972935,True
W 238 ST,130,50,47.0,29,26.0,0.94,17,5084.785174743413,1.696969696969697,23.484848484848484,1.0,0.75,33.0,40.889187881068885,0.18760690148272408,45.853569472824255,True
MENAHAN ST,139,51,51.0,14,12.0,1.0,33,9982.835851508129,1.05,25.0,0.0,0.0,20.0,35.714577823565676,0.33916116839529714,45.81577835522515,True
118 ST,193,44,42.0,25,22.0,0.9545454545454546,40,17026.2393323379,1.3548387096774193,25.0,0.0,0.0,31.0,54.97972928170233,0.2878050608608254,45.73563177587738,True
W 183 ST,156,54,54.0,32,28.0,1.0,18,4392.649449450622,1.2352941176470589,24.41176470588235,0.0,0.0,17.0,24.962880586676967,0.2859774938200491,45.696037362424384,True
MILLER AVE,166,53,52.0,25,25.0,0.9811320754716981,25,8063.253978936326,1.2222222222222223,25.0,0.0,0.0,18.0,31.266287368447998,0.30753947228599754,45.62356495876298,True
SHELL RD,149,65,50.0,26,22.0,0.7692307692307693,12,8026.309146272659,2.0,25.0,0.0,0.0,24.0,26.797563431623445,0.1991863430593976,45.37839150987743,True
ARTHUR AVE,148,45,44.0,22,22.0,0.9777777777777777,27,8207.623876737325,1.4583333333333333,25.0,0.0,0.0,24.0,49.757732417890594,0.2315975962722868,45.333476987962484,True
W 53 ST,163,59,54.0,45,41.0,0.9152542372881356,22,5520.327596280273,1.0,25.0,0.0,0.0,9.0,26.313751909321226,0.3171214034565709,45.22009814903714,True
W 10 ST,145,43,42.0,17,13.0,0.9767441860465116,34,11305.931788065544,1.0,24.318181818181817,1.0,0.75,22.0,54.483283330031796,0.2574018470823133,45.21322018680203,True
158 ST,122,47,44.0,29,25.0,0.9361702127659575,31,17320.88911375929,1.8717948717948718,25.0,0.0,0.0,39.0,48.1758511573887,0.2633063678464139,45.09952820091926,True
WALLABOUT ST,131,50,49.0,14,12.0,0.98,17,4669.5411422637635,1.8,25.0,0.0,0.0,15.0,31.798560623159805,0.2289603662357769,45.061552140496154,True
E 158 ST,109,44,44.0,19,19.0,1.0,19,5951.42643215954,1.4,25.0,1.0,0.75,20.0,49.64835595848172,0.17530164991074873,44.99016611880505,True
BOERUM PL,167,50,48.0,15,14.0,0.96,8,3176.1977457478297,2.8333333333333335,25.0,0.0,0.0,12.0,26.814757935385142,0.1421563870476005,44.98838252936551,True
W 168 ST,160,49,44.0,23,19.0,0.8979591836734694,15,3789.5407958825676,1.875,25.0,1.0,0.75,16.0,50.83420981130853,0.1408192059894225,44.96238799919359,True
MACOMBS RD,128,64,43.0,17,11.0,0.671875,10,3895.37611627197,2.3846153846153846,25.0,1.0,0.75,26.0,68.51893132117029,0.07498594992637587,44.913561306223905,True
BERRY ST,113,50,50.0,9,9.0,1.0,21,6530.153172133869,1.1612903225806452,25.0,0.0,0.0,31.0,31.244653118347035,0.27183963212055606,44.90155340339804,True
W 129 ST,204,49,48.0,29,26.0,0.9795918367346939,22,5339.595142202766,1.3846153846153846,25.0,0.0,0.0,13.0,35.64656748372762,0.25529021685248526,44.84628953404828,True
BRADDOCK AVE,124,48,42.0,26,23.0,0.875,20,13911.725313962595,1.9523809523809523,25.0,1.0,0.75,63.0,59.89003929201533,0.15646604822569632,44.799183750624074,True
94 AVE,125,44,44.0,19,16.0,1.0,29,11897.283667363527,1.6585365853658536,25.0,0.0,0.0,41.0,47.0538478134403,0.25502672620514133,44.77881281019041,True
JERSEY ST,103,49,48.0,20,20.0,0.9795918367346939,20,5218.936034090174,1.894736842105263,25.0,0.0,0.0,19.0,34.66504857439804,0.2426909062304649,44.76372855398143,True
PAGE AVE,144,44,40.0,19,15.0,0.9090909090909091,17,8420.983875308808,2.4,25.0,1.0,0.75,20.0,88.25204448771821,0.09665411841824441,44.66375882183831,True
S 4 ST,153,54,53.0,23,22.0,0.9814814814814815,21,5523.078606191479,1.1818181818181819,25.0,0.0,0.0,22.0,26.024002395379146,0.3094952676273,44.65105640184447,True
TRAVIS AVE,79,38,38.0,14,14.0,1.0,22,12046.376338738077,2.0,25.0,1.0,0.75,25.0,96.01108225518786,0.11290509706836978,44.54974687306317,True
E 81 ST,159,46,44.0,15,13.0,0.9565217391304348,35,9853.701963222835,1.1764705882352942,25.0,0.0,0.0,17.0,45.633642150310216,0.298745186349715,44.48804272862317,True
193 ST,93,39,39.0,14,10.0,1.0,33,20508.67098899291,1.75,25.0,0.0,0.0,60.0,63.19469205877572,0.22483729691225138,44.43986916211944,True
E 178 ST,160,49,48.0,30,28.0,0.9795918367346939,30,8086.124472960737,1.1153846153846154,25.0,0.0,0.0,26.0,36.61088777397604,0.31278492877844927,44.43765734353333,True
LEE AVE,166,54,51.0,25,25.0,0.9444444444444444,18,5562.289318163964,1.25,25.0,0.0,0.0,20.0,26.736524971495033,0.2721697232605757,44.39621671615191,True
SHORE BLVD,115,43,42.0,15,9.0,0.9767441860465116,24,14920.794828715128,1.7843137254901962,25.0,0.0,0.0,51.0,52.53351032547312,0.20239687988830277,44.13194962414698,True
E 99 ST,135,44,42.0,26,23.0,0.9545454545454546,30,10286.76241258733,1.3333333333333333,25.0,0.0,0.0,21.0,50.57686045731566,0.24781869754212182,44.125506387532496,True
E 119 ST,184,52,50.0,37,37.0,0.9615384615384616,18,4836.563350154716,1.3,25.0,0.0,0.0,10.0,27.766286056758577,0.26474817346070495,44.11366484427903,True
E 229 ST,131,44,42.0,16,11.0,0.9545454545454546,24,7126.324661751245,1.5625,25.0,0.0,0.0,16.0,52.00602875309434,0.2040308858239268,44.04153891007352,True
S 5 ST,103,55,55.0,16,14.0,1.0,19,4787.511574852633,1.0,25.0,0.0,0.0,15.0,21.60158510010875,0.3282058649602509,44.03844434947986,True
183 ST,113,42,40.0,30,28.0,0.9523809523809523,32,14189.507614145621,1.7058823529411764,25.0,0.0,0.0,34.0,56.97742576848529,0.23777762988858525,44.03685206083983,True
E 65 ST,154,43,41.0,23,23.0,0.9534883720930233,31,12101.068060890844,1.5714285714285714,25.0,0.0,0.0,21.0,53.45740945973666,0.24362977236988578,44.0349958309941,True
UNDERHILL AVE,133,42,42.0,12,11.0,1.0,34,17765.853771827067,1.7857142857142858,24.196428571428573,0.0,0.0,56.0,49.29726495380607,0.27698006495404204,44.02119692089206,True
HINSDALE ST,161,52,51.0,33,29.0,0.9807692307692307,24,7946.771854579246,1.2352941176470589,24.11764705882353,0.0,0.0,17.0,28.635254043314614,0.3176553334423411,43.89571916577586,True
E 30 ST,158,52,51.0,47,43.0,0.9807692307692307,16,4198.43486576599,1.375,25.0,0.0,0.0,8.0,24.317763398242146,0.26764546007356965,43.85862050893068,True
LAUREL HILL BLVD,142,65,44.0,27,21.0,0.676923076923077,17,17011.705850162645,1.934782608695652,28.47826086956522,0.0,0.0,46.0,43.19870366806046,0.17937607959873522,43.85626660537984,True
182 ST,109,39,38.0,12,9.0,0.9743589743589743,33,12662.332798649215,1.8285714285714285,25.0,0.0,0.0,35.0,64.12263866053034,0.22230690261599467,43.807242888779335,True
HAVEMEYER ST,135,51,51.0,17,17.0,1.0,16,3848.2962637507003,1.3529411764705883,25.0,0.0,0.0,17.0,24.124068287852975,0.26921588466848034,43.764572267824676,True
DECKER AVE,62,48,47.0,16,14.0,0.9791666666666666,12,3897.2093707349177,1.9285714285714286,25.0,0.0,0.0,14.0,28.790833593814455,0.18798851861186172,43.5768857821443,True
COLLEGE AVE,127,38,37.0,18,18.0,0.9736842105263158,34,12328.703155333202,1.736842105263158,25.0,0.0,0.0,38.0,65.6730189669321,0.22333940548346862,43.403815009490835,True
E 101 ST,132,45,45.0,19,17.0,1.0,27,8461.538499479473,1.1538461538461537,25.0,0.0,0.0,13.0,38.5465886008852,0.28009026326212394,43.19246230228315,True
FULTON AVE,195,47,46.0,26,26.0,0.9787234042553191,24,6208.9579785751475,1.2727272727272727,25.0,0.0,0.0,11.0,35.552679392862345,0.2727043402388407,43.15097032656688,True
W 54 ST,265,55,48.0,41,37.0,0.8727272727272727,23,6235.252114795872,1.0909090909090908,25.0,0.0,0.0,11.0,31.11236123216084,0.2910903938541679,43.08417057980279,True
W 115 ST,122,45,44.0,21,18.0,0.9777777777777777,22,4837.3600019699925,1.4615384615384615,25.0,0.0,0.0,13.0,40.00928230485597,0.23396573775973326,43.0663087902648,True
83 AVE,94,37,36.0,14,12.0,0.972972972972973,32,12628.592696601127,1.8333333333333333,25.0,0.0,0.0,48.0,70.85037920568469,0.20055686255325222,42.98948271228322,True
STANHOPE ST,172,47,47.0,15,15.0,1.0,22,7680.56682391992,1.2857142857142858,25.0,0.0,0.0,14.0,32.332511801714965,0.274280154040302,42.97699907759007,True
E 43 ST,130,47,43.0,23,21.0,0.9148936170212766,32,12603.842568911543,1.1818181818181819,25.0,0.0,0.0,22.0,42.69041213345787,0.2939613607205058,42.90899312948872,True
INWOOD ST,126,51,44.0,19,19.0,0.8627450980392157,26,11026.518551094256,1.5185185185185186,25.0,0.0,0.0,27.0,39.61939769354282,0.26713536793775966,42.82978619107556,True
59 AVE,142,33,31.0,34,31.0,0.9393939393939394,46,19081.042869469024,1.719298245614035,25.0,0.0,0.0,57.0,79.57624808571612,0.24304495454177044,42.806212007802635,True
E 118 ST,145,52,50.0,34,34.0,0.9615384615384616,16,4503.5000601303655,1.3,25.0,0.0,0.0,10.0,23.47479863216966,0.2746170967091163,42.71572621074175,True
E 236 ST,111,43,42.0,13,12.0,0.9767441860465116,19,6277.172149268624,1.4,25.0,1.0,0.75,20.0,44.9773404192127,0.19004727591933926,42.565835436155915,True
W 86 ST,117,41,40.0,20,17.0,0.975609756097561,11,3490.0898607695235,4.0,25.0,0.0,0.0,6.0,73.34430520478287,0.07689850384105083,42.56412718186717,True
CROSBY AVE,98,42,41.0,16,16.0,0.9761904761904762,19,5775.252710114059,2.0,25.0,0.0,0.0,14.0,49.71439290298762,0.1751095677200797,42.525973574185095,True
W 17 ST,175,47,43.0,30,30.0,0.9148936170212766,26,7273.358435837802,1.4166666666666667,25.0,0.0,0.0,12.0,41.08471710711073,0.26008576303505326,42.50186218737491,True
E 196 ST,124,47,47.0,15,15.0,1.0,16,3960.4988325493623,1.7142857142857142,25.0,0.0,0.0,14.0,27.52669573359256,0.2440594768640689,42.24735554792576,True
W DR,314,293,45.0,155,3.0,0.15358361774744028,16,31906.797075786773,1.4206349206349207,21.944444444444443,1.0,0.75,126.0,32.04705430144476,0.2171080171973051,42.18781164252231,True
WHITNEY AVE,111,47,47.0,23,22.0,1.0,16,5763.5434988698635,1.9565217391304348,21.956521739130434,0.0,0.0,23.0,27.25084283462656,0.24592246158937003,42.14323865557602,True
E 153 ST,131,44,41.0,34,30.0,0.9318181818181818,21,4983.278792396284,1.7619047619047619,25.0,0.0,0.0,21.0,46.223851816624794,0.20149821481149827,42.0525968154897,True
139 ST,142,43,41.0,19,18.0,0.9534883720930233,30,10900.151574023364,1.4482758620689655,25.0,0.0,0.0,29.0,44.85870313107389,0.27085215088035347,42.04513804266012,True
NATIONAL ST,92,49,48.0,22,21.0,0.9795918367346939,6,1811.9524208553235,2.0,25.0,0.0,0.0,11.0,15.067571240365833,0.18112136621100353,42.03523351040851,True
30 ST,197,49,47.0,29,27.0,0.9591836734693877,26,14637.823234539244,1.1666666666666667,24.666666666666668,0.0,0.0,30.0,30.911554854794858,0.31842557018472484,41.877027681252386,True
W 124 ST,112,54,51.0,34,32.0,0.9444444444444444,15,3720.1190760895583,1.1666666666666667,25.0,0.0,0.0,12.0,19.967800892571244,0.2944114494837946,41.86376528011218,True
W 27 ST,173,45,44.0,21,18.0,0.9777777777777777,24,6305.476484273663,1.4,25.0,0.0,0.0,10.0,35.98968410923014,0.2702880360535029,41.834907449715644,True
W 176 ST,108,43,41.0,17,17.0,0.9534883720930233,17,5431.070965467004,1.5833333333333333,25.0,1.0,0.75,24.0,45.4602578724238,0.1719872327036319,41.767107408622756,True
W 58 ST,188,43,40.0,26,25.0,0.9302325581395349,25,6390.710473571033,1.4444444444444444,25.0,0.0,0.0,9.0,47.53710239073878,0.2260733031159658,41.70393763339756,True
OLMSTEAD AVE,109,43,39.0,15,15.0,0.9069767441860465,21,8247.110194040652,2.0,24.285714285714285,0.0,0.0,28.0,53.782329875562176,0.17822706835649071,41.63461131720001,True
DE WITT AVE,102,47,45.0,8,8.0,0.9574468085106383,8,1642.887707381212,2.5,25.0,0.0,0.0,8.0,23.584209796858325,0.1585416675251646,41.60470490982483,True
MARION AVE,189,49,45.0,29,29.0,0.9183673469387755,25,7699.845785751933,1.3,25.0,0.0,0.0,20.0,33.352281982582056,0.2939588870864917,41.57604977450254,True
E 24 ST,129,39,35.0,24,18.0,0.8974358974358975,43,20788.82944663632,1.2058823529411764,25.0,0.0,0.0,34.0,57.289219653101675,0.2942366654886123,41.55830566707188,True
COURTLANDT AVE,128,44,44.0,14,11.0,1.0,17,4523.494916915927,1.4,25.0,0.0,0.0,20.0,33.009976269197104,0.22242681118251126,41.555524066737384,True
143 ST,165,36,34.0,44,43.0,0.9444444444444444,36,15656.415608830803,1.803921568627451,25.0,0.0,0.0,51.0,66.56392952107642,0.23100820420694726,41.52253488058546,True
55 AVE,114,37,37.0,38,35.0,1.0,34,12223.46715657129,1.4324324324324325,25.0,0.0,0.0,37.0,54.40489923087154,0.2576771396303195,41.48484464936493,True
COLONIAL RD,69,38,38.0,11,11.0,1.0,21,7817.629023093888,2.0,25.0,0.0,0.0,28.0,58.59827370409514,0.16601102504588364,41.41954053179251,True
DOUGLASTON PKWY,141,44,31.0,43,17.0,0.7045454545454546,30,16239.21874978753,2.0,25.0,1.0,0.75,64.0,109.27818782597232,0.13231048694637626,41.357025148534305,True
177 ST,109,42,40.0,38,32.0,0.9523809523809523,26,12344.473487893765,1.75,25.0,0.0,0.0,32.0,45.17036326744142,0.24226017516375042,41.25257311083058,True
BOND ST,133,50,50.0,28,25.0,1.0,24,7830.450832626325,1.2333333333333334,23.166666666666668,0.0,0.0,30.0,24.85777509202834,0.3490767482214985,41.22343388607169,True
77 AVE,99,24,24.0,20,20.0,1.0,44,17802.41776521182,1.8679245283018868,25.0,1.0,0.75,53.0,138.2292207721202,0.15024166819419288,41.16198868532609,True
WYONA ST,101,52,51.0,17,16.0,0.9807692307692307,23,7377.510199466108,1.0,25.0,0.0,0.0,14.0,23.035153432825716,0.3567471935313882,41.0236194696247,True
MIDDLETOWN RD,83,40,40.0,24,23.0,1.0,18,4786.065343305274,2.0,25.0,0.0,0.0,21.0,45.577803092278096,0.179898951909118,41.00344093025627,True
W 25 ST,188,43,42.0,31,31.0,0.9767441860465116,28,7900.014215368058,1.1538461538461537,25.0,0.0,0.0,13.0,38.263462025123054,0.28899416934080807,40.92016231174005,True
KENMARE ST,100,48,47.0,14,12.0,0.9791666666666666,5,1127.9128888001728,2.0,25.0,0.0,0.0,5.0,12.77527104896948,0.1785713818781178,40.88844285681046,True
REVIEW AVE,123,46,43.0,8,6.0,0.9347826086956522,14,4539.064880238927,1.75,25.0,0.0,0.0,8.0,31.500642724450238,0.19798535559960806,40.72329566063334,True
THROGS NECK EXPY,242,86,27.0,106,70.0,0.313953488372093,28,27721.549296506964,2.2280701754385963,36.40350877192982,1.0,0.75,57.0,337.20416975095594,0.04408846186484418,40.67642470838067,True
E 89 ST,142,38,36.0,33,26.0,0.9473684210526315,39,14307.886589703248,1.1612903225806452,25.0,0.0,0.0,31.0,51.874432742495344,0.2945789980845307,40.67627449244455,True
124 ST,153,34,33.0,25,22.0,0.9705882352941176,42,21079.229114086083,1.3095238095238095,25.0,0.0,0.0,42.0,59.398409500893685,0.2819962512149157,40.444252517288234,True
W 21 ST,191,47,43.0,34,27.0,0.9148936170212766,26,7748.132138660136,1.25,25.0,0.0,0.0,12.0,34.066695868629864,0.2977141139090999,40.340429276248635,True
PUGSLEY AVE,102,37,37.0,17,13.0,1.0,21,7902.366205046389,1.9615384615384615,24.615384615384617,0.0,0.0,26.0,55.97063481219137,0.17246059949347536,40.27168705248232,True
WASHINGTON ST,170,35,35.0,14,14.0,1.0,32,10642.829437206577,1.6666666666666667,25.0,0.0,0.0,42.0,57.238864727531485,0.23694891736704554,40.269474920660755,True
115 ST,144,40,39.0,13,13.0,0.975,32,16929.459608549932,1.3333333333333333,25.0,0.0,0.0,33.0,43.06766908467512,0.2921386222942633,40.18832324234596,True
W 132 ST,133,44,42.0,24,23.0,0.9545454545454546,16,4019.253564035657,1.8333333333333333,25.0,0.0,0.0,12.0,33.3580175404392,0.21037066241255742,40.18198042542449,True
W 127 ST,161,45,44.0,27,27.0,0.9777777777777777,18,4393.692337382279,1.1818181818181819,25.0,0.0,0.0,11.0,28.996575874022003,0.256395301758693,40.15319254380621,True
SCHERMERHORN ST,167,41,40.0,21,20.0,0.975609756097561,19,4502.749502906265,1.7777777777777777,24.444444444444443,0.0,0.0,9.0,40.607479769118676,0.20627996767087778,40.12531090713452,True
W GUN HILL RD,101,68,41.0,18,17.0,0.6029411764705882,7,1806.1802583457188,4.0,25.0,0.0,0.0,5.0,32.73405484074908,0.10616857813785308,40.12241635547686,True
E 224 ST,111,48,44.0,15,15.0,0.9166666666666666,27,6953.182715347318,1.0,25.0,0.0,0.0,9.0,31.760317614754328,0.3207420026692774,40.07421975972043,True
63 AVE,78,35,35.0,22,19.0,1.0,29,13069.805274080214,1.8604651162790697,25.0,0.0,0.0,43.0,57.37535181003894,0.21920553313983704,39.904800922711004,True
116 ST,146,33,33.0,21,16.0,1.0,39,16940.642302941502,1.5757575757575757,25.0,0.0,0.0,33.0,58.37392383420727,0.2706571928176533,39.867634995735486,True
PINE ST,121,35,33.0,11,10.0,0.9428571428571428,33,11351.866963888804,1.2592592592592593,25.0,1.0,0.75,27.0,62.43694033364484,0.22694671713513442,39.68061697122352,True
3 ST,110,33,33.0,13,11.0,1.0,28,16327.92540257183,1.4473684210526316,25.0,1.0,0.75,38.0,69.4933157183906,0.18287200843834026,39.67360593999654,True
198 ST,97,33,33.0,9,5.0,1.0,37,16469.22778088056,1.696969696969697,25.0,0.0,0.0,33.0,58.588626699781294,0.25968510583687526,39.644985232753,True
117 ST,138,35,35.0,20,17.0,1.0,40,17213.82516088006,1.3103448275862069,25.0,0.0,0.0,29.0,49.9503748578461,0.30786199791523167,39.60265227331815,True
E 100 ST,128,43,41.0,24,21.0,0.9534883720930233,26,8097.018732393524,1.1764705882352942,25.0,0.0,0.0,17.0,35.88286320086484,0.28696986454174483,39.531535945910605,True
W 140 ST,155,45,45.0,11,11.0,1.0,18,4498.730585420345,1.2727272727272727,25.0,0.0,0.0,11.0,25.453458380787772,0.2820201370322957,39.4874816540423,True
CORNAGA AVE,157,43,40.0,28,26.0,0.9302325581395349,22,6325.507218679515,1.6551724137931034,25.0,0.0,0.0,29.0,37.335176447048,0.24659108711411018,39.34287826311028,True
W 11 ST,128,36,36.0,17,17.0,1.0,37,12182.460664751103,1.2173913043478262,24.130434782608695,0.0,0.0,23.0,46.35821958735036,0.30715285497968775,39.181556718761186,True
SHORE FRONT PKWY,121,45,36.0,14,12.0,0.8,29,17251.946880682273,1.7402597402597402,25.0,0.0,0.0,77.0,48.52698121437641,0.24921425903582176,39.121902341296476,True
NELSON AVE,176,36,36.0,35,32.0,1.0,30,11509.093108848763,1.5681818181818181,25.0,0.0,0.0,44.0,46.68198154401631,0.2630561769301781,38.80996122700765,True
VERMONT PL,135,79,47.0,19,17.0,0.5949367088607594,2,2813.5545024052994,2.3333333333333335,25.0,0.0,0.0,15.0,4.565798858548855,0.19569369830022057,38.69589424421398,True
POWELL ST,113,42,39.0,31,30.0,0.9285714285714286,23,8667.518000306945,1.380952380952381,24.285714285714285,0.0,0.0,21.0,37.661467322552795,0.2532929056241863,38.66095916885647,True
LYDIG AVE,124,48,45.0,22,19.0,0.9375,19,5385.782350738087,1.0476190476190477,25.0,0.0,0.0,21.0,24.05538908299369,0.3049357366105553,38.613239642001204,True
MORRISON AVE,138,47,42.0,25,22.0,0.8936170212765957,16,7906.340291387742,1.375,25.0,0.0,0.0,16.0,27.92546765518771,0.2414157070572788,38.602186822476604,True
W 144 ST,167,45,43.0,18,15.0,0.9555555555555556,17,4283.671104361184,1.3636363636363635,25.0,0.0,0.0,11.0,26.246801941296198,0.26457690886600294,38.567490644008224,True
BARCLAY AVE,82,38,38.0,9,7.0,1.0,20,11654.80201150266,1.896551724137931,25.0,0.0,0.0,29.0,40.58565865571953,0.21489538015526213,38.555646099772595,True
COOPER ST,134,47,47.0,22,22.0,1.0,14,5639.38532574879,1.6666666666666667,23.333333333333332,0.0,0.0,9.0,18.44864770991162,0.2965216380017793,38.53390625177714,True
HUNTERS POINT AVE,159,39,39.0,14,14.0,1.0,11,3885.2728869168664,2.0,25.25,1.0,0.75,20.0,35.79725865403282,0.1457963028514052,38.53305215276865,True
107 ST,172,38,36.0,31,26.0,0.9473684210526315,33,12402.779217868192,1.4137931034482758,24.482758620689655,0.0,0.0,29.0,44.55401925056315,0.2914859697031763,38.49337659611004,True
72 AVE,97,35,34.0,16,13.0,0.9714285714285714,28,11090.302151071055,1.7567567567567568,25.0,0.0,0.0,37.0,53.840004133748025,0.22412361922634969,38.446613531921344,True
142 ST,110,38,35.0,13,11.0,0.9210526315789473,32,12985.993016406108,1.5333333333333334,25.0,0.0,0.0,30.0,47.68560452710237,0.27152940162331796,38.44451460647416,True
MONROE ST,151,35,35.0,10,7.0,1.0,41,12748.271771106767,1.0384615384615385,25.0,0.0,0.0,26.0,45.19338503544239,0.3350656476165873,38.41545315830573,True
144 ST,107,42,41.0,24,20.0,0.9761904761904762,27,12409.83864005182,1.1333333333333333,25.0,0.0,0.0,30.0,32.44539714366506,0.3161104167892199,38.29580092561771,True
NEILL AVE,70,36,36.0,10,10.0,1.0,19,5144.56958274244,2.0,25.0,0.0,0.0,22.0,48.88471093414429,0.1775538757509052,38.287730364287384,True
HENDRIX ST,153,41,40.0,10,10.0,0.975609756097561,31,8942.384770692066,1.2222222222222223,25.0,0.0,0.0,18.0,34.808921958952716,0.3309548226726604,38.28198768744525,True
LILY POND AVE,78,40,36.0,16,15.0,0.9,9,5287.806277477446,3.533333333333333,30.0,0.0,0.0,30.0,66.66512627772518,0.06975618838439997,38.13908232546041,True
W 118 ST,124,44,43.0,11,9.0,0.9772727272727273,18,4255.660394607761,1.2222222222222223,25.0,0.0,0.0,9.0,25.569322155492333,0.2811014317866623,38.10021150089685,True
BRUSH AVE,109,39,38.0,14,13.0,0.9743589743589743,14,4994.159080119988,2.0,25.0,0.0,0.0,19.0,38.58717821317931,0.16772378265531418,38.09848375100722,True
56 RD,100,39,37.0,10,9.0,0.9487179487179487,21,8795.70664163139,1.5789473684210527,25.0,0.0,0.0,19.0,42.05042570523293,0.21715382392775814,38.096719254354376,True
WATCHOGUE RD,55,37,37.0,19,17.0,1.0,20,6623.209082310603,2.0,25.0,0.0,0.0,37.0,41.843298684452826,0.20979151484191125,38.0160829678432,True
W 5 ST,91,36,36.0,29,29.0,1.0,25,10004.724687151393,1.4285714285714286,25.0,0.0,0.0,21.0,44.07634911841937,0.23957140626292975,37.934862315770104,True
GRAVESEND NECK RD,84,36,35.0,14,13.0,0.9722222222222222,32,10055.869874584527,1.236842105263158,25.0,0.0,0.0,38.0,45.40635659842171,0.2813248518671761,37.927566728528,True
E 11 ST,145,35,33.0,17,16.0,0.9428571428571428,28,9050.877502127134,1.15,24.25,1.0,0.75,20.0,55.47732294687615,0.21895731289889883,37.92157423360876,True
EDGEWATER RD,280,41,40.0,43,40.0,0.975609756097561,10,4617.686911706448,2.1818181818181817,25.0,0.0,0.0,11.0,26.821639761122796,0.17156060415899502,37.73911255559335,True
MONTROSE AVE,117,40,39.0,21,18.0,0.975,12,3318.9607643110776,2.0,25.0,0.0,0.0,8.0,31.204102760796832,0.17600876230334347,37.6278537758838,True
W 143 ST,177,50,40.0,11,9.0,0.8,20,4969.714805338286,1.3076923076923077,25.0,0.0,0.0,13.0,30.811073582839633,0.2650030401092545,37.56490656411226,True
WICKHAM AVE,73,40,37.0,26,14.0,0.925,24,9509.05143068691,1.9444444444444444,23.61111111111111,0.0,0.0,18.0,39.067619927872016,0.2544110190738643,37.52602529290735,True
E 77 ST,142,41,41.0,19,19.0,1.0,23,6658.198334388949,1.2142857142857142,25.0,0.0,0.0,14.0,29.149096983259728,0.30472178403870176,37.38877169026927,True
HARMAN ST,173,41,40.0,26,25.0,0.975609756097561,29,8795.68096684602,1.0,25.0,0.0,0.0,17.0,32.1184174528533,0.33400705335181524,37.36749583767843,True
LINDEN ST,197,43,41.0,35,34.0,0.9534883720930233,27,11310.461649088347,1.0,25.0,0.0,0.0,21.0,29.790251843753474,0.3348505284984905,37.24640990554587,True
LORRAINE ST,65,42,42.0,6,6.0,1.0,11,3030.717378184747,1.6666666666666667,25.0,0.0,0.0,6.0,20.87163375070516,0.2264477631568699,37.21552872368808,True
FAILE ST,141,39,32.0,15,15.0,0.8205128205128205,23,7511.884536546161,1.35,25.0,1.0,0.75,20.0,62.435299201894004,0.16986000279509708,37.16974000750333,True
PITMAN AVE,73,37,37.0,8,8.0,1.0,14,3877.632084764925,2.0,25.0,0.0,0.0,15.0,37.465448820032364,0.17188235105693966,37.08000243748384,True
65 AVE,96,34,32.0,15,12.0,0.9411764705882353,32,13183.600697310365,1.4772727272727273,25.0,0.0,0.0,44.0,51.16198337429217,0.25783647774825436,36.940658299898104,True
E 129 ST,123,48,47.0,24,24.0,0.9791666666666666,7,1730.8278823539613,1.5,25.0,0.0,0.0,6.0,10.27326200220082,0.2745581916682053,36.9163732294523,True
BRADFORD ST,102,43,43.0,33,32.0,1.0,20,7434.331201760089,1.0625,25.0,0.0,0.0,16.0,23.792817195263215,0.3182914724973254,36.88651750255502,True
STOCKHOLM ST,131,44,42.0,15,15.0,0.9545454545454546,24,6639.508514763234,1.0,25.0,0.0,0.0,12.0,26.58075927132687,0.3340070533518153,36.84986483929359,True
FREEMAN ST,118,35,35.0,31,28.0,1.0,27,6475.246794815182,1.4210526315789473,23.157894736842106,0.0,0.0,19.0,41.6806356998528,0.2646024036789512,36.76771226428446,True
E MOUNT EDEN AVE,121,45,45.0,10,9.0,1.0,11,2302.7626096510016,1.4166666666666667,22.5,1.0,0.75,12.0,15.622442626344295,0.2811435244832794,36.74068997926068,True
E 151 ST,149,41,40.0,13,13.0,0.975609756097561,20,4822.446558401163,1.4285714285714286,25.0,0.0,0.0,14.0,28.374571308064603,0.2813562135731093,36.72911340207287,True
E 69 ST,122,36,31.0,18,9.0,0.8611111111111112,26,10173.874287614757,1.7777777777777777,25.0,0.0,0.0,18.0,60.69398204749954,0.19220726821433656,36.70739917175544,True
WARREN ST,210,27,26.0,16,15.0,0.9629629629629629,43,11855.646274915334,1.5161290322580645,24.193548387096776,0.0,0.0,31.0,66.03167368683623,0.2656282500157355,36.63354342663527,True
53 AVE,89,22,21.0,31,16.0,0.9545454545454546,47,24388.242991149076,1.7073170731707317,25.0,0.0,0.0,82.0,91.28614613492984,0.222382719656101,36.63042433163184,True
WARWICK ST,130,41,39.0,13,12.0,0.9512195121951219,28,8103.152673455051,1.1764705882352942,25.0,0.0,0.0,17.0,31.654755827298796,0.32945145853666086,36.58009859399568,True
78 AVE,123,25,24.0,16,14.0,0.96,42,17093.170644474463,1.903225806451613,25.0,0.0,0.0,62.0,79.28797573282895,0.22733865847880627,36.56909423311013,True
W 79 ST,121,36,35.0,22,22.0,0.9722222222222222,10,3406.477174770997,2.4545454545454546,25.0,1.0,0.75,22.0,50.65789342247207,0.09881215037718748,36.54719011945129,True
W 20 ST,163,43,41.0,22,18.0,0.9534883720930233,23,6762.80816570999,1.0,25.0,0.0,0.0,9.0,27.055085375531466,0.3207420026692774,36.52728015629587,True
W 177 ST,143,47,46.0,14,12.0,0.9787234042553191,13,3436.113801667583,1.1,25.0,0.0,0.0,10.0,15.6888926894194,0.31518546342009734,36.44637959553835,True
MIDLAND AVE,66,32,31.0,23,23.0,0.96875,17,7000.462782822815,2.0434782608695654,25.0,1.0,0.75,23.0,85.85481179647695,0.09908547972879814,36.435315342286856,True
HART ST,165,32,32.0,26,24.0,1.0,37,12831.063925995599,1.12,25.0,0.0,0.0,25.0,46.17076756041402,0.3080157814531952,36.364820043912516,True
GLEASON AVE,128,39,38.0,18,14.0,0.9743589743589743,27,8226.075764658763,1.0526315789473684,25.0,0.0,0.0,19.0,32.67924541901592,0.314559921491885,36.32630385672806,True
68 AVE,107,25,25.0,17,16.0,1.0,42,16328.52438091621,1.697674418604651,25.0,0.0,0.0,43.0,70.59850497412594,0.24837038839914746,36.32531839084412,True
BEDELL ST,95,37,37.0,26,22.0,1.0,16,7657.052768534088,1.7692307692307692,25.0,0.0,0.0,13.0,33.55936300619524,0.20937276685553396,36.27962431286159,True
LACOMBE AVE,70,31,31.0,21,19.0,1.0,22,6497.921703830836,1.9565217391304348,25.0,0.0,0.0,23.0,62.51710155148651,0.16350446661841525,36.15318687853423,True
COMMONWEALTH BLVD,76,32,32.0,18,12.0,1.0,19,10639.27761029315,2.176470588235294,25.0,0.0,0.0,34.0,59.54574024047246,0.15055062196304697,36.14702832563566,True
SHEEPSHEAD BAY RD,172,52,39.0,35,26.0,0.75,14,4934.081593218608,1.6666666666666667,25.0,0.0,0.0,21.0,26.4347309454718,0.22730273653669628,36.14387995858587,True
42 AVE,171,35,33.0,10,7.0,0.9428571428571428,40,18215.745840465617,1.4067796610169492,23.64406779661017,0.0,0.0,59.0,42.09066921958825,0.3454884974626179,36.14072164960521,True
BALCOM AVE,53,34,31.0,4,0.0,0.9117647058823529,21,8705.179769242452,2.0,25.0,0.0,0.0,16.0,64.46343725691092,0.1532209317171068,36.127299034960835,True
195 ST,97,32,32.0,26,21.0,1.0,29,17105.36350205813,1.8157894736842106,25.0,0.0,0.0,38.0,48.49597346924067,0.24933387364082635,36.11300496456207,True
BARBEY ST,100,33,33.0,21,20.0,1.0,26,9074.195904035609,1.2380952380952381,25.0,1.0,0.75,21.0,45.87093213227279,0.23944616765003682,36.08189537315644,True
WOODBINE ST,119,28,28.0,27,23.0,1.0,33,10336.872918037388,1.0526315789473684,25.0,1.0,0.75,19.0,63.74621236204466,0.22332647255532553,35.983075514029004,True
W 152 ST,105,36,36.0,15,15.0,1.0,13,3866.1317086454856,1.5,25.0,1.0,0.75,12.0,35.349738025808875,0.1696197156504024,35.88970274883943,True
E 73 ST,156,38,34.0,27,26.0,0.8947368421052632,25,11321.141903896041,1.4761904761904763,25.0,0.0,0.0,21.0,41.41978461427735,0.251078973871579,35.86295190730088,True
27 AVE,114,28,28.0,13,12.0,1.0,34,21797.868468208777,1.8064516129032258,25.0,0.0,0.0,62.0,61.385572401566506,0.23526848015602206,35.854572878055386,True
W 158 ST,112,40,36.0,22,17.0,0.9,11,2962.2263837146697,1.7,25.0,1.0,0.75,10.0,34.54934668834742,0.15027107598736317,35.78200876597334,True
10 ST,139,23,23.0,12,10.0,1.0,44,17636.271110588496,1.4523809523809523,25.0,0.0,0.0,42.0,74.77295499051444,0.2463360714863401,35.75354634160243,True
HIMROD ST,149,42,42.0,20,18.0,1.0,21,8735.494810700266,1.0,25.0,0.0,0.0,16.0,23.258164362411012,0.33400705335181524,35.740094704284864,True
128 ST,114,33,33.0,20,20.0,1.0,31,15155.215142907215,1.3928571428571428,25.0,0.0,0.0,28.0,42.235095916928266,0.28961646339052194,35.67463581853301,True
W 120 ST,121,36,34.0,20,18.0,0.9444444444444444,17,5752.815557262468,1.8235294117647058,25.0,0.0,0.0,17.0,42.81023194588096,0.18070964463464081,35.59209388408891,True
SHERIDAN BLVD,52,52,32.0,26,12.0,0.6153846153846154,11,23505.7548247382,1.944954128440367,36.23853211009175,1.0,0.75,109.0,85.83210471736703,0.06645395247194573,35.57735612835271,True
209 ST,87,25,24.0,12,9.0,0.96,39,17194.421066027367,1.8780487804878048,25.0,0.0,0.0,41.0,75.61157857295969,0.2226947791478937,35.493629091779425,True
W 9 ST,137,35,34.0,13,13.0,0.9714285714285714,31,10340.474347750793,1.3181818181818181,25.0,0.0,0.0,22.0,38.75432400281813,0.3076266813886461,35.46255691523332,True
W 157 ST,95,43,38.0,8,8.0,0.8837209302325582,9,2162.394928681264,1.4,25.0,1.0,0.75,10.0,23.47392379003103,0.17557081515670953,35.44964495878727,True
114 RD,62,31,31.0,1,1.0,1.0,22,8311.087963709224,2.1538461538461537,25.0,0.0,0.0,26.0,55.47829466878789,0.18050459078076245,35.41844456220048,True
E 111 ST,130,45,42.0,32,32.0,0.9333333333333333,17,4201.441617843512,1.2,25.0,0.0,0.0,10.0,20.86033903577796,0.31160648041616806,35.412744649747715,True
W 204 ST,139,42,39.0,21,20.0,0.9285714285714286,9,3235.397195207667,2.0,23.88888888888889,0.0,0.0,9.0,20.506226428207807,0.1959995962386722,35.3752278469993,True
UNIONPORT RD,129,39,39.0,15,9.0,1.0,20,9493.39898553312,1.6666666666666667,22.023809523809526,0.0,0.0,42.0,26.500059321614287,0.2953796062518354,35.30777244424713,True
HAVEMEYER AVE,85,34,31.0,21,21.0,0.9117647058823529,20,6049.241876604805,2.0,25.0,0.0,0.0,22.0,56.85192396178948,0.16346069127940557,35.22577336169674,True
44 DR,71,34,34.0,24,21.0,1.0,9,4221.60292765334,3.1666666666666665,25.0,0.0,0.0,12.0,46.35649996548402,0.09734139115076294,35.20279889639457,True
W 137 ST,141,38,38.0,14,14.0,1.0,17,4062.312473072243,1.4,25.0,0.0,0.0,10.0,27.02860278962431,0.2589054064089494,35.15944594637367,True
29 AVE,74,22,22.0,15,9.0,1.0,42,18147.54447090204,1.903225806451613,24.838709677419356,0.0,0.0,62.0,80.58783338342954,0.2244949554872085,35.152673047505004,True
E 6 ST,123,41,39.0,17,14.0,0.9512195121951219,24,6822.787533829246,1.2666666666666666,23.0,0.0,0.0,15.0,27.14147637571878,0.3293795926444592,35.09404431926956,True
E 124 ST,124,43,41.0,28,27.0,0.9534883720930233,15,3498.6894466374292,1.3076923076923077,25.0,0.0,0.0,13.0,20.320142413488693,0.2907909705147413,34.98648414231174,True
E 216 ST,75,43,41.0,26,26.0,0.9534883720930233,18,4305.112915729944,1.1,25.0,0.0,0.0,10.0,21.807990957661495,0.3143440501998424,34.96710614615931,True
229 ST,67,26,26.0,9,4.0,1.0,36,20185.26161447742,1.7674418604651163,25.0,0.0,0.0,43.0,62.891113910671955,0.24124441320701726,34.89977512793329,True
FORBELL ST,104,35,35.0,25,21.0,1.0,20,6722.384371765049,1.6428571428571428,25.0,0.0,0.0,14.0,34.48535409372468,0.24364739056441462,34.87460786787136,True
STEUBEN ST,81,38,37.0,22,20.0,0.9736842105263158,16,8501.646485545813,1.8214285714285714,25.0,0.0,0.0,28.0,28.094579487367074,0.24031174946360878,34.859922816900074,True
E 211 ST,99,35,34.0,13,13.0,0.9714285714285714,23,6044.614403070955,1.5,25.0,0.0,0.0,14.0,36.84197221421808,0.2574763769437602,34.7317407090917,True
W 147 ST,147,40,39.0,18,18.0,0.975,15,4360.291877806323,1.3,25.0,0.0,0.0,10.0,22.81451545135287,0.26750270764057926,34.67033905876214,True
GRACE AVE,77,36,29.0,11,10.0,0.8055555555555556,29,9236.994729901367,2.0,24.375,0.0,0.0,16.0,53.34399606236344,0.2319293745226279,34.64608778012527,True
MILL AVE,81,29,29.0,21,17.0,1.0,18,5554.589375891,2.857142857142857,25.0,0.0,0.0,14.0,79.59038715471607,0.11159963291938318,34.64586863571579,True
W 16 ST,174,35,34.0,27,24.0,0.9714285714285714,26,9314.287827792958,1.3125,25.0,0.0,0.0,16.0,36.16539747906023,0.2853677380034847,34.61793458047787,True
W 174 ST,110,36,34.0,24,21.0,0.9444444444444444,15,4120.951609847214,1.375,25.0,1.0,0.75,16.0,37.29164067040607,0.18261917018738305,34.6011166877846,True
N RAILROAD AVE,51,32,32.0,14,7.0,1.0,26,14912.126435595243,1.6037735849056605,25.0,0.0,0.0,53.0,42.01734958506476,0.2557894662565298,34.562332503668785,True
81 AVE,73,25,25.0,13,9.0,1.0,32,12297.49743458616,1.9772727272727273,25.0,0.0,0.0,44.0,74.60041728349779,0.19241506770201597,34.54386764965247,True
PULASKI ST,98,41,40.0,19,19.0,0.975609756097561,19,5764.940047521692,1.0,25.0,0.0,0.0,13.0,22.725513012595602,0.3171214034565709,34.52189044256205,True
157 AVE,72,31,30.0,15,14.0,0.967741935483871,20,7423.529808988358,2.033333333333333,25.0,0.0,0.0,30.0,58.10559052043166,0.16049996559279103,34.51094631149436,True
CHAUNCEY ST,124,34,34.0,23,22.0,1.0,28,7930.976575680593,1.0909090909090908,25.0,0.0,0.0,11.0,35.575698950223455,0.30418633118778565,34.47930608272492,True
249 ST,89,23,23.0,15,14.0,1.0,38,14570.8764065583,2.0277777777777777,25.0,0.0,0.0,36.0,75.4808314616477,0.21852619156291922,34.4684362293693,True
E 64 ST,123,30,29.0,19,15.0,0.9666666666666667,30,11362.961502783022,1.5238095238095237,25.0,0.0,0.0,21.0,50.98355770119164,0.2463287976702185,34.41518333704841,True
60 AVE,100,27,26.0,19,8.0,0.9629629629629629,40,19591.347591317885,1.2941176470588236,25.0,0.0,0.0,51.0,55.30462099241863,0.28659888837175784,34.39867180058286,True
207 ST,74,29,29.0,10,9.0,1.0,31,13962.299265577816,1.72,25.0,0.0,0.0,25.0,50.03077610060136,0.256043671172486,34.38479712040455,True
WOOLLEY AVE,52,33,33.0,16,16.0,1.0,12,6889.3257096143125,2.260869565217391,28.47826086956522,0.0,0.0,23.0,42.979512132469466,0.13426073721166187,34.33985665591808,True
GOLD ST,198,37,33.0,26,25.0,0.8918918918918919,22,7430.711797012584,1.7222222222222223,25.0,0.0,0.0,36.0,38.18037133115124,0.24245583450211192,34.256011254125085,True
E 70 ST,139,36,34.0,23,16.0,0.9444444444444444,23,10926.043226623411,1.391304347826087,25.0,0.0,0.0,23.0,34.93521059889841,0.26776648715221063,34.250418056814546,True
100 AVE,55,34,34.0,13,12.0,1.0,21,8209.552244305598,1.935483870967742,25.0,0.0,0.0,31.0,34.908338862296574,0.2504551148929935,34.22749811411826,True
E 164 ST,133,30,30.0,23,23.0,1.0,20,5433.004785404283,1.65,25.0,1.0,0.75,20.0,55.0002537962058,0.16803910653022025,34.20102031094317,True
BRISTOL ST,122,39,39.0,15,15.0,1.0,22,6423.644270666016,1.0,25.0,0.0,0.0,10.0,24.365695998716298,0.33400705335181524,34.11203924267655,True
W 19 ST,148,38,36.0,31,29.0,0.9473684210526315,25,6614.779893212584,1.0,25.0,0.0,0.0,9.0,29.901990806046847,0.3171214034565709,34.0661907661225,True
OAK POINT AVE,78,34,30.0,10,9.0,0.8823529411764706,15,8975.11477351794,2.4347826086956523,25.0,0.0,0.0,23.0,66.51745540872771,0.11131316410398152,34.06487350657154,True
105 ST,115,36,36.0,21,20.0,1.0,24,9407.20951453092,1.2608695652173914,24.565217391304348,0.0,0.0,23.0,29.319723056995116,0.3125574903492335,33.91202940385654,True
W 112 ST,118,33,33.0,20,18.0,1.0,19,4687.497838437298,1.5,25.0,0.0,0.0,12.0,36.95850704539822,0.22212249499484155,33.87927346137852,True
218 ST,114,21,21.0,18,17.0,1.0,43,23638.600239614716,1.8166666666666667,25.0,0.0,0.0,60.0,73.42093152889612,0.24545669581611587,33.867068644685695,True
CLEVELAND ST,88,32,32.0,14,14.0,1.0,29,9593.074299657857,1.263157894736842,24.473684210526315,0.0,0.0,19.0,38.24825968115029,0.2963405065438472,33.85161243892958,True
E DR,300,259,35.0,153,6.0,0.13513513513513514,14,28716.949607675284,1.31,22.15,1.0,0.75,100.0,29.407149053308025,0.20913229497081912,33.83035424608859,True
194 ST,73,31,27.0,10,9.0,0.8709677419354839,31,19163.27360146566,1.8979591836734695,25.0,0.0,0.0,49.0,55.35556150770599,0.23725774099479588,33.72757646795731,True
122 AVE,80,33,32.0,17,15.0,0.9696969696969697,23,7085.623674413633,2.0,25.0,0.0,0.0,29.0,38.968851279126326,0.24689312353776388,33.72056145977364,True
213 ST,92,22,22.0,9,8.0,1.0,40,22036.830918260468,1.8085106382978724,25.0,0.0,0.0,47.0,71.21733683145504,0.23778894266796607,33.70333848608483,True
CLERMONT AVE,119,29,29.0,23,19.0,1.0,17,9498.5353606428,2.0,25.0,1.0,0.75,28.0,65.04885126383454,0.1267607211160321,33.56957838160825,True
156 ST,102,23,22.0,19,16.0,0.9565217391304348,40,16495.827503839,1.894736842105263,25.0,0.0,0.0,38.0,69.69137563994404,0.2417369323671755,33.528766847570715,True
145 AVE,84,25,25.0,22,16.0,1.0,34,12061.674587868483,1.9555555555555555,25.0,0.0,0.0,45.0,60.83482674539957,0.2368938324758826,33.489049443826964,True
HAMMERSLEY AVE,54,33,33.0,16,16.0,1.0,9,2743.58405284099,2.0,25.0,0.0,0.0,10.0,36.8429010829276,0.11947390756287422,33.45912640875496,True
E 68 ST,117,40,35.0,23,22.0,0.875,19,7340.411159429179,1.4,25.0,0.0,0.0,15.0,29.133663456611323,0.26591687189657676,33.44004213688951,True
EDGEMERE AVE,56,35,35.0,4,4.0,1.0,16,7208.715458828485,1.8888888888888888,25.0,0.0,0.0,27.0,28.288683574971625,0.23905702298915887,33.39561267509447,True
W 32 ST,113,39,38.0,22,21.0,0.9743589743589743,11,3580.74794756576,1.5,25.0,0.0,0.0,10.0,18.872126277847702,0.24457214598322732,33.32185487567703,True
MACOMBS PL,79,35,34.0,1,1.0,0.9714285714285714,6,1604.5846991691792,1.8888888888888888,25.0,1.0,0.75,9.0,26.809125137153515,0.11056665356374724,33.20492903021939,True
WILDER AVE,69,28,28.0,7,5.0,1.0,24,9203.261735839105,2.0,25.0,0.0,0.0,23.0,54.06365053072092,0.19780160536687283,33.155431916697744,True
TAPSCOTT ST,92,37,34.0,7,7.0,0.918918918918919,8,2435.8457105168877,2.5,25.0,0.0,0.0,6.0,27.858616604035543,0.13756254411127047,33.15517567568842,True
W 66 ST,101,32,32.0,16,14.0,1.0,10,3300.7004895896903,1.7777777777777777,25.0,1.0,0.75,9.0,41.500096608067,0.11804305140092704,33.121420392219825,True
W 111 ST,159,35,35.0,13,12.0,1.0,19,4650.883823174739,1.3,25.0,0.0,0.0,10.0,27.67262551424372,0.27608046611305326,32.977055036587515,True
WILLMOHR ST,56,35,35.0,14,14.0,1.0,8,2152.8865307107126,2.0,25.0,0.0,0.0,8.0,22.629283195916116,0.16413382466851614,32.96954693705463,True
VAN BRUNT ST,127,30,30.0,16,15.0,1.0,21,6983.256167308118,2.0,25.0,0.0,0.0,27.0,43.516932633919275,0.21138271038141965,32.85724585620092,True
BLOOMINGDALE RD,85,28,28.0,20,20.0,1.0,21,13113.24166404406,2.064516129032258,25.0,0.0,0.0,62.0,55.562573230677835,0.17350741996750324,32.78231096892028,True
W 180 ST,156,43,42.0,22,19.0,0.9767441860465116,16,4921.057365812549,1.0,23.928571428571427,0.0,0.0,14.0,16.049534884836866,0.35638839132412964,32.751555483494066,True
W 169 ST,111,30,30.0,9,9.0,1.0,16,4337.846741969048,1.6428571428571428,25.0,1.0,0.75,14.0,47.37845997019374,0.15794982899111956,32.74492478042112,True
E 143 ST,94,33,32.0,25,24.0,0.9696969696969697,16,3397.085286286533,1.7,25.0,0.0,0.0,10.0,35.44421867176459,0.2004707742789216,32.69046518391457,True
RUST ST,65,34,32.0,20,20.0,0.9411764705882353,9,2860.1391254951686,1.8461538461538463,25.0,1.0,0.75,13.0,37.62076519700246,0.11729335995450442,32.65927843547176,True
231 ST,77,25,24.0,19,15.0,0.96,34,18350.512127718226,1.864864864864865,25.0,0.0,0.0,37.0,60.16615104672675,0.23889765900604723,32.64000882032212,True
W 123 ST,119,38,36.0,12,11.0,0.9473684210526315,18,4977.069008377002,1.1666666666666667,25.0,0.0,0.0,12.0,24.25912163067532,0.2918524479058962,32.573395907347205,True
CRUGER AVE,114,30,30.0,10,10.0,1.0,25,8388.116915530825,1.45,25.0,0.0,0.0,20.0,39.8577586484466,0.2583763925982274,32.54701211868961,True
SCHOLES ST,127,30,29.0,12,8.0,0.9666666666666667,27,6675.463153652196,1.2307692307692308,25.0,0.0,0.0,13.0,42.486404774150365,0.2608933638296637,32.51851350749652,True
69 RD,88,44,29.0,28,14.0,0.6590909090909091,24,10289.100155695474,1.9444444444444444,25.0,0.0,0.0,36.0,43.85708196486724,0.2331041666160448,32.46324770976665,True
15 ST,105,34,33.0,21,21.0,0.9705882352941176,19,5572.558408054833,1.5,25.0,0.0,0.0,12.0,30.675564396048934,0.2559720025339015,32.40500956369554,True
ANNADALE RD,69,24,24.0,17,11.0,1.0,26,10699.15743045757,2.210526315789474,25.0,0.0,0.0,38.0,77.37829590730136,0.15728187277134215,32.39543834564323,True
LORING AVE,97,33,32.0,19,18.0,0.9696969696969697,13,5228.132429102852,1.875,25.0,0.0,0.0,16.0,33.855733524121206,0.17578899475048593,32.32621753073004,True
W 138 ST,144,36,35.0,16,16.0,0.9722222222222222,19,5327.734289344132,1.2666666666666666,25.0,0.0,0.0,15.0,25.586216858138897,0.29201907937552507,32.25099571347288,True
FOSTER RD,42,34,32.0,19,10.0,0.9411764705882353,13,5721.623894689506,2.260869565217391,25.0,0.0,0.0,23.0,33.39196299251037,0.17779638709129258,32.24748599103313,True
NAVY ST,111,45,33.0,35,31.0,0.7333333333333333,9,3341.2581584213312,1.9444444444444444,25.0,0.0,0.0,18.0,27.46363313181988,0.153992893840257,32.14743884460762,True
184 ST,83,29,29.0,28,27.0,1.0,24,13392.12213586739,1.7272727272727273,25.0,0.0,0.0,33.0,41.76367466750126,0.24196136570288349,32.08831615393591,True
40 AVE,114,28,28.0,17,17.0,1.0,26,8464.731211731183,1.6451612903225807,25.0,0.0,0.0,31.0,44.36055361975479,0.24559652586673744,32.01809513026825,True
MESEROLE ST,149,31,30.0,23,18.0,0.967741935483871,24,6298.373505376794,1.3846153846153846,25.0,0.0,0.0,13.0,37.63787289021869,0.2615476384611512,31.997667617303144,True
64 RD,78,30,30.0,9,8.0,1.0,25,10142.386761886533,1.5,25.0,0.0,0.0,30.0,37.176587728201575,0.2719430591867634,31.95162322132932,True
RIVINGTON ST,89,33,33.0,23,21.0,1.0,15,3528.044984002304,1.2352941176470589,25.0,1.0,0.75,17.0,28.155429092696274,0.2283461870250317,31.893760705544793,True
OVINGTON AVE,100,30,29.0,11,10.0,0.9666666666666667,27,8139.258176820813,1.2777777777777777,25.0,0.0,0.0,18.0,39.39688102749044,0.2757118590177809,31.866543396076082,True
W 3 ST,112,33,33.0,13,13.0,1.0,24,9721.101201464007,1.0740740740740742,25.0,0.0,0.0,27.0,29.33563189600948,0.3124409482183016,31.855101354968305,True
WALLACE AVE,106,26,26.0,12,10.0,1.0,29,10866.3522388561,1.6666666666666667,25.0,0.0,0.0,21.0,49.97823387196425,0.24374151329492985,31.844491010092312,True
MAPLE ST,104,32,32.0,7,7.0,1.0,28,8113.231370116401,1.0,25.0,0.0,0.0,14.0,31.010885816548015,0.33400705335181524,31.669628886156715,True
E 137 ST,97,29,29.0,22,19.0,1.0,21,5151.721262099538,1.5714285714285714,25.0,0.0,0.0,14.0,40.77589336567653,0.22243163016513723,31.619331157978255,True
141 AVE,60,33,32.0,11,8.0,0.9696969696969697,19,7920.918241805818,1.7647058823529411,25.0,0.0,0.0,34.0,30.23296078518346,0.25874974254936217,31.542779058091597,True
GRANT AVE,159,32,30.0,14,13.0,0.9375,29,10890.591566012336,1.125,25.0,0.0,0.0,24.0,34.624549195938975,0.31750745705330446,31.468328855220488,True
E 71 ST,145,32,32.0,18,17.0,1.0,23,9286.895148859354,1.1176470588235294,25.0,0.0,0.0,17.0,30.10936522202151,0.29789848543893044,31.43678276312204,True
ANDREWS AVE,128,34,28.0,10,9.0,0.8235294117647058,19,2337.5527577732305,1.5555555555555556,25.0,1.0,0.75,9.0,46.55005310842004,0.18481310320384473,31.428292879563234,True
TROUTMAN ST,167,32,31.0,13,12.0,0.96875,28,7851.5029163601885,1.0714285714285714,25.0,0.0,0.0,14.0,32.16352565176732,0.3259386981551655,31.37923803620718,True
W 121 ST,93,33,33.0,9,9.0,1.0,17,4607.798072149134,1.3636363636363635,25.0,0.0,0.0,11.0,26.763222700306855,0.2608031221992006,31.373429007778924,True
150 AVE,67,26,26.0,11,9.0,1.0,21,8980.736537787901,2.2580645161290325,25.0,0.0,0.0,31.0,58.128624421686425,0.1671281422399165,31.369597312320465,True
ELY AVE,108,32,26.0,15,12.0,0.8125,27,12819.252691002588,1.92,24.4,0.0,0.0,25.0,48.69820044237029,0.23545008208869642,31.34429315742177,True
BOERUM ST,85,33,33.0,16,16.0,1.0,17,4507.550446309283,1.2727272727272727,25.0,0.0,0.0,11.0,26.666051106612073,0.26150496683259494,31.34364090471524,True
CEDAR AVE,162,32,32.0,18,12.0,1.0,17,6379.658957325106,1.8571428571428572,25.0,0.0,0.0,21.0,29.265857935718902,0.24394129639949474,31.333029840298877,True
E 213 ST,110,35,32.0,16,16.0,0.9142857142857143,21,5595.426760382334,1.4,25.0,0.0,0.0,15.0,29.378334410671197,0.28420088721490494,31.25492031353197,True
BERGEN AVE,97,33,31.0,9,9.0,0.9393939393939394,25,12688.554713491463,1.3928571428571428,25.0,0.0,0.0,28.0,31.80678961571317,0.30390158551895124,31.245184643395454,True
E 122 ST,102,41,36.0,21,21.0,0.8780487804878049,10,2315.996114501754,1.4285714285714286,25.0,0.0,0.0,7.0,16.79995119140863,0.24847279077953482,31.22931028942602,True
WORTH ST,74,32,30.0,22,20.0,0.9375,13,3477.3730004798444,2.5,25.0,0.0,0.0,12.0,37.09057234748851,0.16295596802782153,31.155451080756293,True
E 204 ST,92,35,34.0,22,22.0,0.9714285714285714,13,4574.040973218372,1.8,24.75,0.0,0.0,20.0,22.34072012936118,0.2442635660734018,31.152062720949928,True
CORNELIA ST,119,29,29.0,15,14.0,1.0,29,8931.929220668337,1.2352941176470589,25.0,0.0,0.0,17.0,35.80710175248526,0.3102750788470946,31.112074032972558,True
S RD,97,42,42.0,0,0.0,1.0,20,1010.2033675891591,1.0,25.0,0.0,0.0,3.0,15.582565657772635,0.4161973110946195,31.00513486074631,True
PALMETTO ST,123,30,28.0,24,24.0,0.9333333333333333,33,11121.431631291469,1.0,25.0,0.0,0.0,22.0,37.07712741385416,0.3308206140811626,31.002900865144188,True
W 153 ST,96,37,30.0,17,14.0,0.8108108108108109,13,4016.0781305175396,1.4545454545454546,25.0,1.0,0.75,11.0,35.40879296388108,0.1693847408269495,30.916166994373626,True
260 ST,85,26,26.0,18,18.0,1.0,26,14849.036413035896,1.6341463414634145,25.0,0.0,0.0,41.0,46.60859295629251,0.23655297385359406,30.875023950749224,True
143 AVE,54,30,30.0,5,5.0,1.0,17,5475.941886080924,2.0,25.0,0.0,0.0,20.0,34.006345204470996,0.21732612986700717,30.87068349819892,True
MOTT ST,159,39,39.0,20,18.0,1.0,17,5060.226400123793,1.1428571428571428,25.0,0.0,0.0,14.0,16.566077481385264,0.3630554752532673,30.855241598209354,True
CONKLIN AVE,70,36,36.0,14,14.0,1.0,12,2778.57145240923,1.4,25.0,0.0,0.0,10.0,17.322496301526314,0.2778638292369429,30.810197301754943,True
GRANDVIEW AVE,95,29,29.0,5,5.0,1.0,23,8068.432429959788,1.4583333333333333,25.0,0.0,0.0,24.0,35.85867711538082,0.2626821085415692,30.80165176647404,True
FAIRVIEW AVE,90,30,30.0,28,28.0,1.0,20,6886.009726829539,1.5666666666666667,25.0,0.0,0.0,30.0,32.83279366334387,0.2528104825668632,30.716159933042317,True
W 167 ST,122,32,30.0,10,10.0,0.9375,14,3532.5657244269605,1.5714285714285714,25.0,1.0,0.75,14.0,33.74324084458698,0.18729154450160862,30.7010773592242,True
E 130 ST,60,39,39.0,6,6.0,1.0,7,1533.317092196605,1.4,25.0,0.0,0.0,5.0,9.7927781368904,0.28420088721490494,30.699281633421684,True
W 130 ST,95,26,26.0,17,15.0,1.0,18,4373.164835609962,1.8,25.0,1.0,0.75,10.0,57.566712589121884,0.14797709429800543,30.671150405478524,True
203 ST,78,21,21.0,10,7.0,1.0,35,18206.8864834314,1.9722222222222223,24.444444444444443,0.0,0.0,36.0,60.9648961633725,0.2417822023820085,30.662800612348484,True
NASHVILLE BLVD,71,26,26.0,15,15.0,1.0,26,9352.38395754076,1.896551724137931,25.0,0.0,0.0,29.0,44.78367460661251,0.243841919673922,30.580247274606695,True
E 228 ST,87,40,40.0,10,10.0,1.0,16,4537.715315660027,1.0,25.0,0.0,0.0,7.0,14.746554482636364,0.37603690821716135,30.50377242582005,True
SPOFFORD AVE,86,31,31.0,16,16.0,1.0,11,4171.521917018235,2.0,25.0,0.0,0.0,18.0,27.86624358118523,0.1798293685028127,30.436458562162905,True
17 ST,97,29,28.0,18,13.0,0.9655172413793104,16,6377.93652148209,1.4705882352941178,25.0,1.0,0.75,17.0,41.48386382378368,0.17643368559625766,30.379007790508204,True
LAKEWOOD AVE,75,34,33.0,19,19.0,0.9705882352941176,12,3425.625031757267,2.0,25.0,0.0,0.0,15.0,21.7897118140679,0.23424145636087043,30.3740857691022,True
LONGFELLOW AVE,159,27,24.0,12,10.0,0.8888888888888888,34,12489.829844713171,1.3928571428571428,23.75,0.0,0.0,28.0,45.84282103346296,0.2917621086815618,30.372907524277124,True
VERNON AVE,77,29,29.0,7,6.0,1.0,17,9888.450000844272,1.8,25.0,0.0,0.0,25.0,35.37477249420748,0.21069041996881652,30.343103494010233,True
ALEXANDER AVE,106,29,29.0,32,31.0,1.0,12,4610.072894727183,2.0,25.0,0.0,0.0,27.0,37.65282352247533,0.15039779735953313,30.301365598721045,True
JEROME ST,124,28,26.0,14,14.0,0.9285714285714286,29,9074.632255908655,1.4545454545454546,25.0,0.0,0.0,22.0,41.059922719513985,0.28176571693714325,30.24336992208183,True
HOYT ST,152,42,41.0,21,20.0,0.9761904761904762,19,5724.3159517700715,1.0416666666666667,22.708333333333332,0.0,0.0,24.0,14.938375035071246,0.41399422747715026,30.21063770584511,True
WOODYCREST AVE,97,35,35.0,10,10.0,1.0,10,3752.2547390344207,1.5,25.0,0.0,0.0,8.0,15.849453008478525,0.2595068896827661,30.030301114506607,True
EDSON AVE,94,27,26.0,16,15.0,0.9629629629629629,25,11707.772080188457,1.7222222222222223,24.444444444444443,0.0,0.0,18.0,42.20171595475409,0.24757863594486318,30.011198736044147,True
LINWOOD ST,117,27,27.0,13,12.0,1.0,30,10499.093194531131,1.1904761904761905,25.0,0.0,0.0,21.0,36.51036533961179,0.3133762336666929,29.980322470921802,True
GOULDEN AVE,97,41,28.0,14,9.0,0.6829268292682927,10,5518.265345639911,2.142857142857143,25.0,1.0,0.75,7.0,46.11770435913805,0.10749430673979372,29.947550069802084,True
RODNEY ST,121,29,29.0,9,9.0,1.0,16,4551.830059291729,1.1,25.25,1.0,0.75,20.0,33.44887642586284,0.20991917820333963,29.933904483245335,True
NEW JERSEY AVE,100,26,22.0,14,12.0,0.8461538461538461,27,9106.686381561894,1.2941176470588236,25.0,1.0,0.75,17.0,63.478720028809235,0.19110423577422556,29.92675909199865,True
W 65 ST,94,37,36.0,17,16.0,0.972972972972973,8,2775.3814463858043,1.4,25.0,0.0,0.0,5.0,12.628624604865186,0.26028117266034273,29.916871005469233,True
ANTHONY AVE,131,37,37.0,17,16.0,1.0,12,4657.3242337981565,1.1333333333333333,25.0,0.0,0.0,15.0,14.496930817102847,0.3149639038452189,29.912345481655674,True
230 ST,69,16,16.0,7,6.0,1.0,35,20666.381935872087,1.7906976744186047,25.0,1.0,0.75,43.0,104.83738795695749,0.15642850585044013,29.89669986176274,True
FRONT ST,126,33,23.0,11,10.0,0.696969696969697,25,12737.97496942532,1.5636363636363637,25.0,1.0,0.75,55.0,59.073598835099205,0.19032628438037488,29.86575403051265,True
108 AVE,80,25,24.0,17,14.0,0.96,22,9694.71304379815,1.7428571428571429,25.0,1.0,0.75,35.0,57.323752018743996,0.17571459349915866,29.855469539840367,True
E 237 ST,72,29,29.0,30,27.0,1.0,16,5334.0620813546775,1.6428571428571428,25.0,0.0,0.0,14.0,33.00355918413489,0.21215071470729555,29.849357942287178,True
E BAY AVE,46,29,29.0,12,11.0,1.0,9,2626.637102028426,2.0,25.0,0.0,0.0,11.0,35.648552063266855,0.12298441374698224,29.81766827776716,True
E 194 ST,77,38,36.0,12,11.0,0.9473684210526315,6,2519.887958466273,1.75,25.0,0.0,0.0,8.0,10.387077017829428,0.2429109160842149,29.778341414806505,True
SANDS ST,146,42,35.0,13,10.0,0.8333333333333334,11,7313.840623334355,1.5660377358490567,25.0,0.0,0.0,53.0,16.03716444016974,0.2758788855271793,29.768554059318863,True
WILLIAMSBURG BRIDGE,74,42,28.0,8,4.0,0.6666666666666666,7,454.269013676319,2.0,35.0,1.0,0.75,1.0,54.58098626555321,0.06649878315713241,29.76760324177574,True
MOORE ST,82,31,31.0,10,9.0,1.0,15,4424.1853194222585,1.3846153846153846,25.0,0.0,0.0,13.0,25.746434742533616,0.2444880546900359,29.715566050014885,True
AMBOY ST,85,28,28.0,17,17.0,1.0,20,5498.618130403608,1.6363636363636365,25.0,0.0,0.0,11.0,34.58685929767677,0.2431061704730964,29.601306139303308,True
GUNTHER AVE,77,23,23.0,8,5.0,1.0,28,10745.58475564673,1.894736842105263,23.94736842105263,0.0,0.0,19.0,51.37131437457405,0.23239110513624991,29.593241101675233,True
THIERIOT AVE,89,25,25.0,7,6.0,1.0,27,10025.713300038513,1.6,25.0,0.0,0.0,20.0,42.59627692176206,0.260395651430549,29.58199399179457,True
WHITLOCK AVE,97,42,39.0,2,2.0,0.9285714285714286,6,3084.0801996998075,1.5,25.0,0.0,0.0,16.0,7.702328719100004,0.3020096248587659,29.547802037502418,True
LIVERPOOL ST,84,31,31.0,19,18.0,1.0,15,4455.777713602383,1.8,25.0,0.0,0.0,15.0,24.98471699590111,0.25007781883762686,29.495711146643902,True
BAY 8 ST,91,33,32.0,13,13.0,0.9696969696969697,12,3596.10389508522,1.5,25.0,0.0,0.0,6.0,21.403419209447165,0.2374651716601611,29.483681123560608,True
82 AVE,68,18,18.0,5,3.0,1.0,32,16419.97688472667,1.8596491228070176,25.0,0.0,0.0,57.0,83.28477495621352,0.17588016941002518,29.482297279194203,True
E 226 ST,71,34,33.0,6,6.0,0.9705882352941176,19,4497.639032514941,1.0,25.0,0.0,0.0,7.0,22.001933217263435,0.3241697744499785,29.434759171654488,True
BRUNER AVE,68,24,24.0,10,8.0,1.0,25,9035.96755371214,1.9285714285714286,24.642857142857142,0.0,0.0,14.0,47.961193432309685,0.22452310480292648,29.37984154420566,True
E 198 ST,122,32,32.0,19,17.0,1.0,11,2839.8076030997217,2.0,25.0,0.0,0.0,11.0,19.99768540653008,0.23402807234769088,29.191121451979676,True
253 ST,54,28,28.0,14,14.0,1.0,22,11871.63726618201,1.7222222222222223,25.0,0.0,0.0,36.0,32.30716348535013,0.2744362962147905,29.182041994111078,True
CROES AVE,83,31,31.0,4,4.0,1.0,17,4844.058424077009,1.3,25.0,0.0,0.0,10.0,24.395853569898172,0.27904915305357275,29.157118532038307,True
VERMILYEA AVE,76,30,30.0,7,6.0,1.0,10,2528.430776653203,2.0,25.0,0.0,0.0,5.0,25.249338821475913,0.18031747426097205,29.143372775218882,True
ELDER AVE,118,28,28.0,18,18.0,1.0,19,6834.619918393673,1.3846153846153846,25.0,0.0,0.0,13.0,32.61215067387591,0.2444880546900359,29.12761574619326,True
87 AVE,81,21,21.0,14,11.0,1.0,31,15919.605668368236,1.7924528301886793,25.0,0.0,0.0,53.0,54.58657873809422,0.23979859547067486,29.054014408060226,True
STATE ST,120,22,22.0,15,14.0,1.0,29,7688.788093071756,1.88,23.6,0.0,0.0,25.0,51.632859531187776,0.23778792353512082,29.046336136329057,True
E 150 ST,99,37,34.0,18,16.0,0.918918918918919,16,4268.685574166897,1.0666666666666667,25.0,0.0,0.0,15.0,18.630768979211094,0.32295846058150646,29.03637680920448,True
228 ST,73,26,26.0,8,8.0,1.0,31,21698.89144195572,1.46875,25.0,0.0,0.0,64.0,35.24773559281919,0.32818682243664665,29.03498495894161,True
CLARKE AVE,46,31,31.0,7,7.0,1.0,11,5207.418564556776,2.1,25.0,0.0,0.0,20.0,21.940106092355677,0.21782198667199928,29.026555909999374,True
E 33 ST,90,30,30.0,18,15.0,1.0,20,9310.449910730793,1.1428571428571428,25.0,0.0,0.0,14.0,26.664768609285638,0.29409162627768887,29.019136376292415,True
134 AVE,74,24,24.0,20,18.0,1.0,25,8544.743495122068,2.0,25.0,0.0,0.0,30.0,44.564143758991,0.2375720727955741,28.88546625808966,True
109 ST,95,28,28.0,12,11.0,1.0,27,10707.470016639942,1.0526315789473684,25.0,0.0,0.0,19.0,30.469819805022954,0.32984570456353945,28.81465945373278,True
178 ST,67,27,27.0,15,14.0,1.0,21,10419.09896472553,1.5384615384615385,25.0,0.0,0.0,26.0,33.24422666666741,0.25973586297012613,28.621849601847934,True
VIRGINIA AVE,70,31,31.0,10,9.0,1.0,17,7248.159263885774,1.5454545454545454,23.636363636363637,0.0,0.0,22.0,22.6986351541845,0.2937843530726625,28.56118889915195,True
E 74 ST,108,35,32.0,19,18.0,0.9142857142857143,15,8543.715448496292,1.2142857142857142,25.0,0.0,0.0,14.0,20.094001704870145,0.2931043588137142,28.51030000366879,True
WILLOWBROOK RD,52,21,21.0,23,16.0,1.0,25,11552.792037443482,2.0454545454545454,25.0,0.0,0.0,44.0,61.30399711703781,0.18468055313971302,28.443364481315943,True
W 162 ST,88,32,30.0,16,16.0,0.9375,14,3395.094314155203,1.6666666666666667,25.0,0.0,0.0,9.0,23.675727421667663,0.24724199355973522,28.436374239917946,True
DECATUR AVE,174,30,25.0,13,12.0,0.8333333333333334,32,10068.784672685842,1.2,24.0,0.0,0.0,25.0,35.16184511009747,0.3357684936349481,28.41202742516909,True
DREW ST,57,25,25.0,19,19.0,1.0,14,5513.828187019991,1.88,25.0,1.0,0.75,25.0,50.47032291888039,0.13350570083136223,28.400433311686232,True
179 ST,65,29,27.0,11,6.0,0.9310344827586207,20,10973.73689729919,1.5909090909090908,25.0,0.0,0.0,22.0,32.46242009400594,0.25495947095710536,28.392695737313215,True
WINCHESTER BLVD,64,25,25.0,21,18.0,1.0,17,10346.449417818536,1.8775510204081634,25.0,0.0,0.0,49.0,44.19776951171683,0.17603515272064954,28.3794822878909,True
S GANNON AVE,57,20,20.0,20,17.0,1.0,21,8883.826157553996,2.2333333333333334,34.666666666666664,0.0,0.0,30.0,98.24255561453,0.1061295608998656,28.303848071053384,True
COMMERCE AVE,83,26,26.0,13,13.0,1.0,11,3879.3870098503444,2.0,25.0,0.0,0.0,12.0,45.03021243468928,0.11947390756287422,28.273613841323925,True
18 ST,108,29,26.0,18,17.0,0.896551724137931,24,9877.227042403565,1.5,25.0,0.0,0.0,32.0,33.95824697523633,0.2818990579341353,28.2434223251263,True
SEYMOUR AVE,50,27,27.0,4,3.0,1.0,17,7654.955239067049,1.9230769230769231,25.0,0.0,0.0,13.0,32.10856881224106,0.22725212047652654,28.16093309518203,True
190 ST,88,24,24.0,17,10.0,1.0,25,15507.840213293763,1.7352941176470589,25.0,0.0,0.0,34.0,40.12226068006804,0.2571110143441666,28.145210796973366,True
W 59 ST,111,34,26.0,13,10.0,0.7647058823529411,16,2813.681425701585,1.1428571428571428,25.0,1.0,0.75,7.0,37.019815101388645,0.19359031313682853,28.13332945618778,True
CATHEDRAL PKWY,52,26,26.0,26,20.0,1.0,10,3475.6035538182214,2.75,25.0,0.0,0.0,8.0,45.41291751601026,0.10898075887817311,28.115634482934176,True
200 ST,83,20,19.0,27,26.0,0.95,32,14599.934141898466,2.0,25.0,0.0,0.0,27.0,57.34572215819322,0.23661185998865475,28.07305264245827,True
OLINVILLE AVE,119,27,27.0,19,18.0,1.0,24,9094.043178276157,1.1111111111111112,25.0,0.0,0.0,18.0,30.310154386071048,0.30546398496135446,28.011132949606566,True
STRATFORD AVE,89,33,30.0,4,4.0,0.9090909090909091,13,4066.2658589784974,1.3333333333333333,25.0,0.0,0.0,6.0,21.847739511786617,0.24840609242422648,27.974928827698495,True
E 162 ST,141,23,22.0,17,14.0,0.9565217391304348,21,4331.297443753307,1.5833333333333333,25.0,1.0,0.75,12.0,56.70730090356821,0.17060243417061766,27.921150017640816,True
PROSPECT EXPY,211,130,23.0,39,12.0,0.17692307692307693,12,25255.5046145304,2.074626865671642,37.23880597014925,1.0,0.75,67.0,106.65873873757198,0.05881676497359891,27.920536374315486,True
FOX ST,117,37,29.0,22,21.0,0.7837837837837838,21,7484.848636775753,1.0,25.0,0.0,0.0,14.0,25.251366172807018,0.31597291786703113,27.815533231606775,True
HANSON PL,69,31,31.0,11,9.0,1.0,6,1388.3766773339078,2.0,25.0,0.0,0.0,6.0,14.102385174126695,0.19114804714573838,27.770053924613443,True
HOE AVE,149,31,29.0,15,14.0,0.9354838709677419,22,6592.773412093993,1.3076923076923077,22.692307692307693,0.0,0.0,13.0,25.171223562141968,0.3268114295348851,27.74871209897413,True
257 ST,52,23,23.0,14,10.0,1.0,24,10123.48500584264,1.9523809523809523,25.0,0.0,0.0,21.0,42.2957270021266,0.23964706860525017,27.62416441266681,True
W 4 ST,112,28,27.0,13,12.0,0.9642857142857143,31,9773.219160310524,1.1111111111111112,23.703703703703702,0.0,0.0,27.0,28.570501875444002,0.37604468885785,27.59057888910201,True
69 PL,70,17,17.0,13,13.0,1.0,27,9823.898080801855,1.6666666666666667,25.0,1.0,0.75,33.0,93.29976874376166,0.13848100402217572,27.566068582295937,True
JENNINGS ST,82,30,29.0,17,16.0,0.9666666666666667,16,4031.5851335238976,1.6111111111111112,23.333333333333332,0.0,0.0,18.0,23.697196266371105,0.27274275475826015,27.55369870174767,True
NEVINS ST,102,36,36.0,21,19.0,1.0,15,4455.320345722208,1.2777777777777777,21.666666666666668,0.0,0.0,18.0,13.645670801349125,0.3791034652667824,27.52539633707704,True
W 100 ST,119,24,24.0,14,13.0,1.0,13,3413.58460564321,1.625,25.0,1.0,0.75,8.0,53.660214318039834,0.11860516439935445,27.517854595311203,True
E 142 ST,75,28,28.0,8,8.0,1.0,17,3297.7616049878966,1.5,25.0,0.0,0.0,8.0,25.943624880173466,0.26684371397718915,27.451269225695203,True
BERRIMAN ST,77,25,25.0,6,5.0,1.0,22,8076.301424509506,1.368421052631579,25.0,0.0,0.0,19.0,34.13130781097736,0.2636358814301282,27.407340383356832,True
E 225 ST,79,24,24.0,16,15.0,1.0,19,5701.662000884846,1.5,25.0,0.0,0.0,10.0,40.22651079709768,0.20782755095714373,27.37231599954046,True
BARRETTO ST,100,25,25.0,21,21.0,1.0,11,4651.926419024098,2.125,25.0,1.0,0.75,16.0,44.10833507884052,0.12166714010565162,27.324856481223026,True
W 119 ST,89,34,29.0,11,9.0,0.8529411764705882,17,4536.925207157656,1.1818181818181819,25.0,0.0,0.0,11.0,23.14338735203263,0.28977461474970534,27.302902326197003,True
WEIRFIELD ST,98,31,31.0,7,7.0,1.0,18,6455.6375978064825,1.1,25.0,0.0,0.0,10.0,19.78520744763059,0.3356933026093732,27.235269250016113,True
S RAILROAD AVE,52,23,22.0,10,7.0,0.9565217391304348,25,15212.077142189048,1.5961538461538463,25.0,0.0,0.0,52.0,42.91556693021082,0.24446721203120259,27.113170335480657,True
32 ST,114,22,21.0,32,23.0,0.9545454545454546,32,12359.542352256152,1.36,24.6,0.0,0.0,25.0,41.07577444024345,0.3020266218593876,27.063418335397763,True
ORIENTAL BLVD,52,30,30.0,17,14.0,1.0,16,11378.754996212198,1.3833333333333333,25.0,0.0,0.0,60.0,20.300996319621806,0.30447786959004236,27.046868022252468,True
216 ST,60,20,19.0,17,11.0,0.95,32,16246.20823688724,1.65,25.0,0.0,0.0,40.0,49.28052173632682,0.2650709993135395,27.026488156383504,True
181 ST,92,23,21.0,21,18.0,0.9130434782608695,26,10761.43965592562,1.7407407407407407,25.0,0.0,0.0,27.0,46.07324980756792,0.23864563377735998,26.983621591185116,True
215 ST,81,19,17.0,14,13.0,0.8947368421052632,33,24828.39000481577,1.828125,25.0,0.0,0.0,64.0,59.026998270400725,0.23695069694784981,26.958326530797528,True
STARR ST,107,32,31.0,10,8.0,0.96875,17,6221.758495636488,1.0,25.0,0.0,0.0,10.0,18.828037817189866,0.33400705335181524,26.934478777809858,True
W 97 ST,131,30,27.0,21,19.0,0.9,12,3168.4625905339444,1.5714285714285714,25.0,0.0,0.0,7.0,26.503167829149127,0.20095427167021482,26.90015945296433,True
DORCHESTER RD,76,34,32.0,20,19.0,0.9411764705882353,15,3512.245243197467,1.0,25.0,0.0,0.0,13.0,16.612974544579295,0.33400705335181524,26.860624967785554,True
KOSCIUSZKO ST,116,25,25.0,9,9.0,1.0,26,8083.1557913502775,1.0,25.0,0.0,0.0,12.0,30.327498128907326,0.32257974299967085,26.718542977254153,True
232 ST,56,19,19.0,24,16.0,1.0,29,17575.214427971816,1.864864864864865,25.0,0.0,0.0,37.0,51.26473079871722,0.23908721238519484,26.71408454502404,True
S 3 ST,102,29,29.0,11,10.0,1.0,19,5156.2412464148165,1.0625,25.0,0.0,0.0,16.0,21.94770074095348,0.32471069414717996,26.710043012261362,True
STANTON ST,86,28,26.0,11,11.0,0.9285714285714286,15,4135.025336337781,1.2222222222222223,25.0,1.0,0.75,18.0,28.93457643858563,0.22357202222130318,26.656089188737578,True
BRIGGS AVE,115,33,30.0,12,11.0,0.9090909090909091,18,4840.516428472829,1.0,25.0,0.0,0.0,9.0,19.93556945349515,0.33400705335181524,26.638409209497915,True
192 ST,95,20,19.0,17,13.0,0.95,29,19468.05339644797,1.8076923076923077,25.0,0.0,0.0,52.0,50.601253377156546,0.2414651298281641,26.630600749447815,True
E 160 ST,65,33,32.0,11,10.0,0.9696969696969697,15,3359.560751675633,1.0,25.0,0.0,0.0,10.0,16.086362632518444,0.3412104144657111,26.57010119818459,True
HEMLOCK ST,92,25,25.0,7,7.0,1.0,23,7918.2515754798915,1.1666666666666667,25.0,0.0,0.0,18.0,30.237582184617494,0.29701048011715475,26.5556167993063,True
40 RD,97,28,28.0,12,10.0,1.0,18,3698.580128159772,1.5,23.5,0.0,0.0,10.0,23.17943157820186,0.30135016479064364,26.54732091170656,True
SHAKESPEARE AVE,96,31,31.0,6,6.0,1.0,10,4026.313159345422,1.3333333333333333,25.0,0.0,0.0,18.0,14.725929361376938,0.27388344162187445,26.54280152429642,True
106 ST,104,23,23.0,27,24.0,1.0,29,10729.016884236542,1.1363636363636365,24.772727272727273,0.0,0.0,22.0,33.99750265870375,0.3214809162179558,26.53548723082949,True
E 47 ST,98,27,27.0,25,25.0,1.0,12,3565.188304664152,1.9090909090909092,25.0,0.0,0.0,11.0,24.556225362362213,0.2134855522691914,26.478289421862453,True
E 109 ST,126,30,29.0,29,29.0,0.9666666666666667,11,3496.1575268448632,1.375,25.0,0.0,0.0,8.0,18.72954087447282,0.2459760585676939,26.47371294462222,True
W 175 ST,70,23,23.0,7,6.0,1.0,13,3500.3791593231813,1.8571428571428572,25.0,1.0,0.75,14.0,50.51934359580567,0.12505688837018397,26.44148348008141,True
HIGHLAND AVE,88,22,22.0,21,20.0,1.0,27,8742.871278754268,1.4482758620689655,25.0,0.0,0.0,29.0,37.50912192353401,0.28562455170971346,26.42978599682069,True
W 18 ST,121,27,27.0,17,16.0,1.0,18,5229.665273466339,1.125,25.0,0.0,0.0,8.0,24.89455937161106,0.2865374501716643,26.396712410853606,True
W 134 ST,119,23,23.0,19,18.0,1.0,14,3973.685438851216,1.7333333333333334,25.0,1.0,0.75,15.0,46.80397342941525,0.14247375797925163,26.391441549327045,True
LELAND AVE,89,23,23.0,13,6.0,1.0,20,9945.278184285457,1.7058823529411764,25.0,0.0,0.0,17.0,37.64096491184784,0.2278759437255679,26.33632369634025,True
ELMHURST AVE,71,35,35.0,23,22.0,1.0,15,5102.949814345966,1.0555555555555556,21.944444444444443,0.0,0.0,18.0,12.889399908660648,0.392613838117042,26.319072435068236,True
MIDWOOD ST,86,25,25.0,8,8.0,1.0,26,7315.473345834851,1.0,25.0,0.0,0.0,13.0,28.795822543937444,0.33400705335181524,26.267831502946933,True
159 AVE,35,23,23.0,9,5.0,1.0,15,6105.055241873748,2.0416666666666665,25.0,0.0,0.0,24.0,42.50787160649215,0.16388211531925947,26.196991264248457,True
84 DR,80,22,22.0,9,7.0,1.0,21,6507.83371641818,1.7727272727272727,25.0,0.0,0.0,22.0,40.56172276122359,0.22334378557120177,26.14564542821482,True
E 189 ST,94,25,24.0,21,21.0,0.96,13,3309.4945932247365,1.2307692307692308,25.0,1.0,0.75,13.0,36.77119490378195,0.16413901182883897,26.09625131138027,True
84 AVE,75,20,20.0,8,8.0,1.0,26,9902.660962681406,1.8823529411764706,25.0,0.0,0.0,34.0,44.98635288713838,0.24301029998182472,26.07194111055523,True
WHEELER AVE,66,34,32.0,3,3.0,0.9411764705882353,14,6869.041180082266,1.0833333333333333,25.0,0.0,0.0,12.0,14.776882988529028,0.34479686946534577,26.061523172009466,True
FENIMORE ST,65,26,26.0,10,9.0,1.0,19,5058.359923701795,1.2857142857142858,25.0,0.0,0.0,7.0,26.196070000310048,0.2871730677577603,26.0563060234843,True
54 AVE,90,19,16.0,6,4.0,0.8421052631578947,36,17644.649759793756,1.42,25.0,0.0,0.0,50.0,52.1976099984076,0.27697812389170484,26.025946106722554,True
E 67 ST,113,28,28.0,15,14.0,1.0,17,5184.391240094645,1.1,25.0,0.0,0.0,10.0,21.40109553198278,0.3061433448319066,25.979789313934994,True
E 219 ST,67,35,30.0,8,7.0,0.8571428571428571,15,4452.827589075662,1.125,25.0,0.0,0.0,8.0,17.49269913873288,0.3226288886555436,25.964783423048864,True
MARTENSE ST,95,25,25.0,7,6.0,1.0,15,3379.2121552223716,2.0,25.0,0.0,0.0,7.0,29.33911553972915,0.2211711282252767,25.959687079421727,True
ROSSVILLE AVE,67,24,23.0,9,7.0,0.9583333333333334,13,5326.645148833267,2.0,25.0,0.0,0.0,23.0,43.13495185839125,0.14339578636453784,25.887267255146124,True
W 150 ST,117,29,28.0,11,11.0,0.9655172413793104,14,3820.506441750634,1.3333333333333333,25.0,0.0,0.0,12.0,20.320110810445833,0.2767707059044783,25.874431647738923,True
210 ST,71,14,14.0,20,14.0,1.0,35,23594.88730205491,1.8363636363636364,25.0,0.0,0.0,55.0,66.22356242836204,0.2269399215051303,25.851611158210755,True
123 AVE,52,27,27.0,2,2.0,1.0,11,3994.3366647671946,2.0,25.0,0.0,0.0,14.0,21.401941737352036,0.22208284227784578,25.75676730979416,True
MILL RD,43,24,24.0,14,13.0,1.0,15,6287.29881539054,1.8571428571428572,25.0,0.0,0.0,28.0,31.80458965329255,0.2075851253263872,25.62011672129976,True
HAMILTON PL,78,29,22.0,16,15.0,0.7586206896551724,13,4546.589629559119,2.074074074074074,25.0,1.0,0.75,27.0,50.00305587582893,0.1261851823535962,25.533570712149416,True
HOOPER ST,59,29,27.0,4,4.0,0.9310344827586207,15,4152.804663521556,1.3571428571428572,25.0,0.0,0.0,14.0,21.589606510873026,0.27845365002109607,25.493456184902218,True
TAYLOR AVE,110,20,19.0,14,11.0,0.95,26,10883.592024330585,1.5263157894736843,25.0,0.0,0.0,19.0,45.99459803646298,0.23895620758017427,25.450526771944414,True
LUDLOW ST,159,31,30.0,21,21.0,0.967741935483871,11,4096.303754074568,1.3333333333333333,25.0,0.0,0.0,12.0,14.581106879633646,0.2952928917916855,25.446910462260096,True
W 161 ST,90,28,26.0,7,7.0,0.9285714285714286,10,2486.6712244325795,1.2857142857142858,25.0,1.0,0.75,7.0,22.764745101054107,0.19613767828327072,25.365444615466178,True
HAZEN ST,46,25,25.0,7,7.0,1.0,10,9371.746754921367,1.8611111111111112,25.0,1.0,0.75,36.0,27.106397263403387,0.17006483315413154,25.358224099157013,True
CROCHERON AVE,72,22,22.0,6,6.0,1.0,16,5144.296970145286,2.0434782608695654,25.0,0.0,0.0,23.0,39.523671563966694,0.18357762550638354,25.21695401586674,True
MONTAUK AVE,75,24,24.0,7,7.0,1.0,18,7640.197073348772,1.4,25.0,0.0,0.0,15.0,28.414405360946667,0.26028117266034273,25.148986603945303,True
121 AVE,50,20,20.0,14,13.0,1.0,21,9922.325426102814,2.0606060606060606,25.0,0.0,0.0,33.0,44.933755743536196,0.206091159064542,25.138626621017554,True
DUNKIRK ST,69,23,23.0,13,13.0,1.0,17,5341.377831923536,2.0,25.0,0.0,0.0,18.0,32.49257806059038,0.22517112443339646,25.137454475674925,True
E 127 ST,74,30,30.0,6,5.0,1.0,9,2880.2633467399874,1.3333333333333333,25.0,0.0,0.0,9.0,12.710498948532257,0.282278600048119,25.119543847661202,True
156 AVE,49,26,21.0,14,12.0,0.8076923076923077,13,6372.699760620038,2.7037037037037037,25.0,0.0,0.0,27.0,58.19700522350968,0.11037977676916191,25.10579713305235,True
70 AVE,84,17,16.0,19,16.0,0.9411764705882353,32,13834.538866869776,1.6842105263157894,25.0,0.0,0.0,38.0,51.21561696764716,0.2576360325163286,25.072811838159318,True
EDISON AVE,66,18,18.0,13,10.0,1.0,27,11793.781396560831,1.7333333333333334,25.0,0.0,0.0,30.0,46.95983342978018,0.24205626717012924,25.009909177881312,True
SAYRES AVE,61,24,23.0,13,12.0,0.9583333333333334,14,5192.444789387018,2.0,25.0,0.0,0.0,24.0,33.3833068886956,0.18892938009765198,24.96171173384494,True
70 RD,75,23,22.0,16,9.0,0.9565217391304348,18,7978.413907515678,1.7826086956521738,25.0,0.0,0.0,23.0,35.20404530975584,0.2211852851580353,24.920540527077968,True
LINCOLN RD,58,20,20.0,15,11.0,1.0,17,4190.032839471744,1.4285714285714286,25.0,1.0,0.75,7.0,51.25328425993855,0.15557216970543303,24.8621412427393,True
66 AVE,66,23,22.0,11,11.0,0.9565217391304348,20,7173.549241806357,1.7,25.0,0.0,0.0,20.0,33.42083846676639,0.24947195414077675,24.849178890230366,True
SEAMAN AVE,77,28,27.0,9,7.0,0.9642857142857143,11,4060.0475522623065,1.9230769230769231,20.0,0.0,0.0,13.0,18.359804101617996,0.24969275066377025,24.842605719859172,True
MAYFLOWER AVE,51,22,22.0,13,12.0,1.0,18,7494.365610882806,2.0,25.0,0.0,0.0,20.0,34.511832712311794,0.22462513453353652,24.81047210626414,True
WATTS ST,78,24,23.0,15,13.0,0.9583333333333334,9,2095.91826863945,2.0,25.0,1.0,0.75,9.0,38.45252070588529,0.11504811381840566,24.77778336095196,True
FURMAN ST,63,26,23.0,11,6.0,0.8846153846153846,12,5004.232160778474,1.9166666666666667,25.0,1.0,0.75,12.0,33.67030866231116,0.16524722299171699,24.76323887491138,True
VYSE AVE,147,27,27.0,15,14.0,1.0,22,7330.619333815997,1.0,22.692307692307693,0.0,0.0,13.0,20.893849646977674,0.36902646259504085,24.746668935150712,True
HOOVER AVE,53,25,25.0,6,5.0,1.0,14,5257.440312444784,1.4285714285714286,25.0,0.0,0.0,14.0,23.86782870436536,0.24574106489176595,24.721779020170853,True
139 AVE,59,30,27.0,16,16.0,0.9,20,10633.698283494528,1.4444444444444444,25.0,0.0,0.0,45.0,20.47301742688587,0.3517493215539702,24.70413830811252,True
E 123 ST,101,28,27.0,12,12.0,0.9642857142857143,11,2314.0993580300724,1.4285714285714286,25.0,0.0,0.0,7.0,17.935204833348468,0.2541019355919488,24.696618002409302,True
145 RD,55,18,18.0,5,5.0,1.0,20,6751.6904167661005,2.0,25.0,1.0,0.75,29.0,61.87459861977716,0.15221144214304433,24.678215929363507,True
DYRE AVE,89,25,25.0,17,16.0,1.0,8,2833.2467277891697,1.8888888888888888,25.0,0.0,0.0,9.0,22.932111390850004,0.16231818592327138,24.664344072271376,True
WOODHULL AVE,43,22,21.0,7,6.0,0.9545454545454546,20,7234.925153225352,1.88,25.0,0.0,0.0,25.0,36.14193713720178,0.23510527951011312,24.559949362966385,True
JUNIPER VALLEY RD,38,23,22.0,3,3.0,0.9565217391304348,16,4178.87218748746,2.0,25.0,0.0,0.0,16.0,34.45534430256544,0.20504458686404484,24.553900926768964,True
149 RD,44,25,25.0,9,8.0,1.0,12,4957.841825627307,2.0,25.0,0.0,0.0,15.0,22.820891363630835,0.22604967153123226,24.507413208517878,True
ETNA ST,65,26,25.0,5,5.0,0.9615384615384616,18,4247.748918241927,1.0,25.0,0.0,0.0,15.0,23.142527685933086,0.30168573525491343,24.43962709921508,True
W 236 ST,41,22,22.0,16,16.0,1.0,12,4620.433599648509,2.0,24.0625,1.0,0.75,16.0,37.9658583583794,0.14934293587369765,24.384388160983995,True
KINGSBRIDGE AVE,94,22,22.0,14,14.0,1.0,14,3916.212417568851,2.0,25.0,0.0,0.0,8.0,35.085931342509866,0.18142449405313735,24.374108473028947,True
NEEDHAM AVE,55,20,20.0,8,8.0,1.0,18,4691.799632594165,2.0,25.0,0.0,0.0,17.0,43.30642647531933,0.18756469434878378,24.371462758205674,True
BATCHELDER ST,58,19,19.0,12,11.0,1.0,20,7989.234499796099,1.6875,25.0,0.0,0.0,16.0,47.06126717250656,0.19097284810333673,24.358940113322245,True
244 ST,44,23,22.0,7,7.0,0.9565217391304348,17,10637.724974061728,1.894736842105263,25.0,0.0,0.0,38.0,31.93712264593366,0.22819368105370377,24.26758859565772,True
CLINTONVILLE ST,64,26,19.0,17,7.0,0.7307692307692307,15,8494.270906410597,2.1,25.0,1.0,0.75,30.0,64.89189051807375,0.11378431828244126,24.22177747729145,True
67 RD,65,24,24.0,7,6.0,1.0,15,7564.127012363459,1.5,25.0,0.0,0.0,18.0,24.860284761837253,0.25101532666652665,24.21594466051881,True
WALTHAM ST,53,27,27.0,13,13.0,1.0,9,2743.528187664295,1.6666666666666667,25.0,0.0,0.0,9.0,15.156708834792099,0.24801971549388707,24.062630294693875,True
E 240 ST,59,25,25.0,7,7.0,1.0,13,3919.5431387772196,1.6923076923076923,25.0,0.0,0.0,13.0,21.12647782806736,0.25472647980347707,24.01331133270288,True
5 ST,97,23,22.0,5,4.0,0.9565217391304348,24,15600.310550805303,1.2285714285714286,25.0,0.0,0.0,35.0,28.140949375379236,0.32144149738441824,23.973955962583812,True
ARLENE ST,26,22,22.0,12,3.0,1.0,10,5197.854959953088,2.1176470588235294,25.0,0.0,0.0,17.0,36.98302484574794,0.13057808696311873,23.956454721278643,True
13 ST,88,14,14.0,4,3.0,1.0,34,10089.883552638943,1.4705882352941178,25.0,0.0,0.0,17.0,50.600610778180396,0.27178474629693405,23.94748771466059,True
SAULTELL AVE,36,28,28.0,2,2.0,1.0,5,2064.042631347633,2.0,25.0,0.0,0.0,10.0,9.676649409654804,0.22300131757061328,23.91386867604475,True
W 163 ST,79,26,26.0,12,12.0,1.0,13,2955.570680520622,1.2857142857142858,25.0,0.0,0.0,7.0,18.513082964836588,0.28059512913093615,23.89920754772572,True
ALDERTON ST,74,21,21.0,16,16.0,1.0,20,7844.121518619616,1.6896551724137931,25.0,0.0,0.0,29.0,32.31870088783444,0.25580323272513233,23.895360277356875,True
MARATHON PKWY,92,25,16.0,14,13.0,0.64,22,7541.182074590167,2.206896551724138,25.0,0.0,0.0,29.0,66.94357757617344,0.15436200156302937,23.863752601439593,True
E 145 ST,59,27,25.0,12,12.0,0.9259259259259259,14,3640.286833297273,1.4166666666666667,25.0,0.0,0.0,12.0,20.797507252296864,0.2721465554470055,23.85630607442157,True
NORMAN AVE,143,19,18.0,11,11.0,0.9473684210526315,20,4940.1592805125665,2.0952380952380953,25.0,0.0,0.0,21.0,50.2380731675628,0.18108346999073777,23.83778215499757,True
COYLE ST,49,19,19.0,5,3.0,1.0,16,5557.627164277954,2.1,25.0,0.0,0.0,10.0,51.41810229554801,0.14736930951393495,23.777433351047016,True
E 44 ST,79,33,26.0,17,16.0,0.7878787878787878,13,2760.469813157502,1.1666666666666667,25.0,0.0,0.0,6.0,18.168164192012533,0.28440712063791795,23.772570128541343,True
WATERBURY AVE,55,17,15.0,10,9.0,0.8823529411764706,25,9626.679942929255,2.0,25.0,0.0,0.0,29.0,63.90234663647498,0.17851171601056637,23.7296418150207,True
255 ST,47,21,19.0,6,4.0,0.9047619047619048,19,11088.317776668759,2.1481481481481484,25.0,0.0,0.0,27.0,42.7799975897238,0.1978772361386625,23.705520198438602,True
E 171 ST,77,20,19.0,20,20.0,0.95,16,3641.438336328295,1.6470588235294117,23.823529411764707,1.0,0.75,17.0,49.72268061713078,0.1516323000821882,23.658550726666,True
FENTON AVE,58,20,19.0,1,1.0,0.95,21,8129.124170956769,1.9375,25.0,0.0,0.0,16.0,39.38601794075672,0.2284874554687263,23.657949366423306,True
BAXTER AVE,86,24,24.0,14,11.0,1.0,7,1558.2374809463033,2.2222222222222223,25.0,0.0,0.0,9.0,21.68852674569069,0.1520185211445652,23.648613254214684,True
168 PL,82,24,24.0,15,11.0,1.0,15,4628.712970567539,1.6,25.0,0.0,0.0,10.0,22.56638111612742,0.2696509515777988,23.61342330376386,True
AUTUMN AVE,104,23,19.0,12,12.0,0.8260869565217391,25,9618.190869397105,1.2083333333333333,25.0,0.0,0.0,24.0,35.267749469028786,0.28250367021036193,23.5956989310633,True
ORCHARD BEACH RD,101,74,31.0,13,3.0,0.4189189189189189,5,5955.919141831325,2.0,25.0,0.0,0.0,7.0,6.383554986804004,0.3031652161562395,23.537150126576254,True
PROSPECT ST,107,23,23.0,11,10.0,1.0,12,3390.4878159213613,1.0833333333333333,25.0,1.0,0.75,24.0,24.898820077971934,0.21116839942175805,23.400970796655233,True
W 190 ST,96,24,24.0,27,23.0,1.0,17,3675.2643623506087,1.2307692307692308,23.846153846153847,0.0,0.0,13.0,21.95963410259325,0.30069809760749616,23.38646585622658,True
BISHOP ST,5,28,28.0,0,0.0,1.0,3,2348.1291024095767,2.0,25.0,0.0,0.0,5.0,6.153598415899765,0.21308855127733053,23.344781935821295,True
TELLER AVE,112,26,25.0,13,12.0,0.9615384615384616,19,6335.620738965595,1.0,25.0,0.0,0.0,17.0,20.16099643467769,0.3435995711865067,23.337320449985278,True
E 50 ST,87,27,25.0,27,26.0,0.9259259259259259,15,4042.121886412984,1.2222222222222223,25.0,0.0,0.0,9.0,19.43410032242142,0.30007048254112695,23.329837797973493,True
W 114 ST,103,22,22.0,10,9.0,1.0,17,4619.782917304516,1.4615384615384615,25.0,0.0,0.0,13.0,26.918011507621657,0.25969287088139137,23.277172527441987,True
HEATH AVE,73,21,21.0,11,11.0,1.0,18,4640.363285832223,1.6923076923076923,25.0,0.0,0.0,13.0,29.60452657895262,0.2524593012043388,23.172292767316538,True
UNDERCLIFF AVE,101,29,28.0,13,10.0,0.9655172413793104,10,4437.807704533072,1.2,25.0,0.0,0.0,15.0,12.370335624205943,0.30987592894293003,23.156743232484594,True
BARD AVE,73,17,17.0,12,4.0,1.0,25,10200.798448025733,1.5897435897435896,25.0,0.0,0.0,39.0,41.570180003257754,0.2503980576751774,23.152325349545226,True
SHEFFIELD AVE,116,23,21.0,4,4.0,0.9130434782608695,26,9064.685902021038,1.0,24.41176470588235,0.0,0.0,17.0,27.144410650586686,0.34727072375723,23.133773933690872,True
W 195 ST,45,32,29.0,6,6.0,0.90625,7,1861.6224704809974,1.2,25.0,0.0,0.0,5.0,9.219915766716348,0.2966213549308792,23.132804614076484,True
ELIZABETH ST,166,25,25.0,19,19.0,1.0,20,6518.355843207512,1.0588235294117647,25.0,0.0,0.0,17.0,19.64340930414466,0.3612384895882716,23.064993267686628,True
BRIELLE AVE,63,32,20.0,7,4.0,0.625,15,7196.061001244652,2.1538461538461537,25.0,0.0,0.0,26.0,35.886087606838345,0.18842409558187287,22.993321689652912,True
E 78 ST,130,18,18.0,21,20.0,1.0,28,7862.391036684214,1.0666666666666667,25.0,0.0,0.0,15.0,33.810909835864486,0.315061283695819,22.981405549286315,True
E 152 ST,60,23,21.0,7,7.0,0.9130434782608695,14,2949.0589470894715,1.6,25.0,0.0,0.0,10.0,30.456372356332757,0.2033930475210967,22.923360392048775,True
GUYON AVE,44,20,18.0,9,9.0,0.9,14,5261.141274215031,2.2857142857142856,25.0,1.0,0.75,21.0,59.42509372816773,0.11571568509911936,22.793533101050162,True
247 ST,51,18,18.0,8,7.0,1.0,22,12167.139756688015,1.793103448275862,25.0,0.0,0.0,29.0,37.449645948655025,0.24602278709382028,22.785056104276137,True
W 22 ST,140,21,18.0,23,21.0,0.8571428571428571,26,8032.156805514464,1.2307692307692308,25.0,0.0,0.0,13.0,33.8717960211461,0.2989151147242456,22.744319728540713,True
W 7 ST,71,18,17.0,9,9.0,0.9444444444444444,23,8251.50695947801,1.0,25.0,1.0,0.75,13.0,40.77011667050374,0.23858764492392873,22.671256155982505,True
138 AVE,38,23,23.0,13,12.0,1.0,19,7815.475652574702,1.5454545454545454,25.0,0.0,0.0,33.0,21.95217370331661,0.32466601211544394,22.65980641486611,True
145 ST,67,24,23.0,11,11.0,0.9583333333333334,19,8805.033550797094,1.0588235294117647,25.0,0.0,0.0,17.0,21.894947745525222,0.3252385921750446,22.640594360474765,True
230 PL,43,21,19.0,6,6.0,0.9047619047619048,13,6075.7216187460435,2.2857142857142856,25.0,0.0,0.0,14.0,45.5477426391379,0.13683915254711354,22.632770604778504,True
W 60 ST,71,23,22.0,14,11.0,0.9565217391304348,7,2877.1649164394153,1.8333333333333333,25.0,1.0,0.75,6.0,27.020639184091714,0.12579360158397268,22.631564285220517,True
STEWART AVE,89,22,21.0,11,9.0,0.9545454545454546,14,8755.156952636871,1.84375,25.0,0.0,0.0,32.0,28.492964832293,0.2144035821453049,22.606518500932413,True
NOBLE AVE,76,23,22.0,7,6.0,0.9565217391304348,16,5515.102691556173,1.3846153846153846,25.0,0.0,0.0,13.0,23.98833531445138,0.2703273962029665,22.53750150833405,True
129 AVE,36,21,21.0,6,1.0,1.0,15,8609.561212799701,2.076923076923077,25.0,0.0,0.0,26.0,27.38376162840781,0.2332798302014805,22.4892028287217,True
79 AVE,58,16,16.0,12,12.0,1.0,25,9974.018133640851,1.53125,25.0,0.0,0.0,32.0,42.07309603152661,0.24814768470535287,22.469978413323652,True
FURMAN AVE,67,22,22.0,7,3.0,1.0,15,4144.499479042058,1.5714285714285714,25.0,0.0,0.0,7.0,23.77273827271685,0.2595185395286536,22.460058447502025,True
VANDALIA AVE,69,23,19.0,21,18.0,0.8260869565217391,17,10954.808634806614,1.7446808510638299,25.0,0.0,0.0,47.0,35.211451494013424,0.2114610147463118,22.42808998343469,True
E 90 ST,103,26,23.0,11,10.0,0.8846153846153846,16,5057.8876099508725,1.2,25.0,0.0,0.0,10.0,20.9131949135073,0.2982228758086387,22.377666985854052,True
STRAUSS ST,71,27,26.0,16,16.0,0.9629629629629629,13,5313.423896766264,1.1,25.0,0.0,0.0,10.0,14.89523927898038,0.326496167837215,22.374338179837864,True
189 ST,60,18,18.0,7,4.0,1.0,22,15377.058831075194,1.6470588235294117,25.0,0.0,0.0,34.0,34.49370020860614,0.2615906568883772,22.314597872089244,True
SILVER ST,29,29,29.0,7,7.0,1.0,3,706.5152323107266,1.5,25.0,0.0,0.0,4.0,4.402826572371779,0.2745581916682053,22.246644543561164,True
NOME AVE,56,21,21.0,16,14.0,1.0,12,4875.212580472279,1.9473684210526316,25.0,0.0,0.0,19.0,27.05840050417269,0.19764573231659666,22.19741700431445,True
E 41 ST,101,25,21.0,20,16.0,0.84,14,4633.721483453881,1.6666666666666667,25.0,0.0,0.0,15.0,25.901922869829622,0.23089879669190277,22.13184809212018,True
E 223 ST,80,20,20.0,12,12.0,1.0,22,6321.376733028446,1.0,25.0,0.0,0.0,8.0,26.804484431841612,0.3131335864750909,22.13071261425649,True
W 172 ST,142,26,23.0,26,18.0,0.8846153846153846,16,3583.6356262845597,1.2,25.0,0.0,0.0,10.0,19.79253699872951,0.30987592894293003,22.006084422931227,True
BAINBRIDGE ST,91,17,16.0,11,11.0,0.9411764705882353,22,6664.669248494441,1.4615384615384615,25.0,0.0,0.0,13.0,43.24879709047435,0.22030151646719587,22.002951320938415,True
PARK ROW,88,25,23.0,14,12.0,0.92,10,5997.992793738172,1.9722222222222223,25.0,0.0,0.0,36.0,18.19871885294945,0.23384082722113328,21.877264444852468,True
WESTERVELT AVE,64,21,20.0,13,10.0,0.9523809523809523,20,7831.379517156723,2.0,21.136363636363637,0.0,0.0,22.0,26.258465768245358,0.2972893409652401,21.860575163695177,True
SACKMAN ST,63,23,21.0,5,5.0,0.9130434782608695,19,5730.222463849719,1.2352941176470589,25.0,0.0,0.0,17.0,23.79980068351204,0.30720445831900567,21.860111252379497,True
YATES AVE,51,17,17.0,3,2.0,1.0,23,9447.458851384146,1.5625,23.75,0.0,0.0,16.0,35.12717841679225,0.26669341984185735,21.83439920405783,True
61 AVE,58,22,19.0,5,4.0,0.8636363636363636,12,5520.2746949183675,2.0,25.0,0.0,0.0,12.0,37.96465372306341,0.1493469668782414,21.832313511435668,True
E 147 ST,90,24,24.0,7,7.0,1.0,15,3680.6403925779086,1.1818181818181819,25.0,0.0,0.0,11.0,17.31639466323071,0.3248466333624717,21.82885330762705,True
251 ST,29,21,21.0,10,6.0,1.0,14,10169.722867026296,1.8095238095238095,25.0,0.0,0.0,21.0,24.292827758617275,0.24248435377926406,21.798459211154732,True
ELTON AVE,64,28,23.0,5,4.0,0.8214285714285714,10,2906.5282894264933,1.5833333333333333,25.0,0.0,0.0,12.0,17.89551558884594,0.2368643395492238,21.790929671212684,True
HULL AVE,123,19,19.0,8,7.0,1.0,22,8451.363635195423,1.4210526315789473,23.94736842105263,0.0,0.0,19.0,28.214465733990476,0.30221432606208193,21.78474355182008,True
W 173 ST,59,23,22.0,27,26.0,0.9565217391304348,10,2502.3854490314416,1.6666666666666667,25.0,0.0,0.0,6.0,20.70944549443739,0.21148656206452063,21.727065064461684,True
E 231 ST,90,23,23.0,18,18.0,1.0,14,4809.456184995917,1.25,25.0,0.0,0.0,8.0,18.644294392863618,0.2943258665897588,21.718003172569713,True
80 AVE,31,17,17.0,8,4.0,1.0,17,7882.97519200348,1.7666666666666666,25.0,0.0,0.0,30.0,43.32351849640886,0.17895177703407106,21.710640412721602,True
WILLOUGHBY ST,105,26,26.0,13,12.0,1.0,10,3111.194966442178,1.25,25.0,0.0,0.0,12.0,12.249179031331497,0.3119846834207688,21.709954473314287,True
BRADHURST AVE,82,21,21.0,12,9.0,1.0,11,3453.273703577832,2.0,25.0,0.0,0.0,13.0,24.496837741927514,0.1996262487056767,21.69806060075342,True
20 ST,102,17,17.0,7,7.0,1.0,19,8296.084482390484,1.6875,25.0,0.0,0.0,16.0,38.853029150946014,0.2136050754879169,21.667917941427472,True
VAN BUREN ST,68,21,20.0,18,18.0,0.9523809523809523,20,8901.438042822305,1.3846153846153846,25.0,0.0,0.0,13.0,25.239313183445947,0.30562490802410136,21.60126460980013,True
W 146 ST,139,21,20.0,18,18.0,0.9523809523809523,17,4360.203005681393,1.3,25.0,0.0,0.0,10.0,25.85645084486659,0.26750270764057926,21.56661645816577,True
105 AVE,77,14,14.0,12,11.0,1.0,29,9418.190184884577,1.5357142857142858,25.0,0.0,0.0,28.0,40.51400815201129,0.2844823312545922,21.542766849987434,True
148 AVE,46,18,17.0,4,3.0,0.9444444444444444,19,8976.11910909862,2.0,25.0,0.0,0.0,21.0,37.4243241439134,0.21996590498583546,21.492654944039963,True
W 113 ST,100,19,19.0,14,11.0,1.0,17,4553.200646041191,1.5,25.0,0.0,0.0,12.0,28.793733979473544,0.2469533676987341,21.418595588576515,True
BRITTON AVE,58,26,26.0,10,10.0,1.0,12,5213.507261398725,1.2777777777777777,22.5,0.0,0.0,18.0,12.670672524131394,0.3447117613355659,21.40522404837478,True
PARK HILL AVE,63,19,19.0,6,5.0,1.0,13,3402.2390207863173,2.0,25.0,0.0,0.0,4.0,32.09198435885609,0.18367568284810293,21.404679166949578,True
KEAP ST,85,19,18.0,9,9.0,0.9473684210526315,22,4756.9226411376185,1.263157894736842,25.0,0.0,0.0,19.0,29.617326437595956,0.2920806378877438,21.39319611644318,True
W 149 ST,93,23,23.0,14,12.0,1.0,12,3454.2638995758034,1.25,25.0,0.0,0.0,8.0,17.227153290272323,0.2789726442682596,21.389533688431946,True
W FARMS RD,87,18,18.0,18,18.0,1.0,19,7174.714523637539,1.55,24.375,0.0,0.0,40.0,31.31136541055608,0.2520845582646156,21.35558966941891,True
CALYER ST,74,22,22.0,11,10.0,1.0,16,3995.8199742529914,1.125,25.0,0.0,0.0,16.0,19.90076411280573,0.30871096136625953,21.351942871129705,True
KELLY ST,79,27,25.0,12,11.0,0.9259259259259259,15,4829.531327664563,1.0,25.0,0.0,0.0,14.0,14.837577763452007,0.35960108176562217,21.34558197037833,True
PITT ST,70,20,20.0,11,9.0,1.0,9,2166.7574834902107,2.5,25.0,0.0,0.0,10.0,29.080875343293346,0.14668524738660074,21.332030446217868,True
FISH AVE,52,19,19.0,8,7.0,1.0,15,6816.4672748315825,2.0,25.0,0.0,0.0,13.0,29.279619387124445,0.221520991853041,21.277151482507556,True
E 230 ST,59,23,23.0,7,6.0,1.0,16,4303.734680647416,1.0,25.0,0.0,0.0,6.0,17.72050618088458,0.33400705335181524,21.236611826288136,True
QUEENSBORO BRIDGE,95,44,20.0,8,3.0,0.45454545454545453,8,2178.6482189821836,2.7,25.0,1.0,0.75,20.0,29.276009276044473,0.13178014291732112,21.222393828099538,True
MILES AVE,52,14,14.0,6,4.0,1.0,23,10182.213404871998,1.8421052631578947,25.0,0.0,0.0,38.0,48.631113324711905,0.20804461879038175,21.2048167699262,True
MASON AVE,40,20,18.0,6,4.0,0.9,12,7173.96579798674,2.6551724137931036,23.79310344827586,0.0,0.0,29.0,40.71931426767949,0.1406648300429706,21.19580848015597,True
FTELEY AVE,93,22,22.0,15,10.0,1.0,14,4207.022680668999,1.125,25.0,0.0,0.0,8.0,19.191625745052107,0.288352323132028,21.190198759361596,True
HALLECK ST,68,21,20.0,28,26.0,0.9523809523809523,12,10619.792645148085,1.9523809523809523,25.0,0.0,0.0,21.0,25.12459615880538,0.20966865596981044,21.07446718900478,True
58 RD,64,17,16.0,8,7.0,0.9411764705882353,25,11541.821724170371,1.2307692307692308,25.0,0.0,0.0,26.0,33.15799146590455,0.2951729258683943,21.064574543015986,True
HARDING AVE,38,16,16.0,10,5.0,1.0,14,6517.9953505147605,2.4347826086956523,25.0,0.0,0.0,23.0,60.06429283895676,0.11462540249663637,21.05088730239507,True
MACON ST,81,15,14.0,8,8.0,0.9333333333333333,30,10169.82503850567,1.0,25.0,0.0,0.0,14.0,36.455850799790234,0.31369784143744145,21.04435192353544,True
W 136 ST,119,20,19.0,17,17.0,0.95,14,4698.950784275545,1.6363636363636365,25.0,0.0,0.0,11.0,28.434194551683305,0.2147515634812902,21.02600803016066,True
BEMENT AVE,55,14,14.0,8,7.0,1.0,23,8162.488526269663,1.8214285714285714,25.0,0.0,0.0,28.0,45.964480502773014,0.2174893071427711,20.95193271772672,True
DRY HARBOR RD,39,19,19.0,9,9.0,1.0,13,4014.6551556106724,2.142857142857143,25.0,0.0,0.0,14.0,28.51340955879872,0.2020697405743489,20.922372201523988,True
112 RD,36,17,17.0,6,6.0,1.0,17,7210.396863420859,1.9285714285714286,25.0,0.0,0.0,14.0,35.52247423238079,0.20999834173610435,20.88968887364969,True
HUNTER AVE,44,14,14.0,5,4.0,1.0,19,9178.397265575864,1.8709677419354838,25.0,1.0,0.75,31.0,57.707037600761254,0.1546059357811107,20.757367448485883,True
W 171 ST,58,21,20.0,10,9.0,0.9523809523809523,10,2645.1176507509977,1.4444444444444444,25.0,1.0,0.75,9.0,24.028730576490986,0.18775740763033968,20.756424009083034,True
PHILIP AVE,38,19,17.0,8,8.0,0.8947368421052632,15,6242.615051740112,2.0,25.0,0.0,0.0,19.0,37.51793125338866,0.18171785427514878,20.728474441530803,True
LURTING AVE,37,17,17.0,9,3.0,1.0,20,10270.101887529467,1.5263157894736843,25.0,0.0,0.0,19.0,31.08029742067304,0.2633119653122055,20.707510786017796,True
259 ST,40,19,19.0,4,3.0,1.0,14,8897.173229994414,2.0,25.0,0.0,0.0,20.0,26.18891012850654,0.2289478265365242,20.645885349087976,True
HOLLYWOOD AVE,54,12,11.0,8,6.0,0.9166666666666666,28,13565.006808833496,1.8214285714285714,25.0,0.0,0.0,28.0,54.177534601041785,0.22303874164788098,20.6302629848742,True
CEBRA AVE,45,21,21.0,2,2.0,1.0,8,2153.5957965864905,2.0,25.0,0.0,0.0,7.0,19.001659396667126,0.1895298542830546,20.62125479664241,True
E 232 ST,70,22,22.0,10,9.0,1.0,15,4686.264937934215,1.0,25.0,0.0,0.0,8.0,17.60760526243505,0.32119970462249553,20.589164107708736,True
SHEPHERD AVE,97,13,13.0,9,9.0,1.0,29,9983.361263504685,1.2105263157894737,25.0,0.0,0.0,19.0,38.676458830443146,0.2940242861749629,20.54950247912187,True
248 ST,45,15,15.0,11,11.0,1.0,22,12527.869237444422,1.9655172413793103,25.0,0.0,0.0,29.0,37.356589335561324,0.24648458026005396,20.510554538422234,True
CARY AVE,66,18,18.0,1,1.0,1.0,14,3928.4888246385485,2.0,25.0,0.0,0.0,10.0,30.148426264744764,0.20504458686404484,20.4909690445029,True
WALES AVE,46,22,22.0,9,9.0,1.0,8,3243.913247511185,1.8888888888888888,25.0,0.0,0.0,9.0,15.25046136782206,0.2256303337597465,20.47709934569739,True
SACKETT ST,66,16,16.0,11,10.0,1.0,24,7554.50208586881,1.263157894736842,23.94736842105263,0.0,0.0,19.0,30.750392488300005,0.30241331546448574,20.46071509678925,True
92 AVE,42,18,16.0,8,4.0,0.8888888888888888,20,9130.215343670185,1.8571428571428572,25.0,0.0,0.0,28.0,34.091971175122175,0.2457678510809246,20.446424877527807,True
KIMBALL ST,33,21,21.0,10,9.0,1.0,17,6250.0428378519355,1.0,25.0,0.0,0.0,8.0,19.202612818865916,0.3296394564699145,20.407510266544968,True
LIBERTY ST,87,25,24.0,10,8.0,0.96,11,2879.070571738844,1.0909090909090908,25.0,0.0,0.0,11.0,12.848065384182766,0.32228706265800294,20.405875749714156,True
44 AVE,104,17,15.0,9,9.0,0.8823529411764706,28,13275.189951875265,1.3703703703703705,24.814814814814813,0.0,0.0,27.0,31.231211521944793,0.33243406269077996,20.395807588633506,True
63 RD,66,18,16.0,8,6.0,0.8888888888888888,14,5737.486661042805,2.2,25.0,0.0,0.0,15.0,46.778053607798284,0.14254145006188765,20.38714839133808,True
WAINWRIGHT AVE,39,19,18.0,4,3.0,0.9473684210526315,12,6334.356610614457,2.0,25.0,0.0,0.0,30.0,31.627844723507106,0.17406109807975798,20.372077617034083,True
MAUJER ST,55,20,20.0,4,4.0,1.0,13,4114.044764210609,1.5,25.0,0.0,0.0,8.0,21.373934629717795,0.2525220951843733,20.346948851342702,True
MILFORD ST,64,18,18.0,12,11.0,1.0,18,7308.0513539729245,1.3529411764705883,25.0,0.0,0.0,17.0,26.556760327941834,0.27350816580441617,20.340343822523366,True
136 AVE,49,18,18.0,15,10.0,1.0,18,6153.509003181459,1.6666666666666667,25.0,0.0,0.0,21.0,26.443799440393043,0.2743559750766566,20.31660682882076,True
PALMER AVE,38,18,18.0,1,1.0,1.0,16,5777.501256084851,1.6666666666666667,25.0,0.0,0.0,18.0,27.001607709440478,0.24763030918985976,20.22907090029457,True
MIDLAND PKWY,99,36,22.0,7,6.0,0.6111111111111112,12,8705.304146615304,1.3214285714285714,25.0,0.0,0.0,28.0,15.899199426602639,0.2953905520240763,20.197881150835354,True
RICHARDSON AVE,33,22,22.0,2,1.0,1.0,11,4159.79348847398,1.1666666666666667,25.0,0.0,0.0,6.0,15.556449648160097,0.28199985192018096,20.18291975494092,True
HAMPTON ST,61,24,24.0,6,6.0,1.0,11,2695.510912155354,2.0,20.0,0.0,0.0,5.0,12.41690227394038,0.3297874511788532,20.180039724167226,True
YORK ST,59,25,23.0,12,8.0,0.92,13,3327.880138480004,1.125,25.0,0.0,0.0,16.0,14.468016601073654,0.33292743377148626,20.15946866201453,True
S PORTLAND AVE,69,20,20.0,16,14.0,1.0,9,2450.698684931643,2.0,25.0,0.0,0.0,6.0,20.70813827269632,0.19446015561277433,20.13770467870389,True
W 148 ST,118,20,20.0,14,13.0,1.0,13,3484.373630247385,1.3333333333333333,25.0,0.0,0.0,9.0,20.409029943267583,0.26134081489569067,20.10689621869029,True
16 ST,80,17,17.0,12,10.0,1.0,22,7183.20003312745,1.0769230769230769,25.0,0.0,0.0,13.0,26.911236942781613,0.31227933415680426,20.095074473162164,True
MANOR AVE,65,22,21.0,7,6.0,0.9545454545454546,14,3547.4482313842714,1.0,25.0,0.0,0.0,4.0,17.999743755725735,0.30168573525491343,20.094865488992973,True
BARLOW AVE,35,15,14.0,7,3.0,0.9333333333333333,17,7538.737928522304,2.0,25.0,0.0,0.0,21.0,56.509631050727215,0.14317317420818557,20.08623881195146,True
77 RD,48,14,14.0,8,8.0,1.0,20,8696.895493951859,2.090909090909091,25.0,0.0,0.0,22.0,44.4190760839913,0.20005991628544367,20.085637814843842,True
OTIS AVE,60,19,19.0,15,14.0,1.0,15,7411.975969266132,1.36,25.0,0.0,0.0,25.0,22.807589719344648,0.26756220329149877,20.018767094537914,True
W 117 ST,79,20,20.0,9,8.0,1.0,14,3720.146913867658,1.2222222222222223,25.0,0.0,0.0,9.0,19.887250565382924,0.2811014317866623,19.968305972496005,True
E 221 ST,57,19,19.0,9,8.0,1.0,16,5291.324749947453,1.3333333333333333,25.0,0.0,0.0,9.0,22.40421819600711,0.2840126514883227,19.966841036092774,True
JOHNSON ST,102,23,23.0,3,3.0,1.0,9,4672.772696861371,1.4615384615384615,25.0,0.0,0.0,13.0,12.419361546815972,0.286996711755725,19.963391555660003,True
BRADY AVE,45,21,21.0,9,9.0,1.0,8,2362.8887771717464,2.0,25.0,0.0,0.0,9.0,15.996545129645181,0.21739461111992656,19.91227587420311,True
214 ST,47,13,13.0,4,3.0,1.0,25,16591.135940160137,1.6571428571428573,25.0,0.0,0.0,35.0,39.6304869858993,0.2594736517853349,19.909909707053128,True
RUGBY RD,45,18,18.0,12,10.0,1.0,20,7401.135342140332,1.1333333333333333,25.0,0.0,0.0,15.0,24.03362751382597,0.3161104167892199,19.90729250814643,True
ACADEMY ST,47,22,22.0,6,5.0,1.0,6,2467.8376438590103,1.875,23.75,0.0,0.0,8.0,12.139779084847035,0.21539424869625232,19.876165124001552,True
E 215 ST,61,21,21.0,3,3.0,1.0,13,3921.8806018911037,1.2222222222222223,25.0,0.0,0.0,9.0,17.136331234993552,0.29645536229586267,19.854594676478804,True
E 220 ST,60,20,20.0,13,13.0,1.0,15,4194.160918327088,1.1666666666666667,25.0,0.0,0.0,6.0,19.4730231063549,0.29965042511951673,19.842091149791084,True
W 104 ST,68,21,19.0,6,5.0,0.9047619047619048,13,3260.391605430427,1.4444444444444444,25.0,0.0,0.0,9.0,22.418184764220005,0.2436251573646901,19.832755801084684,True
FINGERBOARD RD,38,18,16.0,20,17.0,0.8888888888888888,16,4272.1190064034045,2.230769230769231,25.0,0.0,0.0,26.0,34.41138262040916,0.2052527718999755,19.778987317350015,True
CATALPA AVE,63,20,20.0,8,6.0,1.0,14,4204.084484104379,1.4166666666666667,25.0,0.0,0.0,12.0,19.095166928824895,0.28938740529277057,19.73815270530955,True
LABURNUM AVE,54,17,17.0,17,17.0,1.0,16,4910.820698900936,2.0,25.0,0.0,0.0,16.0,28.388325621333667,0.23841799329136892,19.715181741587056,True
FARRINGTON ST,88,20,19.0,3,3.0,0.95,9,2731.9941929803854,2.0,25.0,0.0,0.0,6.0,22.724404939328323,0.18031747426097205,19.67157529178477,True
HOBART AVE,45,19,19.0,12,11.0,1.0,14,6055.07602086067,1.4666666666666666,25.0,0.0,0.0,15.0,21.088501966303646,0.26940295970699196,19.562648611076074,True
CLAWSON ST,37,17,17.0,4,3.0,1.0,19,8614.956988043763,1.2580645161290323,25.0,0.0,0.0,31.0,25.82185580600154,0.290127383686435,19.559461944254213,True
GREENWICH AVE,57,23,20.0,16,14.0,0.8695652173913043,7,2299.629592398282,1.9,25.0,0.0,0.0,10.0,17.361545313972712,0.18297341676379478,19.517232931121143,True
JACKSON ST,62,15,14.0,6,6.0,0.9333333333333333,22,6063.251398227532,1.4210526315789473,25.0,0.0,0.0,19.0,35.50188652496434,0.25606419656881824,19.505863297728894,True
E 121 ST,58,23,23.0,10,7.0,1.0,6,2314.554708961629,1.375,25.0,0.0,0.0,8.0,9.45453968731462,0.26062575419032546,19.469704190151255,True
137 ST,80,18,17.0,10,9.0,0.9444444444444444,15,7972.969184683923,1.894736842105263,25.0,0.0,0.0,19.0,27.631919201921914,0.23167014339674377,19.463098246091842,True
COVERT ST,74,22,22.0,4,4.0,1.0,13,4765.42047504615,1.0,25.0,0.0,0.0,7.0,14.397911271968722,0.33400705335181524,19.46084874463122,True
E 234 ST,73,22,22.0,8,8.0,1.0,17,4631.969113596502,1.0,25.0,0.0,0.0,10.0,15.295474270375085,0.38170283072003813,19.440863550366842,True
W 166 ST,73,17,17.0,12,10.0,1.0,11,2881.9532339305356,1.5714285714285714,25.0,1.0,0.75,14.0,32.24717585238048,0.15929026183715458,19.428726633802828,True
BOUCK AVE,37,17,17.0,5,5.0,1.0,16,6471.081011927864,1.9565217391304348,23.695652173913043,0.0,0.0,23.0,26.333443014379085,0.2523280684347082,19.355089647663693,True
CHESTNUT ST,76,20,20.0,4,4.0,1.0,16,5387.213871430983,1.0909090909090908,25.0,0.0,0.0,11.0,18.011071724681926,0.330398972116906,19.34286014222066,True
COLDEN ST,64,19,17.0,11,9.0,0.8947368421052632,14,4099.270873821007,1.5833333333333333,25.0,0.0,0.0,12.0,27.242770436313215,0.22205788422493403,19.274487931689418,True
E 157 ST,69,22,21.0,6,4.0,0.9545454545454546,12,2675.359096385633,1.4,25.0,0.0,0.0,10.0,15.19960600147321,0.3048418962130164,19.23179689470649,True
BANCROFT AVE,24,18,18.0,3,2.0,1.0,7,3030.489916263923,2.5714285714285716,25.0,1.0,0.75,7.0,28.142355811841547,0.12138827352901223,19.231163061516387,True
49 AVE,85,11,11.0,11,8.0,1.0,20,10432.208867697704,1.8148148148148149,25.0,1.0,0.75,27.0,72.93450593911257,0.1321807940848435,19.186552176284355,True
STRANG AVE,45,18,18.0,3,3.0,1.0,12,3306.980482376735,2.0,25.0,0.0,0.0,13.0,23.223958583171527,0.22300131757061326,19.164949646981565,True
AINSLIE ST,58,21,21.0,6,6.0,1.0,14,3435.86951761333,1.0,25.0,0.0,0.0,8.0,15.505442908274008,0.33400705335181524,19.164779176319282,True
W 151 ST,115,20,15.0,13,8.0,0.75,15,3839.6239072470694,1.3333333333333333,25.0,1.0,0.75,12.0,37.58552720948102,0.18145034262531032,19.098151650533598,True
COUNTRY CLUB RD,35,19,18.0,26,25.0,0.9473684210526315,9,3801.6045322394316,2.6666666666666665,25.0,0.0,0.0,12.0,24.47375305316082,0.16961478064205593,19.098044204042715,True
LONG ST,48,20,20.0,6,6.0,1.0,9,2539.1798109853207,2.0,25.0,0.0,0.0,9.0,16.128484356991844,0.23661185998865475,19.083953482732667,True
160 AVE,35,16,15.0,9,8.0,0.9375,14,6171.2222572945175,2.08,25.0,0.0,0.0,25.0,39.81413987967048,0.16339957655613965,19.054619948942975,True
7 ST,60,16,16.0,2,2.0,1.0,18,8810.50640955731,1.4615384615384615,25.0,0.0,0.0,13.0,27.378163714459948,0.26749737441360266,19.043628919266162,True
E 239 ST,52,20,20.0,5,3.0,1.0,11,4302.99417946928,1.6666666666666667,25.0,0.0,0.0,12.0,16.452821693817583,0.27079656393819374,19.0394363030097,True
SEGUINE AVE,38,15,15.0,5,3.0,1.0,13,5669.998538402807,2.0,25.0,1.0,0.75,28.0,42.62639893141138,0.1448587440418827,19.00192545160426,True
191 ST,68,13,13.0,11,8.0,1.0,23,10790.666706437178,1.7407407407407407,25.0,0.0,0.0,27.0,35.674257921559025,0.263681986719628,18.978793376149948,True
CALAMUS AVE,47,17,17.0,7,7.0,1.0,15,3484.421770320592,1.7333333333333334,25.0,0.0,0.0,15.0,24.855113031003878,0.25105444412759115,18.972061035558077,True
HARWAY AVE,32,16,16.0,3,2.0,1.0,12,3897.3685415681894,2.0,25.0,0.0,0.0,15.0,33.943924793874174,0.16413382466851614,18.945205005982785,True
NEWPORT AVE,55,13,12.0,9,8.0,0.9230769230769231,20,9060.002883724614,2.05,25.25,0.0,0.0,40.0,50.270722784822006,0.18098714643839095,18.926508908959644,True
FORSYTH ST,58,16,16.0,7,6.0,1.0,14,4061.9199565630547,1.8333333333333333,25.0,0.0,0.0,12.0,30.161612193359357,0.204973320241024,18.902752671238638,True
ULMER ST,56,20,20.0,11,10.0,1.0,5,2952.8133537279045,1.6,25.0,0.0,0.0,5.0,13.437082224266613,0.17128272724705582,18.875885544674205,True
N 6 ST,84,19,19.0,8,8.0,1.0,15,3556.6113127041517,1.125,25.0,0.0,0.0,8.0,18.56698141778241,0.3097437012450762,18.865875221636028,True
BRIDGE ST,99,17,17.0,8,7.0,1.0,15,5347.834854022897,1.1904761904761905,25.0,1.0,0.75,21.0,24.109134154570366,0.2568274564728792,18.82582084264278,True
BUHRE AVE,35,18,18.0,5,2.0,1.0,9,2408.1285167904275,1.9,25.0,0.0,0.0,10.0,22.32198683225063,0.18297341676379478,18.790808697905028,True
BOYNTON AVE,90,18,17.0,7,5.0,0.9444444444444444,14,4988.313618731218,1.2857142857142858,25.0,0.0,0.0,7.0,24.249549535435285,0.24281203621991287,18.760277884376166,True
62 AVE,64,11,9.0,14,4.0,0.8181818181818182,28,14751.312511238459,1.8863636363636365,25.0,0.0,0.0,44.0,50.36336178016658,0.23594471446180734,18.75946658440184,True
WAVERLY AVE,84,16,16.0,5,5.0,1.0,19,6020.388333089584,1.4166666666666667,25.0,0.0,0.0,12.0,25.386291521976155,0.293643519594002,18.75622367844842,True
115 RD,40,13,13.0,12,12.0,1.0,18,8782.749813234945,2.0689655172413794,25.0,0.0,0.0,29.0,44.103517725029434,0.18480125838423686,18.747969215761856,True
2 ST,71,11,11.0,7,5.0,1.0,28,12950.484380128322,1.4210526315789473,25.0,0.0,0.0,38.0,37.02735184820632,0.2957881907857369,18.698583314124754,True
60 PL,67,19,19.0,10,10.0,1.0,14,5168.754500240643,1.2380952380952381,25.0,0.0,0.0,21.0,17.983746281112747,0.3018730881542672,18.693220351531245,True
WHITTIER ST,49,15,15.0,17,9.0,1.0,15,5749.9109621250955,2.0,25.0,0.0,0.0,9.0,33.15917748392303,0.20080791718546023,18.64650660834769,True
KATONAH AVE,44,18,18.0,6,6.0,1.0,8,2326.4958982631497,2.0,25.0,0.0,0.0,9.0,21.814434117792963,0.1692272921458456,18.645506356822832,True
68 RD,64,15,15.0,7,4.0,1.0,22,7917.400868190448,1.2,25.0,0.0,0.0,15.0,26.485833154733566,0.3157115152161816,18.62620978880119,True
THOMPSON ST,87,21,19.0,2,2.0,0.9047619047619048,18,4661.695333842748,1.0769230769230769,25.0,0.0,0.0,13.0,17.88465884861535,0.35857493086092473,18.600066623755904,True
NEWTOWN AVE,53,17,17.0,6,6.0,1.0,11,2941.4275921752364,1.9090909090909092,20.0,1.0,0.75,11.0,25.01763647328331,0.19628627791253092,18.57375202099653,True
HAROLD ST,28,18,15.0,14,7.0,0.8333333333333334,13,5463.61437647956,2.0,25.0,0.0,0.0,20.0,36.77258519336369,0.16413382466851617,18.573617680707887,True
DELAFIELD AVE,30,11,11.0,9,8.0,1.0,21,13226.430432908497,1.5714285714285714,25.0,1.0,0.75,28.0,52.93146793281076,0.18057469050402922,18.57176184434693,True
185 ST,45,21,14.0,10,9.0,0.6666666666666666,21,10634.454312978121,1.45,25.0,0.0,0.0,20.0,30.461961870824663,0.2768903087430544,18.55815770492903,True
DALNY RD,54,17,17.0,5,5.0,1.0,13,3526.453580525319,1.7,25.0,0.0,0.0,10.0,23.482836138822723,0.23517743372992814,18.524616766419964,True
146 AVE,40,15,15.0,8,5.0,1.0,16,7279.684351568114,1.878787878787879,25.0,0.0,0.0,33.0,30.45479216480896,0.22589489767225546,18.491158694615496,True
31 DR,58,15,15.0,4,4.0,1.0,15,4712.2011906278085,1.8461538461538463,25.0,0.0,0.0,13.0,31.679565248293645,0.20823377288367384,18.4732488017116,True
WINANT AVE,22,17,17.0,6,6.0,1.0,8,3420.9164610600856,2.0,25.0,0.0,0.0,13.0,27.61435645634044,0.13861067946741437,18.471263160522685,True
73 PL,71,16,14.0,8,7.0,0.875,19,7095.271995167858,1.7083333333333333,25.0,0.0,0.0,24.0,31.888291420715845,0.24865788381894946,18.44806468981187,True
SAMPSON AVE,23,16,16.0,5,4.0,1.0,9,4013.2336888731375,1.8571428571428572,25.0,1.0,0.75,14.0,35.84011051400772,0.1224075477633102,18.42857927537275,True
BARKER AVE,58,18,18.0,3,2.0,1.0,16,6126.451789377639,1.0,25.0,0.0,0.0,13.0,19.35677713705739,0.3146568338197722,18.426919198145534,True
E 75 ST,89,18,17.0,8,8.0,0.9444444444444444,17,4939.381214826691,1.2222222222222223,25.0,0.0,0.0,9.0,21.64265171332921,0.3037643760195735,18.41027220077565,True
NEW HAVEN AVE,97,18,18.0,8,8.0,1.0,11,3145.3588104581127,2.0,25.0,0.0,0.0,9.0,19.71259199187892,0.23661185998865475,18.405219576600146,True
BROOKLYN BRIDGE,662,305,16.0,85,24.0,0.05245901639344262,12,8514.8207375606,1.5,28.448275862068964,1.0,0.75,58.0,28.571737828528285,0.1891573859352681,18.378037064307932,True
8 ST,82,10,9.0,8,3.0,0.9,27,10036.509939096712,1.3703703703703705,25.0,0.0,0.0,27.0,48.98201774050464,0.23440560292001902,18.372008974421885,True
106 AVE,46,13,13.0,8,8.0,1.0,22,7436.763305159892,1.619047619047619,25.0,0.0,0.0,21.0,32.76144458640197,0.2716646706875997,18.368486335876142,True
CHRISTOPHER ST,67,19,19.0,11,11.0,1.0,11,3985.974569067201,1.5,23.928571428571427,0.0,0.0,14.0,16.549393252559746,0.26964245758070365,18.339212374056352,True
E END AVE,32,14,14.0,4,4.0,1.0,11,2955.2041504973513,3.272727272727273,25.0,0.0,0.0,11.0,62.471429659779645,0.08908998132459761,18.318318763166314,True
HONEYWELL ST,22,18,18.0,8,8.0,1.0,3,1932.0444078723986,4.0,25.0,1.0,0.75,5.0,22.425927671620634,0.06916489770111711,18.306118834640188,True
VARICK AVE,88,16,16.0,11,9.0,1.0,14,4488.059802661724,1.565217391304348,25.0,0.0,0.0,23.0,25.8452646040727,0.23128790246977135,18.27709059953586,True
BRAGG ST,39,16,16.0,6,5.0,1.0,14,5501.9944640400545,1.2222222222222223,25.0,0.0,0.0,9.0,25.77890262280194,0.23174532025797162,18.266214920092754,True
CAULDWELL AVE,81,17,17.0,10,9.0,1.0,17,5049.821652695997,1.1,25.0,0.0,0.0,10.0,21.078636748612325,0.30937776970369835,18.261839540717226,True
HONE AVE,50,12,12.0,7,7.0,1.0,23,10013.227347057686,1.5294117647058822,25.0,0.0,0.0,17.0,35.576599339259474,0.26421455786858294,18.229280770467167,True
176 ST,56,13,13.0,6,5.0,1.0,21,11012.970165564686,1.6296296296296295,25.0,0.0,0.0,27.0,32.88567008328765,0.26182632113023624,18.206591841116804,True
WEBB AVE,87,19,19.0,13,13.0,1.0,16,5088.104610561515,1.0,25.0,0.0,0.0,11.0,16.701384968399672,0.3473096428406393,18.201668834346766,True
E 242 ST,70,17,17.0,8,8.0,1.0,12,2802.189096349248,1.8571428571428572,25.0,0.0,0.0,14.0,21.824760982664607,0.2339532873756912,18.128768692696354,True
LOGAN AVE,42,16,14.0,3,3.0,0.875,15,7662.362225661584,2.2941176470588234,25.0,0.0,0.0,17.0,35.81492854881313,0.18872781260058094,18.117083747055467,True
E 217 ST,42,20,20.0,7,6.0,1.0,11,3285.3196641299705,1.2,25.0,0.0,0.0,5.0,13.826799873430977,0.3064653217096046,18.108128237233252,True
68 DR,49,13,13.0,8,8.0,1.0,19,6599.98281863074,1.7142857142857142,25.0,0.0,0.0,14.0,34.98181235120989,0.2317648695344902,18.094611871709805,True
85 RD,55,14,13.0,5,4.0,0.9285714285714286,23,10469.309296018107,1.4137931034482758,25.0,0.0,0.0,29.0,30.057969249310933,0.2982559364226798,18.087640591922508,True
W 239 ST,48,19,17.0,4,3.0,0.8947368421052632,10,2937.7251959882037,1.826086956521739,23.91304347826087,1.0,0.75,23.0,22.23707619860409,0.19986168037317914,18.04669084929539,True
56 DR,51,16,16.0,7,2.0,1.0,14,5857.3869742744155,1.736842105263158,25.0,0.0,0.0,19.0,24.470352047172454,0.24114942667474767,18.042620539908913,True
W 70 ST,51,17,15.0,24,22.0,0.8823529411764706,10,3503.541642962375,1.7142857142857142,25.0,1.0,0.75,7.0,39.83310716013773,0.12237852290705545,18.039038973450275,True
MILFORD DR,34,27,21.0,4,4.0,0.7777777777777778,6,6107.727433155945,2.125,25.0,0.0,0.0,16.0,9.456168789624275,0.2605925544801641,17.991763536400345,True
HERZL ST,53,19,19.0,3,2.0,1.0,13,4522.823089506051,1.125,25.0,0.0,0.0,8.0,15.624745522584316,0.316070460968654,17.93318176143671,True
REMINGTON ST,60,19,19.0,12,12.0,1.0,15,3836.273401107661,1.0,25.0,0.0,0.0,13.0,15.854314833199457,0.34448408893780197,17.916361511229557,True
136 ST,50,11,10.0,6,5.0,0.9090909090909091,20,10198.275287268212,1.8709677419354838,25.0,1.0,0.75,31.0,61.04854699989404,0.1539539436465561,17.85912512806026,True
BECK ST,41,21,21.0,8,3.0,1.0,10,3391.985048024846,1.0,25.0,0.0,0.0,6.0,11.369255315846711,0.3282058649602509,17.83913311072613,True
LINCOLN ST,32,16,16.0,6,6.0,1.0,13,5030.954358899695,1.9166666666666667,25.0,0.0,0.0,12.0,23.670566566553514,0.23374823325302208,17.792981382981583,True
HUGHES AVE,104,16,16.0,4,4.0,1.0,19,5506.358650563036,1.1333333333333333,25.0,0.0,0.0,15.0,21.381836327826086,0.330464268538703,17.77850460547007,True
SCHAEFER ST,58,17,17.0,6,4.0,1.0,16,4382.16318538581,1.1428571428571428,25.0,0.0,0.0,7.0,19.44186680271176,0.3137117232888264,17.76604224272048,True
TRINITY AVE,65,14,14.0,5,5.0,1.0,16,4290.821384062865,1.4,25.0,0.0,0.0,10.0,30.787205435404847,0.22400222731647884,17.760371407949986,True
N 4 ST,86,20,20.0,8,6.0,1.0,12,2590.5050340035687,1.0,25.0,0.0,0.0,7.0,13.290379635663434,0.3340070533518153,17.75893947299861,True
CLOVERDALE BLVD,39,13,13.0,10,9.0,1.0,12,8238.966898801717,1.95,25.0,1.0,0.75,20.0,59.4547407226802,0.10080681891860348,17.682954635941897,True
GENESEE AVE,29,15,15.0,11,9.0,1.0,12,6025.012533641559,1.8888888888888888,25.0,0.0,0.0,18.0,29.21681148399645,0.18575679860663655,17.640869387661247,True
CHERRY ST,69,13,13.0,9,6.0,1.0,18,7240.628107146754,1.625,25.625,0.0,0.0,32.0,32.772863763943434,0.23375788939712827,17.622062900796372,True
W 159 ST,63,20,20.0,8,8.0,1.0,8,1523.6063669341706,1.25,25.0,0.0,0.0,4.0,11.38036252259275,0.28081330618744654,17.57949110183205,True
256 ST,36,13,13.0,3,1.0,1.0,18,10474.744098291198,1.9583333333333333,25.0,0.0,0.0,24.0,32.421333864210055,0.23569504427624427,17.57751214502871,True
W 182 ST,63,21,20.0,13,12.0,0.9523809523809523,11,3014.924315570626,1.1,25.0,0.0,0.0,10.0,12.449493770257769,0.3292083233974695,17.51431050330441,True
TOWNSEND AVE,96,19,19.0,12,10.0,1.0,15,4785.873148059893,1.2222222222222223,22.22222222222222,0.0,0.0,9.0,14.771883724339078,0.36062359204141614,17.475241521102383,True
57 RD,59,11,11.0,23,22.0,1.0,24,8947.05764943912,1.434782608695652,25.0,0.0,0.0,23.0,33.68081919019793,0.28356262061723403,17.431432527318176,True
52 AVE,64,11,8.0,4,4.0,0.7272727272727273,28,12188.033743113327,1.6333333333333333,25.0,0.0,0.0,30.0,44.28944891636132,0.2598929261723922,17.43137106805669,True
128 AVE,30,15,15.0,3,3.0,1.0,16,4956.365582958692,1.5333333333333334,25.0,0.0,0.0,15.0,23.842802263551185,0.27152940162331796,17.401080807295376,True
137 RD,17,19,19.0,3,3.0,1.0,7,3287.0527811272514,2.0,25.0,0.0,0.0,9.0,12.32320988202622,0.2398398914024244,17.39863938318839,True
PERRY AVE,98,14,13.0,9,9.0,0.9285714285714286,24,9477.984074199068,1.25,23.75,0.0,0.0,24.0,25.963329027065413,0.3392553313079869,17.39787848393152,True
PAUL AVE,43,21,18.0,6,6.0,0.8571428571428571,6,4576.056879114162,1.8,25.0,0.0,0.0,5.0,14.585874814002935,0.18599037064882792,17.36500559121491,True
WESTWOOD AVE,30,12,11.0,11,4.0,0.9166666666666666,18,8803.361597571513,1.9696969696969697,25.0,0.0,0.0,33.0,47.62099363036796,0.17351967331137944,17.354462851079557,True
MEMPHIS AVE,50,16,16.0,21,21.0,1.0,12,5734.488161134974,2.0,25.0,0.0,0.0,17.0,21.60518833249161,0.23577036388735528,17.321537292808706,True
147 DR,15,17,17.0,8,3.0,1.0,10,4920.839580251791,2.0,25.0,0.0,0.0,10.0,18.348498234384742,0.23237554713363723,17.313358015023898,True
HOME ST,54,17,16.0,20,19.0,0.9411764705882353,18,4878.764593271385,1.0555555555555556,23.333333333333332,0.0,0.0,18.0,19.87702651652748,0.33466157096145915,17.29749178468032,True
153 AVE,51,16,16.0,5,2.0,1.0,11,4079.0877133218955,1.5384615384615385,25.0,0.0,0.0,13.0,21.776457181914918,0.2191002575266496,17.265623256149222,True
W 77 ST,68,18,17.0,22,20.0,0.9444444444444444,10,3260.953077897825,1.4285714285714286,25.0,0.0,0.0,7.0,18.131951945816496,0.23449997417241047,17.26544270205838,True
S 1 ST,106,18,17.0,5,5.0,0.9444444444444444,17,4625.617264941873,1.1538461538461537,25.0,0.0,0.0,13.0,17.65791658163864,0.3484285094378924,17.229236893874827,True
W 105 ST,72,18,18.0,8,7.0,1.0,12,3172.5450172200754,1.1428571428571428,25.0,0.0,0.0,7.0,15.41264350794443,0.301900381725041,17.21887608738966,True
KLONDIKE AVE,23,15,15.0,4,2.0,1.0,11,4385.748982157676,2.0,25.0,0.0,0.0,10.0,26.619673346040173,0.18667852187528425,17.169143444912418,True
MESEROLE AVE,79,18,18.0,6,5.0,1.0,13,3972.5273668235623,1.0588235294117647,25.0,0.0,0.0,17.0,15.331481007792991,0.32018056573798115,17.145592079392614,True
AVERY AVE,57,18,18.0,3,2.0,1.0,7,1853.616271853972,1.5,25.0,0.0,0.0,2.0,14.044403345764927,0.2168196651635125,17.142348857906843,True
E 159 ST,55,16,15.0,8,8.0,0.9375,12,2823.908941626073,1.125,25.0,1.0,0.75,8.0,25.14649763485474,0.2095243055964983,17.12593787117945,True
HESTER ST,100,19,16.0,9,7.0,0.8421052631578947,12,2688.415922270544,1.0833333333333333,25.0,1.0,0.75,12.0,20.452034518663112,0.24579638343505059,17.094293983615398,True
GORDON ST,34,17,17.0,7,6.0,1.0,8,2984.8369757303053,2.0,25.0,0.0,0.0,9.0,17.423388575567685,0.2032093709076023,17.086036526090574,True
GREELEY AVE,34,14,14.0,2,1.0,1.0,12,7108.133804399255,1.7272727272727273,25.0,0.0,0.0,22.0,31.71886982878258,0.17364832618839762,17.076852087718194,True
HARING ST,23,16,16.0,4,3.0,1.0,15,7807.519441927101,1.0769230769230769,25.0,0.0,0.0,13.0,19.539571734220388,0.29893494547493166,17.058101683373778,True
TWIN PINES DR,25,18,18.0,2,2.0,1.0,4,943.7272013924688,2.0,25.0,0.0,0.0,2.0,11.930213575806814,0.1569944670344263,17.047077115320995,True
BUEL AVE,27,15,15.0,9,8.0,1.0,11,5974.529143451344,2.1538461538461537,22.692307692307693,0.0,0.0,13.0,25.36601099250591,0.19411378748496597,17.012185654866112,True
MOSHOLU AVE,30,14,14.0,3,3.0,1.0,9,4938.640922090558,1.9166666666666667,25.0,1.0,0.75,12.0,42.477408281662875,0.10529473166808245,16.99852106362012,True
BOLTON AVE,35,15,15.0,5,5.0,1.0,10,6382.343470549918,1.7,25.0,1.0,0.75,20.0,26.4874641312767,0.17334986518242992,16.991350358444816,True
ROSS ST,42,17,17.0,5,3.0,1.0,9,2395.147930974913,1.25,25.0,0.0,0.0,4.0,16.887267696804074,0.22840867997772246,16.97425096343617,True
GOETHALS AVE,38,13,13.0,2,2.0,1.0,13,4199.917704709742,2.076923076923077,25.0,0.0,0.0,13.0,37.74882798940076,0.16057065414389468,16.97393549955281,True
W 71 ST,76,17,17.0,5,5.0,1.0,10,3509.604648927135,1.5714285714285714,25.0,0.0,0.0,7.0,16.893598664249584,0.24743622698459183,16.973672454935798,True
S 2 ST,80,15,15.0,10,6.0,1.0,18,4629.423440400468,1.0833333333333333,25.0,0.0,0.0,12.0,21.07476768911641,0.3217616099874707,16.95462703194996,True
HIGHLAWN AVE,50,14,13.0,2,2.0,0.9285714285714286,11,2923.099720627238,2.0,25.0,1.0,0.75,12.0,47.948391916725534,0.11302445777590925,16.950023046527875,True
W 82 ST,95,19,19.0,4,4.0,1.0,10,3167.0716010289525,1.1666666666666667,25.0,0.0,0.0,6.0,12.32636501217808,0.3106379425112709,16.92691575831177,True
ASCAN AVE,46,15,15.0,5,5.0,1.0,10,4000.538543131114,2.2222222222222223,25.0,0.0,0.0,18.0,25.821995854719063,0.17702646977410955,16.915779722070965,True
ELLIS AVE,79,14,14.0,4,1.0,1.0,17,5269.329452166536,1.25,25.0,0.0,0.0,8.0,24.183270360509592,0.28081330618744654,16.85959781773533,True
PIKE ST,40,19,17.0,11,9.0,0.8947368421052632,6,3096.268053284194,2.6666666666666665,24.583333333333332,0.0,0.0,12.0,16.046449469562095,0.17197256633005695,16.836015468155207,True
DELAWARE AVE,28,14,14.0,3,3.0,1.0,15,6930.934071731779,1.5714285714285714,25.0,0.0,0.0,14.0,25.471757339012612,0.24647469622227142,16.827497905268746,True
CRESCENT AVE,45,17,16.0,2,2.0,0.9411764705882353,11,2601.9281636214755,1.8333333333333333,23.333333333333332,0.0,0.0,12.0,19.441310282314163,0.2391240088578104,16.822899910430568,True
NEWTOWN RD,47,16,16.0,2,2.0,1.0,13,4193.283601854119,1.1666666666666667,25.0,0.0,0.0,12.0,18.81958922240321,0.2772924076537506,16.781850684074755,True
RYDER ST,38,13,13.0,5,5.0,1.0,18,6984.705807425981,1.25,25.0,0.0,0.0,12.0,26.46884478011607,0.27416754824560635,16.692720151065057,True
158 AVE,23,14,14.0,5,4.0,1.0,11,6030.4046931263665,1.9583333333333333,25.0,0.0,0.0,24.0,29.766143178064233,0.17030608732658783,16.685070156886894,True
86 RD,44,13,13.0,3,2.0,1.0,19,8942.959009189615,1.4516129032258065,25.0,0.0,0.0,31.0,25.588764086527895,0.29199849849354914,16.675900211155664,True
4 ST,61,10,10.0,7,7.0,1.0,22,8698.83606195209,1.5294117647058822,25.0,0.0,0.0,17.0,36.58434118093278,0.2503848062927619,16.656315117008546,True
ELDRIDGE ST,90,17,17.0,6,6.0,1.0,15,3638.2737777090897,1.2,25.0,0.0,0.0,10.0,15.898416850791516,0.34385708222375533,16.621212832486314,True
6 ST,117,14,12.0,16,15.0,0.8571428571428571,21,7865.944079413535,1.3333333333333333,25.0,0.0,0.0,15.0,27.499615026897864,0.29783416937588614,16.616314967182127,True
WETHEROLE ST,41,15,15.0,2,2.0,1.0,14,5142.318742469191,1.3333333333333333,25.0,0.0,0.0,9.0,20.61630110592771,0.27388344162187445,16.538211876076222,True
LEVERETT AVE,25,14,14.0,14,9.0,1.0,10,7464.613166698448,2.0,25.0,0.0,0.0,19.0,30.15117669214362,0.15556264535200423,16.512519771777495,True
ROSE AVE,33,13,13.0,4,1.0,1.0,13,5928.391901742507,1.375,25.0,1.0,0.75,16.0,31.62313892482706,0.18589264386718796,16.46190453184204,True
E 136 ST,53,15,14.0,8,7.0,0.9333333333333333,14,3752.1178802877166,1.5555555555555556,25.0,0.0,0.0,9.0,23.89111689195392,0.2455603468632296,16.428866094852953,True
PORTER AVE,54,17,17.0,2,2.0,1.0,8,2146.764559235263,1.8888888888888888,25.0,0.0,0.0,9.0,14.388982642474328,0.2359515963317097,16.383926286442016,True
NETHERLAND AVE,74,6,6.0,4,4.0,1.0,25,11882.498742556107,1.530612244897959,25.0,1.0,0.75,49.0,64.65204338767492,0.1768077089391678,16.37013341597547,True
OCEANVIEW AVE,69,19,19.0,7,7.0,1.0,15,742.444939833629,1.0,25.0,0.0,0.0,4.0,12.418110882874151,0.40153125096754416,16.357165829070794,True
W 81 ST,92,18,17.0,15,12.0,0.9444444444444444,9,3090.7847148112423,1.3333333333333333,25.0,0.0,0.0,6.0,14.460122260776375,0.2568981759960879,16.347510041540385,True
JOHN ST,76,13,13.0,7,7.0,1.0,18,6745.1448600664335,1.4285714285714286,25.0,0.0,0.0,21.0,24.381983506249714,0.29080947176254973,16.309988611062533,True
SHORE RD DR,30,22,22.0,7,7.0,1.0,2,3433.220436181018,1.5714285714285714,25.0,0.0,0.0,14.0,2.6401459485033687,0.2961560413410304,16.26646226316865,True
METROPOLITAN OVAL,57,18,18.0,7,7.0,1.0,6,1297.3911050330157,2.0,20.0,0.0,0.0,10.0,10.63270057148818,0.23863859072909252,16.24187804690069,True
LAWRENCE ST,51,16,16.0,10,10.0,1.0,10,3085.017056935079,1.0,25.0,1.0,0.75,13.0,16.921050319958027,0.2471340076874095,16.227622856852996,True
MAYDA RD,23,19,19.0,0,0.0,1.0,4,2121.8328004045184,2.0,25.0,0.0,0.0,4.0,7.168215269774152,0.23661185998865475,16.2004594079959,True
W 61 ST,74,18,17.0,14,12.0,0.9444444444444444,7,2844.2673377771816,1.6666666666666667,25.0,0.0,0.0,9.0,13.43283945083744,0.22447507496121882,16.19926136832803,True
WOODRUFF AVE,46,17,17.0,7,6.0,1.0,7,1884.1905998603554,1.0,25.0,1.0,0.75,4.0,13.383987788658473,0.22510997011462802,16.185999599170778,True
OCEANIA ST,48,17,13.0,4,3.0,0.7647058823529411,11,6467.971364361909,2.0,25.0,0.0,0.0,17.0,33.71005889961807,0.15343834812803883,16.17771722719179,True
55 DR,40,16,14.0,9,8.0,0.875,12,5570.793225755861,2.142857142857143,25.0,0.0,0.0,14.0,23.97507433864778,0.217534690714668,16.169924711113566,True
CROMWELL AVE,79,21,10.0,11,9.0,0.47619047619047616,17,7993.099406957529,1.4545454545454546,25.0,1.0,0.75,22.0,46.613124698121204,0.16845006649481317,16.167483289981405,True
UNIVERSITY PL,33,16,16.0,5,4.0,1.0,8,2940.13296330896,1.8,25.0,0.0,0.0,10.0,16.778713075968724,0.2093823210706016,16.163048751294358,True
BEAVER ST,96,18,18.0,0,0.0,1.0,12,2884.5494174379014,1.0,25.0,0.0,0.0,11.0,12.621180965827591,0.34559633287151376,16.141099866610517,True
MONROE AVE,68,17,17.0,10,10.0,1.0,11,3772.746493178112,1.2,24.333333333333332,0.0,0.0,15.0,14.109566750321557,0.3021794422233476,16.12657049282835,True
W FINGERBOARD RD,22,13,13.0,3,2.0,1.0,11,6333.144551600112,1.793103448275862,25.0,1.0,0.75,29.0,32.76009250338666,0.1571883163327672,16.106055671187082,True
ADELPHI ST,56,14,14.0,4,4.0,1.0,15,4911.059247440823,1.3,25.0,0.0,0.0,10.0,21.52575314991015,0.27904915305357275,16.100055042572684,True
W 128 ST,72,13,13.0,14,13.0,1.0,11,3830.251403485929,1.6363636363636365,25.0,1.0,0.75,11.0,32.405749639790194,0.15863444391376444,16.078420302837852,True
CRANFORD AVE,37,12,12.0,7,6.0,1.0,14,4767.465265313941,1.9473684210526316,25.0,0.0,0.0,19.0,33.61508002780948,0.18787145912652026,16.060856623961072,True
HENLEY RD,37,16,14.0,3,3.0,0.875,13,5910.994894657495,1.7777777777777777,25.0,0.0,0.0,18.0,22.3229892917668,0.2444101619323972,16.03422316056233,True
127 AVE,37,16,16.0,2,1.0,1.0,8,2917.1321812694373,1.85,25.0,0.0,0.0,20.0,16.097953659870836,0.21632138660400965,16.021189471526196,True
DUNCAN ST,22,16,16.0,3,3.0,1.0,8,3030.9131350982207,2.0,25.0,0.0,0.0,8.0,16.06097237792221,0.21671153633783166,16.013213417693695,True
235 ST,34,16,14.0,3,1.0,0.875,15,8421.125676110341,1.6666666666666667,25.0,0.0,0.0,24.0,21.043690890081386,0.28362846519941576,15.99779123649289,True
STRICKLAND AVE,48,14,13.0,6,3.0,0.9285714285714286,11,5019.906414353681,2.176470588235294,25.0,0.0,0.0,17.0,31.216987281316275,0.1636865288156024,15.98187541355664,True
BALTIC ST,105,10,10.0,5,5.0,1.0,24,7544.70052711393,1.263157894736842,23.42105263157895,0.0,0.0,19.0,28.94709391770747,0.315312316960899,15.9742520828681,True
KATAN AVE,24,11,11.0,9,7.0,1.0,15,7810.071650404787,2.0,25.0,0.0,0.0,25.0,39.595413536014355,0.1738409840138984,15.971054827385085,True
W 2 ST,60,16,15.0,8,8.0,0.9375,16,5483.848252636712,1.0,25.0,0.0,0.0,10.0,17.86138849076238,0.3322478656921148,15.950690218971781,True
E 214 ST,56,14,14.0,7,5.0,1.0,15,4244.210700497748,1.4444444444444444,25.0,0.0,0.0,9.0,20.689725784844125,0.2870877919260015,15.920538604161337,True
REVERE AVE,29,12,12.0,5,4.0,1.0,16,7014.4242932999905,1.9333333333333333,25.0,0.0,0.0,15.0,28.30281102359936,0.23896621174810495,15.895820991154785,True
WILSON ST,42,14,14.0,0,0.0,1.0,12,5154.153140894506,1.8928571428571428,25.0,0.0,0.0,28.0,21.966976396665874,0.23279125270933798,15.854642415685577,True
FOREST PKWY,56,21,16.0,16,15.0,0.7619047619047619,6,1384.908950122875,2.0,25.0,0.0,0.0,7.0,15.149603292885548,0.18031747426097203,15.846658613653274,True
OAK AVE,39,12,12.0,2,1.0,1.0,16,9308.303177912328,1.951219512195122,25.0,0.0,0.0,41.0,27.91262204712445,0.2414999774761939,15.84289786596774,True
HANNIBAL ST,17,17,17.0,4,3.0,1.0,7,2866.540403373356,1.9166666666666667,25.0,0.0,0.0,12.0,12.179141795215834,0.24199042984235788,15.833398450815222,True
26 ST,53,14,14.0,14,13.0,1.0,13,5662.6465109859655,1.5294117647058822,25.0,0.0,0.0,17.0,21.158742935379443,0.2544368776652849,15.821448200486362,True
CROTONA PKWY,33,16,15.0,5,2.0,0.9375,11,3824.876783070352,1.0714285714285714,25.0,0.0,0.0,14.0,18.237539980310565,0.2509466176769669,15.81244970765289,True
W 184 ST,69,16,16.0,20,19.0,1.0,11,2887.6704929035254,1.5555555555555556,23.88888888888889,0.0,0.0,9.0,15.270696272187404,0.2857688006379598,15.791587748402202,True
RANDOLPH ST,26,15,15.0,1,1.0,1.0,7,1879.8371399687408,2.0,25.0,0.0,0.0,4.0,19.8006227964266,0.16413382466851614,15.787944580368366,True
FINDLAY AVE,73,19,19.0,11,9.0,1.0,10,3914.8350694508767,1.0,25.0,0.0,0.0,8.0,9.984369577793515,0.3574569423993964,15.77730031547509,True
HAWTHORNE ST,74,13,12.0,7,7.0,0.9230769230769231,19,5517.870983170786,1.25,25.0,0.0,0.0,8.0,24.569203296139122,0.30047479301150565,15.776728758726938,True
CHERRY AVE,63,16,15.0,8,7.0,0.9375,14,5361.641041790034,1.4,25.0,0.0,0.0,15.0,17.42701678057268,0.30854133710028275,15.748835002642718,True
MONTGOMERY AVE,71,18,18.0,3,3.0,1.0,11,3649.2521473315,1.0,24.0,0.0,0.0,5.0,11.461041567052336,0.3477279058944523,15.726221677380241,True
258 ST,27,11,11.0,1,1.0,1.0,17,7480.941828517586,2.0,25.0,0.0,0.0,12.0,31.47611878491944,0.2307645874837331,15.725163104669853,True
MAGENTA ST,37,14,14.0,5,5.0,1.0,11,3067.970409309981,1.7272727272727273,25.0,0.0,0.0,11.0,21.72724098368541,0.21948762768526528,15.696033792061467,True
FOOD CENTER DR,142,14,12.0,18,9.0,0.8571428571428571,12,12235.929768639751,2.7142857142857144,25.0,0.0,0.0,14.0,34.76079190780776,0.16089732964772127,15.662150638633731,True
30 PL,64,19,19.0,14,12.0,1.0,7,2817.082925310548,1.125,25.0,0.0,0.0,8.0,8.413324512160784,0.31607046096865393,15.65386459843311,True
JUSTICE AVE,35,16,16.0,11,11.0,1.0,6,1781.9983443716587,1.8571428571428572,25.0,0.0,0.0,7.0,14.08414474016809,0.19134823424723155,15.633404478957893,True
CARSON ST,24,16,16.0,4,4.0,1.0,8,2704.184777617359,2.0,25.0,0.0,0.0,7.0,14.336430539548305,0.23661185998865475,15.606379735742202,True
22 AVE,49,9,9.0,5,2.0,1.0,21,11549.323689557727,1.903225806451613,25.0,0.0,0.0,31.0,35.98690520643069,0.24478617040717984,15.606021176623752,True
214 PL,32,10,10.0,3,1.0,1.0,16,7928.630033329958,1.619047619047619,25.0,1.0,0.75,21.0,42.2606676965872,0.1737541110375183,15.605423637097292,True
DIVISION ST,59,17,14.0,8,6.0,0.8235294117647058,8,1880.5382261923496,1.8,25.0,1.0,0.75,15.0,24.10485009966181,0.15565032789066002,15.57282323129833,True
WILLIAM ST,106,18,17.0,9,9.0,0.9444444444444444,10,3422.8025081823516,1.0,25.0,1.0,0.75,16.0,12.366222775600484,0.30994704635070075,15.56377443585022,True
SCHLEY AVE,58,14,10.0,12,10.0,0.7142857142857143,17,5513.897708615146,2.0,25.0,0.0,0.0,14.0,37.7692441733671,0.20000470383299312,15.553979456560358,True
PENN ST,40,14,14.0,10,9.0,1.0,14,3777.991740850319,1.1428571428571428,25.0,0.0,0.0,7.0,19.353315756753165,0.2866337666378153,15.534441059359725,True
MEXICO ST,31,19,17.0,10,10.0,0.8947368421052632,6,2251.8014523994375,2.0,25.0,0.0,0.0,9.0,10.752322904661229,0.23661185998865475,15.521725501863378,True
SEAGIRT AVE,54,16,15.0,3,1.0,0.9375,11,3903.5602589035007,1.6111111111111112,25.0,0.0,0.0,18.0,16.92737639506137,0.2652183122880915,15.511175514642082,True
186 ST,43,13,13.0,11,9.0,1.0,14,7781.888442759383,1.6470588235294117,25.0,0.0,0.0,17.0,22.901815125918873,0.25347914122134485,15.509903594650439,True
W 91 ST,57,16,16.0,3,3.0,1.0,12,3193.0474560770363,1.125,25.0,0.0,0.0,8.0,14.42284202084706,0.316070460968654,15.501506950508741,True
BAYARD ST,105,16,16.0,7,7.0,1.0,12,4000.333307719816,1.1666666666666667,25.0,0.0,0.0,12.0,14.400737440408228,0.31640211262115137,15.493989947509254,True
CITY ISLAND RD,57,45,16.0,17,17.0,0.35555555555555557,5,5114.646624695976,2.8,25.0,0.0,0.0,15.0,12.954767859457117,0.1765339426539708,15.462413163933373,True
215 PL,52,8,8.0,5,4.0,1.0,24,12213.724488716949,1.48,25.0,0.0,0.0,25.0,35.00682248664354,0.2757838838032474,15.448046394551435,True
187 PL,34,21,19.0,9,9.0,0.9047619047619048,6,1880.2268653080603,1.3333333333333333,25.0,0.0,0.0,6.0,7.473751786619255,0.3083977135060426,15.445331405690272,True
BOOTH ST,50,15,14.0,7,7.0,0.9333333333333333,15,6416.868420337733,1.1666666666666667,25.0,0.0,0.0,12.0,18.61203149702595,0.30922580785555315,15.426159165523105,True
E 107 ST,67,10,10.0,7,4.0,1.0,16,3023.180884882729,1.375,25.0,1.0,0.75,8.0,39.30128823693809,0.18442481232522864,15.403884583984738,True
MARSH AVE,28,15,13.0,5,5.0,0.8666666666666667,9,3520.0095148118317,2.1538461538461537,25.0,0.0,0.0,13.0,29.617061389352912,0.14441316501039433,15.399722428408474,True
45 RD,44,11,11.0,7,6.0,1.0,17,7682.100442244468,1.7142857142857142,25.0,0.0,0.0,14.0,28.776699735979662,0.2470634342116355,15.39197248572021,True
CONCORD AVE,50,14,13.0,8,8.0,0.9285714285714286,12,3483.409281158572,1.8888888888888888,25.0,0.0,0.0,9.0,23.99276325512301,0.21740917900743165,15.389927634319356,True
102 AVE,40,11,11.0,5,5.0,1.0,18,7369.500013526395,1.6,25.0,0.0,0.0,20.0,27.189092460428245,0.2688574166498344,15.35255757681605,True
CRYSTAL AVE,21,13,12.0,6,5.0,0.9230769230769231,13,5001.001861177926,2.0,25.0,0.0,0.0,18.0,28.52535279126614,0.20200222657661418,15.338158058799827,True
BOLLER AVE,24,15,14.0,8,3.0,0.9333333333333333,10,3730.2654477057604,1.75,25.0,0.0,0.0,8.0,20.13022572896919,0.2162558311747496,15.325697060307068,True
BRIGHTON 11 ST,32,16,15.0,6,5.0,0.9375,6,1770.8429854234655,2.0,25.0,0.0,0.0,2.0,16.971962396937087,0.16413382466851614,15.32366573031178,True
BEACH ST,61,12,12.0,8,8.0,1.0,14,3413.495356714603,1.9230769230769231,25.0,0.0,0.0,13.0,26.669221656092326,0.2257553522659081,15.31165530243781,True
SUYDAM ST,96,12,12.0,16,15.0,1.0,18,6803.726134877821,1.25,25.0,0.0,0.0,12.0,22.81449825040302,0.3047017109066155,15.2951961194944,True
BUTLER ST,58,13,13.0,3,2.0,1.0,18,6439.66216894102,1.3076923076923077,23.846153846153847,0.0,0.0,13.0,19.75290386628261,0.33605779853156126,15.269366006998203,True
W 93 ST,65,16,16.0,3,2.0,1.0,11,3231.976573189274,1.1666666666666667,25.0,0.0,0.0,6.0,13.559001513395888,0.3106379425112709,15.241733252448173,True
ORCHARD ST,93,15,15.0,4,4.0,1.0,13,3676.7659937952976,1.2727272727272727,25.0,0.0,0.0,11.0,15.67849049437914,0.31532863904488856,15.213947484197467,True
ASCH LOOP,35,14,13.0,5,5.0,0.9285714285714286,8,2304.2419484789853,2.0,25.0,0.0,0.0,14.0,29.889285553118267,0.12942619852521856,15.18591602494699,True
E 199 ST,50,16,16.0,8,8.0,1.0,8,1918.6108141111467,1.8333333333333333,25.0,0.0,0.0,6.0,12.784249243999689,0.25792996614071895,15.170561516387847,True
W 83 ST,79,17,17.0,10,7.0,1.0,9,3283.829871097312,1.1666666666666667,25.0,0.0,0.0,6.0,11.093728510960272,0.3106379425112709,15.165287976731719,True
E 227 ST,48,14,14.0,12,8.0,1.0,14,3954.227113884576,1.2,25.0,0.0,0.0,5.0,17.597745293457606,0.3064653217096046,15.102584168788702,True
COLGATE AVE,44,12,12.0,7,7.0,1.0,13,3480.85529583859,1.5,25.0,0.0,0.0,6.0,26.34835964277141,0.21510226922319095,15.086364718790584,True
EAGLE AVE,38,13,13.0,2,2.0,1.0,14,3792.915027001038,1.0,25.0,1.0,0.75,9.0,20.517314682916286,0.2748416362863612,15.0660710679322,True
132 AVE,41,15,13.0,3,3.0,0.8666666666666667,12,6879.013047247792,2.0,25.0,0.0,0.0,21.0,21.83048474740552,0.23390629477923067,15.065505968370136,True
DAWSON ST,29,14,14.0,3,3.0,1.0,9,2966.8468373257674,1.9,25.0,0.0,0.0,10.0,19.085828182510976,0.20755862743004924,15.055607516907038,True
VLEIGH PL,28,13,13.0,5,5.0,1.0,12,4327.918910616545,1.6363636363636365,25.0,0.0,0.0,22.0,21.752066562779977,0.23455176171155032,15.052812630916797,True
MAPLE AVE,89,15,15.0,6,5.0,1.0,12,6237.753764913139,1.2,25.0,0.0,0.0,15.0,15.163711181338634,0.3053431656717193,15.049988090365796,True
W 62 ST,47,14,13.0,17,16.0,0.9285714285714286,10,2896.309086362523,1.4444444444444444,25.0,1.0,0.75,9.0,23.379319986466804,0.1919715695016874,14.992534348162264,True
242 ST,48,8,8.0,6,4.0,1.0,21,9773.583806642479,1.8709677419354838,25.0,0.0,0.0,31.0,37.1307122302209,0.23904813074960132,14.963642306038855,True
CATHERINE ST,36,15,15.0,11,9.0,1.0,10,3885.9377948522565,1.588235294117647,25.0,0.0,0.0,17.0,14.63008155256611,0.27518399742600597,14.89820436291352,True
RUTLEDGE ST,53,14,14.0,3,3.0,1.0,13,3617.8935284213994,1.0,25.0,0.0,0.0,6.0,16.714047773173895,0.30168573525491343,14.818789497966929,True
E 1 ST,53,12,12.0,15,8.0,1.0,17,7089.184533063745,1.0833333333333333,25.0,0.0,0.0,12.0,21.095610880050092,0.30920580740698245,14.812415706025622,True
SENATOR ST,45,15,15.0,5,5.0,1.0,13,4185.384937437305,1.0,25.0,0.0,0.0,7.0,14.397911271968722,0.33400705335181524,14.79889811809393,True
PLEASANT AVE,41,13,13.0,5,5.0,1.0,7,1615.1816607751505,2.0,25.0,0.0,0.0,6.0,27.52089348929199,0.12379007538929201,14.797542499759336,True
CORLEAR AVE,37,11,11.0,8,8.0,1.0,14,3678.866686118828,2.0,25.0,0.0,0.0,6.0,28.4453808811741,0.21468524173584025,14.745265811648666,True
ANDERSON AVE,103,14,14.0,7,4.0,1.0,14,4428.336096616687,1.1818181818181819,25.0,0.0,0.0,11.0,16.286312467104214,0.32316797723405877,14.738862975319078,True
CALDWELL AVE,38,11,10.0,6,5.0,0.9090909090909091,16,6368.188755728146,1.04,25.0,1.0,0.75,25.0,31.43642442815772,0.22039573829831166,14.724496588319784,True
31 RD,39,14,12.0,10,8.0,0.8571428571428571,12,5160.652394388948,1.7857142857142858,25.0,0.0,0.0,14.0,24.81864203064604,0.21170616687864105,14.713785568897512,True
246 ST,36,13,12.0,0,0.0,0.9230769230769231,14,8087.237256742864,1.7727272727272727,25.0,0.0,0.0,22.0,22.24236582264396,0.25904757405735995,14.653260018963934,True
147 PL,20,15,15.0,8,8.0,1.0,9,3242.521695560072,1.7142857142857142,25.0,0.0,0.0,7.0,13.67293597171869,0.26772868293656843,14.644706895535748,True
LEAVITT ST,44,16,15.0,3,3.0,0.9375,6,1925.3913881793449,2.0,25.0,0.0,0.0,7.0,13.109529576661533,0.20269043910904325,14.616819719770866,True
E 205 ST,52,17,17.0,15,14.0,1.0,11,2739.957084124939,1.0,23.46153846153846,0.0,0.0,13.0,10.503269526380052,0.3677748848347091,14.610665698262277,True
RICHARDS ST,40,12,12.0,2,1.0,1.0,12,3377.9052390418988,1.6923076923076923,25.0,0.0,0.0,13.0,23.31337118665118,0.22233620834824,14.515372053276254,True
MATTHEWS AVE,48,8,8.0,6,5.0,1.0,21,8848.284169116529,1.4705882352941178,25.0,0.0,0.0,17.0,32.829386430083716,0.2621575258126248,14.50921051395631,True
PINEGROVE ST,29,15,14.0,14,13.0,0.9333333333333333,9,2520.8858159272513,2.0,25.0,0.0,0.0,9.0,16.128484356991844,0.23661185998865475,14.503624642664596,True
W 103 ST,39,13,13.0,3,3.0,1.0,9,2274.3304398849373,1.3333333333333333,25.0,1.0,0.75,6.0,20.734216522274572,0.19426308825374014,14.50247278684016,True
W 187 ST,62,14,14.0,8,6.0,1.0,9,3674.025882197669,1.3571428571428572,21.785714285714285,1.0,0.75,14.0,16.073413575875005,0.23723022243079603,14.491876363795859,True
PLATINUM AVE,25,18,14.0,5,2.0,0.7777777777777778,4,2836.7623401353994,2.9166666666666665,25.0,0.0,0.0,12.0,18.49137387526089,0.10726444552545944,14.481764728377392,True
87 RD,57,9,8.0,3,2.0,0.8888888888888888,22,8493.424282559195,1.4545454545454546,25.0,0.0,0.0,22.0,30.750763792988653,0.28437641160110666,14.469780568634494,True
BAY 25 ST,38,12,12.0,6,6.0,1.0,13,5573.151975564898,1.6666666666666667,25.0,0.0,0.0,12.0,21.893023872477475,0.24801971549388707,14.453664966226096,True
BAY 32 ST,43,11,10.0,8,8.0,0.9090909090909091,16,4220.425534053164,1.7272727272727273,25.0,0.0,0.0,11.0,28.918165416601358,0.23507657515313898,14.447217534315206,True
HILL ST,35,13,13.0,0,0.0,1.0,13,2173.2300851284717,1.3333333333333333,25.0,0.0,0.0,3.0,18.04746031120263,0.2857657040381167,14.44239104943527,True
N 5 ST,70,14,13.0,11,10.0,0.9285714285714286,13,3356.7971753323695,1.2222222222222223,25.0,0.0,0.0,9.0,17.725643092968006,0.28945217397912876,14.367847666709045,True
SIMPSON ST,53,14,13.0,6,6.0,0.9285714285714286,12,4049.6500878670354,1.5555555555555556,24.444444444444443,0.0,0.0,9.0,18.07010617289019,0.26946561397757063,14.366219272809326,True
TIEMANN AVE,24,10,10.0,7,2.0,1.0,16,7984.724535224018,1.9230769230769231,23.846153846153847,0.0,0.0,13.0,27.9405618625424,0.24131676038577274,14.329358268169276,True
W 68 ST,47,16,16.0,2,2.0,1.0,8,2063.112460477124,1.2,25.0,0.0,0.0,5.0,10.376247798799463,0.2998397718172698,14.313775423235162,True
WILKINSON AVE,25,12,12.0,4,4.0,1.0,10,2893.57956144086,2.3076923076923075,25.0,0.0,0.0,13.0,24.47078465834306,0.1849931031728781,14.307009152947604,True
DEVOE ST,48,12,12.0,0,0.0,1.0,17,4598.956574127945,1.0,25.0,0.0,0.0,10.0,18.828037817189866,0.33400705335181524,14.280612791494349,True
30 RD,40,14,14.0,6,6.0,1.0,11,4187.887356542885,1.3333333333333333,25.0,0.0,0.0,9.0,14.87611576725575,0.29114184255215037,14.25507395876783,True
FORT INDEPENDENCE ST,48,17,14.0,10,8.0,0.8235294117647058,7,2174.200304762288,2.1052631578947367,25.0,0.0,0.0,19.0,15.201692293326765,0.20367532743873884,14.244755071323938,True
W 164 ST,85,13,13.0,9,9.0,1.0,12,2933.0048557450077,1.5555555555555556,25.0,0.0,0.0,9.0,17.42566877768687,0.2766738467125141,14.224466804998096,True
164 PL,39,11,11.0,18,14.0,1.0,15,5502.843745961013,1.6153846153846154,25.0,0.0,0.0,13.0,23.03484118500723,0.2656237074106644,14.196739133660174,True
65 RD,42,11,11.0,9,9.0,1.0,13,4647.8495116552385,1.9166666666666667,25.0,0.0,0.0,12.0,25.33919416454482,0.2217691550579273,14.179990974082667,True
COLDEN AVE,41,10,10.0,1,1.0,1.0,16,9279.789001115643,1.588235294117647,25.0,0.0,0.0,17.0,26.617070609223184,0.2503123300926549,14.159457663508828,True
80 RD,48,15,10.0,5,4.0,0.6666666666666666,12,6105.9886596784045,1.6428571428571428,25.0,1.0,0.75,14.0,37.50127267269501,0.15091386377269791,14.150323317702915,True
PENELOPE AVE,42,12,9.0,4,4.0,0.75,17,6083.836422254947,2.0,25.0,0.0,0.0,24.0,30.868758403262856,0.23424145636087043,14.122569817184313,True
FORT GREENE PL,40,15,15.0,3,3.0,1.0,7,2236.874928113819,1.3333333333333333,25.0,0.0,0.0,3.0,11.504996522677274,0.2525884561659585,14.117202467368397,True
NASSAU ST,85,13,13.0,11,10.0,1.0,12,4143.366891887117,1.411764705882353,25.0,0.0,0.0,17.0,16.924901667781977,0.28254699827043034,14.108969184738404,True
E 212 ST,40,10,10.0,7,6.0,1.0,15,3368.80908299468,1.9,25.0,0.0,0.0,10.0,27.80580546366208,0.23055539407211564,14.10522449544604,True
FOREST PARK DR,101,60,15.0,39,27.0,0.25,4,20212.848649189782,1.957142857142857,25.0,1.0,0.75,70.0,9.983389876718707,0.18203634788076153,14.086794614416217,True
HARBOR RD,30,11,11.0,8,6.0,1.0,11,6122.110246052281,1.9230769230769231,25.0,1.0,0.75,13.0,28.31863461648688,0.1774664108349316,14.073475925949529,True
HEYWARD ST,50,14,14.0,10,8.0,1.0,11,3485.8870562831403,1.0,25.0,0.0,0.0,6.0,14.14265580807022,0.30168573525491343,14.04303722234605,True
OAKDALE ST,26,11,11.0,5,5.0,1.0,11,5588.919918044291,2.0,25.0,0.0,0.0,22.0,27.47362015045811,0.18193174495545864,13.99707445970625,True
W 185 ST,32,15,15.0,4,4.0,1.0,6,1921.9965854653756,1.8333333333333333,24.166666666666668,0.0,0.0,6.0,10.752134373727301,0.23661502713441931,13.99489115957612,True
RYER AVE,123,16,16.0,8,6.0,1.0,9,3913.5674148400685,1.0,25.0,0.0,0.0,8.0,9.967784726747576,0.33400705335181524,13.985197551397142,True
BRIGHTON 6 ST,67,13,12.0,8,8.0,0.9230769230769231,10,3339.005970601175,1.1666666666666667,25.0,1.0,0.75,12.0,21.279742833209117,0.20699191742283074,13.920831762236727,True
REDFERN AVE,61,14,13.0,24,22.0,0.9285714285714286,9,3322.143534914836,1.5555555555555556,25.0,0.0,0.0,9.0,17.01981837735453,0.2270336878517551,13.912634190705056,True
RICHMOND ST,35,16,16.0,1,1.0,1.0,7,2295.971455625455,1.25,25.0,0.0,0.0,4.0,9.051811740682835,0.30047479301150565,13.9122445709767,True
HEBERTON AVE,30,10,8.0,6,6.0,0.8,17,4235.2996767435925,2.0,25.0,0.0,0.0,15.0,37.02470072308133,0.2032093709076023,13.898091174718786,True
COLFAX ST,26,12,12.0,2,2.0,1.0,9,3140.340833173741,2.0,25.0,0.0,0.0,16.0,22.3862821277487,0.18254383118128603,13.895951731328967,True
W 237 ST,59,16,16.0,3,3.0,1.0,5,1606.4590099279117,1.75,21.25,0.0,0.0,4.0,7.894166624474379,0.26025004432079574,13.89045650476247,True
EBBITTS ST,16,13,13.0,2,2.0,1.0,6,2835.056318491423,2.0,25.0,0.0,0.0,11.0,18.826411761237665,0.15039779735953313,13.876279495399821,True
RIVERSIDE BLVD,40,14,11.0,8,7.0,0.7857142857142857,8,3428.1510771172793,2.0,25.0,1.0,0.75,18.0,39.06628810952808,0.1021279131331609,13.86635143402015,True
PATTERSON AVE,26,10,9.0,7,4.0,0.9,16,6234.93185292676,1.72,24.8,0.0,0.0,25.0,30.254207511380955,0.22705252381541807,13.825821457155662,True
NICHOLS AVE,34,14,14.0,7,7.0,1.0,9,2987.221105439231,1.1666666666666667,25.0,0.0,0.0,6.0,13.331011313795472,0.2727228397480689,13.817551505738972,True
W 85 ST,60,16,15.0,5,4.0,0.9375,9,3489.3802050388335,1.1666666666666667,25.0,0.0,0.0,6.0,11.093728510960272,0.3106379425112709,13.78656386175426,True
STARLING AVE,40,15,15.0,10,10.0,1.0,5,1440.254183785847,1.8,21.0,0.0,0.0,5.0,9.576481700413401,0.22480948082954516,13.7807416668004,True
N 7 ST,62,12,12.0,7,6.0,1.0,14,3753.760716872687,1.2222222222222223,25.0,0.0,0.0,9.0,17.82336023450641,0.3037643760195735,13.768929387972035,True
ELBERTSON ST,39,18,18.0,3,2.0,1.0,10,2724.6185633644764,1.2,20.0,0.0,0.0,5.0,7.7920371204805665,0.41617378926423865,13.75171340776171,True
HOMECREST AVE,36,15,14.0,9,4.0,0.9333333333333333,12,5485.337616390389,1.0,25.0,0.0,0.0,11.0,13.19444064805625,0.33562057931145034,13.729637703630882,True
E 193 ST,55,16,16.0,14,14.0,1.0,7,1755.0187263539615,1.5,25.0,0.0,0.0,6.0,8.66247497834282,0.30979593190205107,13.726864598061093,True
ORLOFF AVE,33,14,13.0,4,4.0,0.9285714285714286,8,2410.0834844986607,2.0,25.0,0.0,0.0,7.0,16.309866294346797,0.21411253637818448,13.708683867355255,True
EDGERTON BLVD,36,13,12.0,7,7.0,0.9230769230769231,9,2692.6140228836457,2.0,25.0,0.0,0.0,7.0,20.80346099627141,0.19374175673291893,13.705597998747356,True
145 DR,28,11,11.0,2,2.0,1.0,12,4225.039625342909,2.0,25.0,0.0,0.0,17.0,23.020589476389834,0.22452902965756452,13.69897129104574,True
CHELSEA RD,27,13,13.0,6,5.0,1.0,6,4796.8318094137885,2.0,25.0,1.0,0.75,7.0,17.305290185475315,0.16148286778169543,13.69523060578294,True
109 RD,28,12,12.0,4,4.0,1.0,11,3626.7537549342437,1.9230769230769231,25.0,0.0,0.0,13.0,18.948817943927292,0.24382363851019725,13.6942860744333,True
GUIDER AVE,46,16,14.0,7,7.0,0.875,4,2049.7521626335147,2.25,25.0,0.0,0.0,8.0,11.946902212370306,0.15680955057324691,13.678054658638858,True
MORNINGSIDE DR,55,10,10.0,7,7.0,1.0,12,3596.0877426806323,2.0,25.0,0.0,0.0,15.0,30.299206585771095,0.18031747426097203,13.660301661047933,True
114 DR,22,13,13.0,3,3.0,1.0,9,3920.2379125896346,1.8,25.0,0.0,0.0,10.0,15.58824042696459,0.24282094919776315,13.628478997227566,True
W 235 ST,44,13,13.0,6,6.0,1.0,9,2512.6756968526634,1.875,23.75,0.0,0.0,8.0,15.5306146485749,0.2435025369678455,13.616211087015982,True
149 PL,33,10,10.0,2,2.0,1.0,11,5309.891498368895,1.9285714285714286,25.0,1.0,0.75,14.0,32.99431369181082,0.1562468110296711,13.592788186161345,True
WOOD ST,26,15,15.0,1,1.0,1.0,5,1566.9477599773456,2.0,25.0,0.0,0.0,7.0,8.960269087217691,0.23661185998865478,13.570928034895603,True
MIDDLETON ST,27,15,15.0,9,8.0,1.0,7,2637.053545208981,1.1666666666666667,25.0,0.0,0.0,6.0,9.89955886701097,0.28199985192018096,13.561676355769494,True
GEORGE ST,56,11,10.0,1,1.0,0.9090909090909091,17,4940.018908642227,1.3333333333333333,25.0,0.0,0.0,9.0,21.677303922997403,0.3034261323438742,13.54319916555905,True
ALSTYNE AVE,51,14,12.0,3,2.0,0.8571428571428571,15,3845.923055951979,1.0,25.0,0.0,0.0,10.0,16.612974544579295,0.33400705335181524,13.540766034821862,True
TIMPSON PL,54,13,13.0,1,1.0,1.0,11,2696.3449778350064,1.2857142857142858,25.0,0.0,0.0,7.0,14.835087326779162,0.29171215036371495,13.535317270199949,True
W 67 ST,46,16,15.0,3,3.0,0.9375,7,1896.4593436893863,1.4,25.0,0.0,0.0,5.0,9.7927781368904,0.28420088721490494,13.520102926579401,True
W 94 ST,66,13,13.0,8,8.0,1.0,12,3356.3742903825623,1.1428571428571428,25.0,0.0,0.0,7.0,14.581400102033822,0.3137117232888264,13.496103751218156,True
1 ST,55,5,4.0,4,4.0,0.8,26,11746.214510358064,1.5454545454545454,25.0,0.0,0.0,33.0,38.81628833577777,0.2711636705178131,13.440912538936022,True
W 188 ST,46,14,14.0,2,2.0,1.0,11,1894.1996691029979,1.1666666666666667,25.0,0.0,0.0,6.0,12.311744892995229,0.3316699956233675,13.4400564360486,True
PRATT AVE,34,14,13.0,8,5.0,0.9285714285714286,9,3537.2617295360305,1.8461538461538463,25.0,0.0,0.0,13.0,14.606220956855525,0.2549837647741888,13.409560266638222,True
W 76 ST,49,16,15.0,9,8.0,0.9375,8,3290.380081673276,1.1666666666666667,25.0,0.0,0.0,6.0,9.861092009742464,0.3106379425112709,13.40366019515167,True
FORT GEORGE AVE,25,13,13.0,1,1.0,1.0,4,1622.4289869167742,2.0,25.0,0.0,0.0,11.0,16.374622703523375,0.11947390756287422,13.403179360940328,True
12 RD,29,12,12.0,4,1.0,1.0,10,6153.309412458872,2.0,25.0,0.0,0.0,11.0,17.920538174435382,0.23661185998865478,13.40086954958699,True
REGIS DR,15,13,13.0,2,0.0,1.0,6,3007.840002750139,2.0,25.0,0.0,0.0,5.0,15.149603292885548,0.18031747426097203,13.387611036436189,True
MOFFAT ST,58,15,15.0,2,2.0,1.0,10,4043.1830366700337,1.0,25.0,0.0,0.0,6.0,10.345988570706036,0.34932741151246943,13.374226234255293,True
CALHOUN AVE,28,12,9.0,3,3.0,0.75,15,7324.93616262026,1.8461538461538463,25.0,0.0,0.0,13.0,27.618146038631515,0.23175890124785445,13.314921069185335,True
COSTER ST,46,10,10.0,8,4.0,1.0,13,4291.650843732137,1.7142857142857142,25.0,0.0,0.0,7.0,24.543071663749444,0.22732752650238716,13.306040509067117,True
SKILLMAN ST,67,17,17.0,6,4.0,1.0,9,3495.4170055692366,1.0,25.0,0.0,0.0,5.0,7.640180907201268,0.3955169740904534,13.298032674382192,True
W 89 ST,55,13,13.0,3,3.0,1.0,11,3402.102779195508,1.1666666666666667,25.0,0.0,0.0,6.0,13.91885748275433,0.305056724577273,13.280303654042353,True
E WILLISTON AVE,31,12,11.0,5,5.0,0.9166666666666666,11,3649.601858919813,2.1333333333333333,25.0,0.0,0.0,15.0,21.16308631460013,0.22402783174621488,13.276814190909496,True
MULBERRY ST,139,15,14.0,4,4.0,0.9333333333333333,14,4607.881237586962,1.0769230769230769,25.0,0.0,0.0,13.0,12.130800662300494,0.3906279140693408,13.26983856173465,True
BRONX PARK AVE,44,16,16.0,2,1.0,1.0,7,1327.5068545471936,1.0,25.0,0.0,0.0,7.0,7.752721454137004,0.33400705335181524,13.245350794724656,True
MANGIN AVE,23,13,13.0,0,0.0,1.0,5,1872.183299025463,2.0,25.0,0.0,0.0,4.0,14.527214619619986,0.16049238795729548,13.245106321226103,True
GRENFELL ST,30,14,14.0,7,7.0,1.0,7,1774.143234295042,1.6666666666666667,25.0,0.0,0.0,6.0,11.052899893760223,0.26023146542289194,13.233071820605264,True
ARGYLE RD,51,8,8.0,14,11.0,1.0,20,7310.617295276358,1.1666666666666667,25.0,0.0,0.0,12.0,24.979527094925192,0.3078249772600332,13.226722541881465,True
267 ST,25,10,10.0,7,4.0,1.0,11,7309.739849945195,2.1176470588235294,25.0,0.0,0.0,17.0,27.687205119573637,0.18078200523211835,13.197528408468312,True
TAYLOR ST,42,11,11.0,6,5.0,1.0,12,4654.7617966465,1.3,25.0,0.0,0.0,10.0,19.553638659595556,0.25421861510860627,13.174494174181817,True
W 87 ST,70,13,13.0,5,4.0,1.0,11,3486.6636423675227,1.1666666666666667,25.0,0.0,0.0,6.0,13.559001513395888,0.3106379425112709,13.173647079981984,True
W 73 ST,80,14,14.0,9,7.0,1.0,8,3138.828872188766,1.3333333333333333,25.0,0.0,0.0,6.0,11.106129422278542,0.2857657040381167,13.173031036962236,True
BRIGHTON AVE,27,10,9.0,12,10.0,0.9,14,4461.452775847364,1.92,25.0,0.0,0.0,25.0,28.31083957177505,0.21548563972583565,13.161208618766928,True
NARROWS AVE,32,8,8.0,4,4.0,1.0,14,5780.536383607608,2.0,25.0,0.0,0.0,23.0,38.298923283898404,0.16877309412222785,13.113643031195547,True
W AVE,37,12,12.0,6,5.0,1.0,6,2213.2013331552653,2.25,25.0,0.0,0.0,4.0,19.420165984247,0.1464730428968215,13.086854290512147,True
N PORTLAND AVE,73,14,13.0,3,3.0,0.9285714285714286,6,1741.477416895466,2.0,25.0,0.0,0.0,7.0,13.361911495596825,0.1996262487056767,13.072247034229456,True
VIELE AVE,59,8,8.0,6,6.0,1.0,11,3317.531875669211,3.6666666666666665,25.0,0.0,0.0,12.0,74.30425075245323,0.07598052651687812,13.037831882478507,True
MANIDA ST,63,10,10.0,8,8.0,1.0,13,5308.846043620941,1.625,25.0,0.0,0.0,8.0,22.3914710362323,0.24384493569579463,13.021597458006369,True
W 63 ST,41,16,13.0,5,4.0,0.8125,7,1935.7540697592126,1.6666666666666667,25.0,0.0,0.0,6.0,13.056129637384291,0.22946567305786153,13.012879825020882,True
NICHOLAS AVE,48,11,11.0,1,1.0,1.0,11,3725.0569935177273,1.7857142857142858,25.0,0.0,0.0,14.0,19.364155000087187,0.23984826233586062,13.006128042678712,True
FIELDSTON RD,36,10,9.0,5,1.0,0.9,13,15549.756450891138,1.290909090909091,25.0,1.0,0.75,55.0,28.8643955682629,0.2001042906242182,12.97495078386611,True
BAYSIDE AVE,29,12,12.0,1,1.0,1.0,10,8003.532336470776,1.7857142857142858,25.0,0.0,0.0,28.0,15.698749251410671,0.26134701912445385,12.966657091344985,True
CASWELL AVE,14,11,11.0,7,6.0,1.0,8,4247.654577404644,2.0,25.0,0.0,0.0,15.0,23.202510568060195,0.16073059371370021,12.961316768402016,True
OSGOOD AVE,39,10,10.0,3,2.0,1.0,11,3354.611280721668,1.9285714285714286,25.0,0.0,0.0,14.0,24.906185897735472,0.19699159616112497,12.936393352669363,True
RADCLIFF AVE,41,9,8.0,8,7.0,0.8888888888888888,17,8612.14920152892,1.588235294117647,25.0,0.0,0.0,17.0,27.054905759801947,0.25871881877339337,12.929862710014289,True
BENNETT AVE,46,12,12.0,5,5.0,1.0,13,6123.007347036697,1.3333333333333333,21.666666666666668,0.0,0.0,15.0,14.78688690970628,0.3281036347438081,12.914387724694569,True
CLIFTON PL,48,11,11.0,3,2.0,1.0,16,4653.052807114763,1.0,23.333333333333332,0.0,0.0,6.0,16.404761505549835,0.3513828905463963,12.899140720533994,True
ROMBOUTS AVE,31,11,11.0,8,8.0,1.0,10,4244.049429829086,2.0,25.0,0.0,0.0,10.0,19.497540023156382,0.2217173492861749,12.884052049387414,True
W 88 ST,59,13,12.0,9,6.0,0.9230769230769231,12,3487.8739406711406,1.1666666666666667,25.0,0.0,0.0,6.0,14.791638014613696,0.3106379425112709,12.867188689095848,True
RUTGERS ST,29,13,13.0,3,3.0,1.0,4,1160.5572943070474,2.0,25.0,0.0,0.0,4.0,11.930213575806814,0.1569944670344263,12.832049450493125,True
MICKLE AVE,35,12,10.0,6,5.0,0.8333333333333334,13,8339.620999003155,1.8666666666666667,23.666666666666668,0.0,0.0,15.0,21.09631904334173,0.254997772946745,12.829536643958699,True
QUINCY AVE,43,8,8.0,2,0.0,1.0,18,8092.911064444977,1.8695652173913044,23.695652173913043,0.0,0.0,23.0,24.75968776666633,0.287649311440826,12.820912646044805,True
JORALEMON ST,59,14,13.0,16,15.0,0.9285714285714286,11,3287.440135912932,1.3333333333333333,22.333333333333332,0.0,0.0,15.0,12.430998116619358,0.32953672818697505,12.812492981018517,True
245 ST,25,12,12.0,4,4.0,1.0,9,5200.766389252541,1.7333333333333334,25.0,0.0,0.0,15.0,15.262974191933822,0.24671895967350096,12.805037598075394,True
IRVING PL,46,8,8.0,8,8.0,1.0,16,3780.456774676668,1.8333333333333333,24.166666666666668,0.0,0.0,12.0,27.828561992157386,0.24205288805767464,12.799560696232334,True
CHATTERTON AVE,43,12,12.0,6,5.0,1.0,13,3905.3727950794737,1.0,25.0,0.0,0.0,6.0,14.112385678132286,0.33847743812873726,12.714994892674051,True
CRYSTAL ST,33,15,15.0,4,4.0,1.0,7,2177.7631769781265,1.0,25.0,0.0,0.0,5.0,7.999733816350194,0.3270668739328963,12.710444822615491,True
78 RD,40,10,10.0,8,6.0,1.0,13,6774.518830864584,1.5333333333333334,25.0,0.0,0.0,15.0,20.299277854958014,0.2623830611109658,12.702356050816265,True
LAKE AVE,29,9,9.0,8,7.0,1.0,11,4708.804783049569,1.875,25.0,1.0,0.75,8.0,32.216951280812985,0.15941587817308311,12.701150676932489,True
RICHARDSON ST,87,8,8.0,4,4.0,1.0,18,4392.899752377943,1.2857142857142858,25.0,0.0,0.0,14.0,23.735803928812953,0.29637999523038916,12.663777493367922,True
RIDER AVE,29,13,13.0,2,2.0,1.0,9,2464.1298926129207,1.375,25.0,0.0,0.0,8.0,11.819237048719927,0.29723759358725754,12.649032861764523,True
ROCKAWAY POINT BLVD,41,17,9.0,3,2.0,0.5294117647058824,14,7794.757395180289,1.9259259259259258,25.0,0.0,0.0,27.0,23.579372047108976,0.24800176465484855,12.615709995242597,True
155 AVE,30,16,9.0,5,2.0,0.5625,13,7369.551924862683,1.606060606060606,25.0,0.0,0.0,33.0,24.98579147568629,0.22420262611539396,12.584056429381945,True
254 ST,28,8,8.0,8,8.0,1.0,15,9839.696801205186,1.9130434782608696,25.0,0.0,0.0,23.0,27.87447131371072,0.23011814032906733,12.573476378734506,True
CORBIN PL,32,12,12.0,4,4.0,1.0,7,2800.587938519252,2.0,25.0,0.0,0.0,9.0,14.67584490815554,0.20944468283112708,12.560441488093923,True
152 ST,34,7,7.0,3,3.0,1.0,18,7670.191297969286,1.6842105263157894,25.0,0.0,0.0,19.0,28.270328803606404,0.2612611052088269,12.557109611385354,True
72 RD,37,10,10.0,13,8.0,1.0,12,6718.898992156761,1.6363636363636365,25.0,0.0,0.0,22.0,20.34057948757043,0.24681079905766587,12.552166686046567,True
DREISER LOOP,27,11,11.0,4,3.0,1.0,6,2184.1091947904106,2.0,25.0,0.0,0.0,12.0,22.94449031344585,0.12682790854470313,12.514894725086803,True
E 185 ST,31,14,14.0,18,18.0,1.0,7,1271.9318202978984,1.25,25.0,0.0,0.0,4.0,9.051811740682835,0.30047479301150565,12.513194156999711,True
HEWES ST,46,9,8.0,8,8.0,0.8888888888888888,19,4045.964914130308,1.0,25.0,0.0,0.0,11.0,21.8052508644617,0.32614013822644794,12.502446425186328,True
PRINCETON ST,19,14,13.0,5,5.0,0.9285714285714286,6,1717.7310674601656,2.0,25.0,0.0,0.0,6.0,10.752322904661229,0.23661185998865475,12.468172941817997,True
NORFOLK ST,48,14,13.0,5,4.0,0.9285714285714286,8,3110.324760964545,1.4444444444444444,25.0,0.0,0.0,9.0,11.134980575155579,0.28523647191350754,12.468028439207218,True
41 RD,54,11,11.0,2,2.0,1.0,13,3264.961168725966,1.2857142857142858,24.285714285714285,0.0,0.0,7.0,15.502280627245312,0.3177739065232361,12.43070730318363,True
W 95 ST,89,13,12.0,11,11.0,0.9230769230769231,11,3405.322572024421,1.1428571428571428,25.0,0.0,0.0,7.0,13.366283426864335,0.3137117232888264,12.428619128342575,True
GARDNER AVE,55,9,9.0,6,6.0,1.0,12,4249.873649049795,1.5789473684210527,25.0,0.0,0.0,19.0,25.1497092088768,0.20950315515101256,12.383415034031053,True
MARLBOROUGH RD,50,10,9.0,4,4.0,0.9,16,5980.655952930634,1.1111111111111112,25.0,0.0,0.0,9.0,19.909814833473263,0.30861393525789765,12.36692088869317,True
PECK AVE,25,11,10.0,3,0.0,0.9090909090909091,12,9251.842326075532,1.5294117647058822,25.0,0.0,0.0,34.0,19.171951077674052,0.2579741181728678,12.36612599118765,True
W 160 ST,62,10,10.0,5,4.0,1.0,9,2759.3268210694646,1.4545454545454546,25.0,1.0,0.75,11.0,23.12902821322783,0.17772359882852173,12.333338143176046,True
BEECH AVE,41,11,11.0,6,6.0,1.0,12,4357.975435453171,1.5454545454545454,25.0,0.0,0.0,11.0,15.413990690331811,0.301881961122744,12.332504165974902,True
MATILDA AVE,32,13,12.0,6,3.0,0.9230769230769231,12,4143.942107091134,1.0,25.0,0.0,0.0,6.0,12.939153015200118,0.33999099124902826,12.319303564572403,True
INDEPENDENCE AVE,63,7,5.0,8,8.0,0.7142857142857143,23,15112.213994240696,1.4883720930232558,23.6046511627907,0.0,0.0,43.0,28.802850845709578,0.3072593866590833,12.313649351590367,True
ROCHAMBEAU AVE,53,12,11.0,7,7.0,0.9166666666666666,12,3287.6820438569657,1.2,25.0,0.0,0.0,5.0,15.32377350530738,0.3031205249269832,12.310624494594155,True
HANNAH ST,20,16,13.0,3,3.0,0.8125,3,1445.310577690403,2.0,25.0,1.0,0.75,5.0,8.694325916147344,0.16083322426569574,12.307504554456731,True
WARD AVE,54,7,7.0,13,13.0,1.0,17,5267.616991558371,1.7272727272727273,25.0,0.0,0.0,11.0,27.914682164437284,0.2527644133515806,12.286487367728757,True
WILLOW AVE,24,13,11.0,2,2.0,0.8461538461538461,10,3405.2382236027734,1.5,25.0,0.0,0.0,12.0,15.849453008478525,0.2595068896827661,12.258466466892994,True
MARINE AVE,24,8,8.0,4,4.0,1.0,12,3501.298697426304,2.0,25.0,0.0,0.0,16.0,33.943924793874174,0.16413382466851614,12.258275603330912,True
BATTERY PL,63,10,10.0,12,11.0,1.0,9,2779.189263670822,2.2,25.0,0.0,0.0,25.0,22.3244454915044,0.18295695218592567,12.254842984507217,True
WALNUT AVE,37,11,11.0,0,0.0,1.0,8,3609.998422213542,2.0,25.0,0.0,0.0,11.0,17.067806049997586,0.20656841671584977,12.253417088686856,True
NEWBOLD AVE,64,9,9.0,10,10.0,1.0,13,5419.764819897743,1.5,25.0,0.0,0.0,8.0,22.1480667023694,0.2458658821804534,12.232661018745496,True
84 RD,33,7,7.0,6,6.0,1.0,17,5874.219651386518,1.6666666666666667,25.0,0.0,0.0,18.0,27.317361511840417,0.2568716388433627,12.218953948519509,True
DOWNING ST,56,12,10.0,1,1.0,0.8333333333333334,14,3626.853250080773,1.6,23.5,0.0,0.0,10.0,17.082793346790407,0.31281371232060035,12.215594880409157,True
WILLETT AVE,31,15,15.0,0,0.0,1.0,6,2484.630621214269,1.0,25.0,0.0,0.0,3.0,6.645189817831717,0.3340070533518153,12.209434469740229,True
SULLIVAN ST,93,11,11.0,3,3.0,1.0,14,5134.700331978385,1.0833333333333333,25.0,0.0,0.0,12.0,14.404086219522513,0.3505920549266578,12.193445582849916,True
NORWOOD AVE,39,12,12.0,5,4.0,1.0,11,3894.418494597744,1.0,25.0,0.0,0.0,8.0,12.546692924614902,0.32749317888464424,12.179038203755876,True
W 109 ST,68,11,11.0,6,4.0,1.0,12,3175.2587894281887,1.1666666666666667,25.0,0.0,0.0,6.0,14.791638014613696,0.3106379425112709,12.17782663160712,True
PLIMPTON AVE,41,15,14.0,3,3.0,0.9333333333333333,6,2185.0551662925127,1.4285714285714286,25.0,0.0,0.0,7.0,7.840452338455281,0.2982761446324837,12.16275387083441,True
CANARSIE RD,27,10,10.0,8,5.0,1.0,11,3148.310637515937,1.3846153846153846,25.0,0.0,0.0,13.0,18.784185280063987,0.2454361226833356,12.155956376070934,True
THWAITES PL,18,17,14.0,1,1.0,0.8235294117647058,5,992.4968009743034,1.25,25.0,0.0,0.0,4.0,7.243330097116321,0.27715331124824466,12.127366563404433,True
WAVERLY PL,45,11,10.0,8,8.0,0.9090909090909091,15,3848.732673448513,1.2352941176470589,24.11764705882353,0.0,0.0,17.0,16.24982512956289,0.3389414293042818,12.118324662315862,True
W 84 ST,53,12,12.0,7,7.0,1.0,10,3406.78103820829,1.1666666666666667,25.0,0.0,0.0,6.0,12.32636501217808,0.3106379425112709,12.101381355890664,True
W 256 ST,22,10,10.0,2,2.0,1.0,8,2939.8915403184924,1.736842105263158,25.0,1.0,0.75,19.0,22.72242590209556,0.16357106716727762,12.081020781762385,True
ELDERT ST,79,12,12.0,9,8.0,1.0,10,4300.494736154145,1.1428571428571428,25.0,0.0,0.0,7.0,12.15116675169485,0.3137117232888264,12.047422782178165,True
KAPPOCK ST,27,11,10.0,2,2.0,0.9090909090909091,9,2792.7562736980885,2.1,25.0,0.0,0.0,20.0,20.390686084408006,0.19689152712102984,12.045838050994327,True
42 RD,58,12,12.0,1,1.0,1.0,7,1817.5503588102222,1.4285714285714286,25.0,0.0,0.0,7.0,11.991988272912351,0.24484238444052614,11.998038389636374,True
E 208 ST,34,14,14.0,6,6.0,1.0,6,1722.3954848995563,1.1666666666666667,24.166666666666668,0.0,0.0,6.0,7.486843222435436,0.30802455755383806,11.993787765311893,True
TIBBETT AVE,49,11,9.0,4,4.0,0.8181818181818182,11,7221.990872238951,2.0,25.0,0.0,0.0,13.0,23.502029667936633,0.20633265849293433,11.992242334928772,True
59 DR,41,10,10.0,3,3.0,1.0,10,3441.15747805609,1.0,25.0,1.0,0.75,14.0,18.686746393458467,0.2291331099754716,11.99042121670135,True
MOSEL AVE,36,9,7.0,6,6.0,0.7777777777777778,14,4869.565908084054,2.0,25.0,0.0,0.0,21.0,33.451645940247666,0.18861621216806176,11.989209262860204,True
76 RD,34,8,8.0,9,8.0,1.0,14,8198.061838340589,1.75,25.0,0.0,0.0,20.0,24.60374530119536,0.2401559828227728,11.987488771347568,True
COLEMAN ST,31,8,8.0,9,9.0,1.0,18,6248.528652050895,1.0,25.0,0.0,0.0,8.0,19.93556945349515,0.33400705335181524,11.986564383237852,True
PIDGEON MEADOW RD,23,10,10.0,5,2.0,1.0,9,4912.837647958501,1.875,25.0,0.0,0.0,16.0,19.641408279217025,0.20287869846844134,11.956036363090405,True
ABINGDON AVE,13,11,11.0,1,1.0,1.0,6,4551.364824090883,2.0,25.0,0.0,0.0,16.0,16.742363915455755,0.16601102504588364,11.953295719791305,True
HARROD AVE,48,11,11.0,7,5.0,1.0,7,2346.1046332879555,1.5,25.0,0.0,0.0,6.0,15.77753578920079,0.19771137253171492,11.944573158202278,True
110 RD,30,8,8.0,9,8.0,1.0,14,4757.20276816455,1.9411764705882353,25.0,0.0,0.0,17.0,24.115410578985422,0.24383332370085833,11.92947412427799,True
TOMLINSON AVE,30,11,10.0,13,13.0,0.9090909090909091,14,4852.265341660513,1.0,25.0,0.0,0.0,7.0,15.858063681276144,0.32902371304486994,11.927441863666777,True
STEBBINS AVE,39,8,8.0,4,4.0,1.0,15,1476.691279289541,1.3333333333333333,25.0,0.0,0.0,3.0,22.452476082654822,0.27064869160876676,11.911543742277521,True
COOLIDGE AVE,41,13,12.0,2,1.0,0.9230769230769231,10,4350.446964564896,1.1111111111111112,25.0,0.0,0.0,9.0,11.705737214771046,0.3218076004260497,11.905303999190785,True
MARION ST,48,7,7.0,7,7.0,1.0,18,5069.25369184786,1.1428571428571428,25.0,0.0,0.0,7.0,23.369661466417146,0.2996321616264566,11.90487705027588,True
GREAVES AVE,21,9,9.0,6,3.0,1.0,8,5071.192586719965,2.0,25.0,1.0,0.75,20.0,34.145500093592,0.11515102551130145,11.895530122771646,True
INWOOD AVE,53,12,12.0,4,4.0,1.0,10,3186.9556070680696,1.125,25.0,0.0,0.0,8.0,11.661799425821922,0.3226288886555436,11.89088672461026,True
W 192 ST,49,12,12.0,5,5.0,1.0,10,2054.129523710794,1.1428571428571428,24.285714285714285,0.0,0.0,7.0,11.633440705353241,0.32316120150436034,11.881542257919364,True
JULES DR,18,13,11.0,0,0.0,0.8461538461538461,6,2650.1917440005054,2.0,25.0,0.0,0.0,5.0,16.056620922871012,0.1718823510569397,11.869143892626782,True
STAGG ST,45,12,8.0,4,4.0,0.6666666666666666,15,3972.689376070945,1.25,25.0,0.0,0.0,8.0,22.12294102953129,0.2735772515944428,11.86371539128956,True
NEWBURG ST,30,12,12.0,6,5.0,1.0,8,2107.2898401475095,1.4444444444444444,25.0,0.0,0.0,9.0,11.437233867294738,0.27980767515415955,11.842533716752245,True
FRISBY AVE,34,13,13.0,0,0.0,1.0,5,1887.3632847168515,1.8,25.0,0.0,0.0,5.0,8.328238998633704,0.25007781883762686,11.831696198647629,True
ERSKINE PL,18,10,10.0,4,3.0,1.0,5,2489.5724770463316,2.6666666666666665,25.0,1.0,0.75,12.0,34.1695758754395,0.07516838709277963,11.816788035273344,True
STERLING ST,33,10,9.0,5,4.0,0.9,13,4266.523937500316,1.4,25.0,0.0,0.0,5.0,19.348381195828207,0.27177360820723034,11.812416896694085,True
DYER AVE,116,10,10.0,10,7.0,1.0,5,2004.4694355139045,4.095238095238095,25.0,0.0,0.0,21.0,33.855549461628975,0.07581275146041283,11.808554842286064,True
THURSBY AVE,23,11,11.0,3,1.0,1.0,6,3080.3336443356475,2.5,25.0,0.0,0.0,12.0,15.557880403553057,0.1764203159830682,11.804102701007865,True
TRUXTON ST,42,9,8.0,2,2.0,0.8888888888888888,13,3292.320949823323,1.9230769230769231,25.0,0.0,0.0,13.0,24.904881657336702,0.22476728937168083,11.799664427268619,True
HIGHLAND PL,67,15,13.0,13,13.0,0.8666666666666667,8,4305.373909774474,1.0666666666666667,25.0,1.0,0.75,15.0,9.281690902835521,0.32375127815345744,11.79619267722337,True
OSBORN ST,52,7,7.0,4,4.0,1.0,14,3892.04562865546,1.2222222222222223,25.0,1.0,0.75,9.0,30.769535206788717,0.20174059324982122,11.795280133890067,True
E 148 ST,53,14,12.0,8,5.0,0.8571428571428571,10,2795.1978423573573,1.0,25.0,0.0,0.0,6.0,11.369255315846711,0.3282058649602509,11.792985895368389,True
UNION HALL ST,63,8,8.0,5,4.0,1.0,14,3805.6158880100866,1.8333333333333333,25.0,0.0,0.0,6.0,22.83826140029401,0.2540053473679135,11.768997741317582,True
STUART ST,33,8,8.0,6,5.0,1.0,16,6418.828392147238,1.0,25.0,0.0,0.0,9.0,20.41099983993194,0.303334669539667,11.764686535102614,True
FORD ST,26,9,9.0,7,6.0,1.0,13,5179.591391960301,1.3636363636363635,25.0,0.0,0.0,11.0,19.024130280725462,0.27513131691089,11.757952165022326,True
W 69 ST,45,13,12.0,12,12.0,0.9230769230769231,9,2080.5543632610375,1.1666666666666667,25.0,0.0,0.0,6.0,11.093728510960272,0.3106379425112709,11.718477689288074,True
SEXTON PL,18,12,12.0,1,1.0,1.0,8,2382.471528597942,1.8181818181818181,21.363636363636363,0.0,0.0,11.0,10.98839849835285,0.2879458185138071,11.708713577598415,True
116 RD,33,7,7.0,2,1.0,1.0,15,4461.923548996777,2.0,25.0,0.0,0.0,13.0,26.88080726165307,0.23661185998865475,11.704034784255686,True
E 201 ST,46,12,12.0,8,8.0,1.0,10,2317.0532934519515,1.0,25.0,0.0,0.0,7.0,11.075316363052863,0.33400705335181524,11.691149143140645,True
KELLY BLVD,24,8,8.0,6,6.0,1.0,10,3099.55750007078,2.0,25.0,0.0,0.0,7.0,34.517945570425546,0.13861067946741437,11.675670453596597,True
E 192 ST,19,13,13.0,4,4.0,1.0,4,767.5834084736824,1.8,25.0,0.0,0.0,5.0,7.302587839260206,0.2332736725554635,11.67094374120207,True
20 RD,35,7,7.0,2,0.0,1.0,16,10586.372789023259,1.68,25.0,0.0,0.0,25.0,24.598643833300677,0.2654004366751882,11.670687758249107,True
RICHMOND VALLEY RD,24,10,10.0,4,3.0,1.0,7,3806.481458357266,2.0,25.0,1.0,0.75,16.0,20.42517450747741,0.15991761114598899,11.66716900301585,True
BENZIGER AVE,32,12,12.0,3,3.0,1.0,10,2292.4570391561065,1.6,20.0,0.0,0.0,5.0,10.909313870200862,0.3373748103904796,11.632029973763489,True
W 80 ST,46,14,13.0,2,2.0,0.9285714285714286,7,2223.0758909442707,1.1428571428571428,25.0,0.0,0.0,7.0,8.505816726186396,0.3137117232888264,11.590122020396116,True
S END AVE,30,10,10.0,7,6.0,1.0,6,1545.6692975653991,2.0,25.0,0.0,0.0,6.0,22.142521180836106,0.13082050015170282,11.588490693979622,True
CORSA AVE,21,11,11.0,4,4.0,1.0,7,2480.297169842984,2.0,25.0,0.0,0.0,3.0,13.547309173516723,0.22300131757061323,11.56805330195394,True
ELLSWORTH AVE,17,8,8.0,0,0.0,1.0,12,9586.342675987124,1.9259259259259258,25.0,0.0,0.0,27.0,24.69773149185943,0.2125223335314992,11.54864086133237,True
DOUGLASS ST,35,9,9.0,4,4.0,1.0,15,4532.4496275294905,1.25,22.5,0.0,0.0,8.0,16.625221928371456,0.33384314238305274,11.545628049935688,True
66 RD,40,7,7.0,3,2.0,1.0,17,7352.358118345602,1.2777777777777777,25.0,0.0,0.0,18.0,22.222497022527527,0.29820189782453876,11.539377501746099,True
HOFFMAN DR,34,14,14.0,7,7.0,1.0,5,1140.508623568368,1.0,25.0,0.0,0.0,4.0,6.091928279964003,0.3131335864750909,11.523717140202887,True
COHANCY ST,35,12,11.0,16,11.0,0.9166666666666666,4,1676.5535807832305,2.2857142857142856,25.0,1.0,0.75,7.0,14.896837263202153,0.12978763448449349,11.505761290362035,True
AVE F,36,11,11.0,8,6.0,1.0,7,3562.3709563270504,1.7,25.0,0.0,0.0,10.0,13.099806132167709,0.22887570972734178,11.48059461878971,True
REON AVE,16,13,12.0,2,2.0,0.9230769230769231,3,1357.093948889041,1.6666666666666667,31.666666666666668,0.0,0.0,6.0,8.656791998300694,0.16141799849041957,11.460346055828541,True
WESTERN AVE,19,9,9.0,2,1.0,1.0,9,4537.918199355887,2.5454545454545454,25.0,0.0,0.0,11.0,22.276673734366966,0.18327739044747474,11.433314115857307,True
MERCER ST,67,9,9.0,7,7.0,1.0,15,4785.536709854371,1.0769230769230769,25.0,0.0,0.0,13.0,16.10952326431306,0.3408870816264455,11.423544637326998,True
HUXLEY ST,25,9,9.0,4,3.0,1.0,10,4105.877146518345,2.0,25.0,0.0,0.0,13.0,20.18781001815679,0.21577207677302562,11.414017002159753,True
BURNS ST,32,9,9.0,6,5.0,1.0,14,7854.3952373494585,1.2777777777777777,25.0,0.0,0.0,18.0,16.45169327159905,0.3209620210520769,11.391710532712594,True
JARVIS AVE,41,10,8.0,5,5.0,0.8,12,4261.950855283724,1.75,25.0,0.0,0.0,12.0,22.886720541018292,0.22554613116041186,11.35764222369291,True
GARFIELD PL,45,8,8.0,4,4.0,1.0,15,3922.011031080511,1.125,25.0,0.0,0.0,8.0,18.927339620421176,0.30564896049213475,11.339929995926251,True
HALL ST,29,11,11.0,5,4.0,1.0,8,2906.66221911287,1.4285714285714286,25.0,0.0,0.0,7.0,12.25725593839951,0.2660689262628624,11.334516737567565,True
VERONICA PL,32,12,12.0,2,2.0,1.0,9,2325.481055382831,1.0,25.0,0.0,0.0,6.0,9.967784726747576,0.33400705335181524,11.321225764804403,True
HURON ST,40,9,8.0,5,5.0,0.8888888888888888,14,4704.285123339607,1.3333333333333333,25.0,0.0,0.0,9.0,19.60369092150622,0.2840126514883227,11.29559502566796,True
DUFFIELD ST,69,12,12.0,4,3.0,1.0,8,2615.1538151825594,1.2857142857142858,25.0,0.0,0.0,7.0,9.716547616514779,0.3138088885842355,11.28343234540348,True
WALDRON ST,46,13,12.0,10,10.0,0.9230769230769231,7,1952.5498982138567,1.2,25.0,0.0,0.0,5.0,9.502349201103575,0.29036498279697154,11.274769668745597,True
TENBROECK AVE,30,7,7.0,1,1.0,1.0,15,7741.856345120953,1.6153846153846154,24.23076923076923,0.0,0.0,13.0,23.111204273982494,0.2649786063952428,11.26912445586896,True
174 ST,32,5,5.0,2,2.0,1.0,19,11219.460663101809,1.5,25.0,0.0,0.0,22.0,27.632992810471826,0.27636700252551677,11.25501238121167,True
LITTLE CLOVE RD,28,9,8.0,2,2.0,0.8888888888888888,11,4634.174838479731,2.0555555555555554,25.0,0.0,0.0,18.0,24.051645458675758,0.20257278323398553,11.251626496049113,True
HOFFMAN ST,51,11,11.0,2,2.0,1.0,11,2287.3547774033877,1.0,25.0,0.0,0.0,5.0,11.604331061743348,0.34491515456518457,11.20844294156975,True
E 210 ST,59,13,13.0,4,3.0,1.0,6,1325.112082900889,1.0,25.0,0.0,0.0,5.0,7.283514912521542,0.31392404630567017,11.20545787069274,True
W 205 ST,32,9,9.0,11,11.0,1.0,6,2156.071202770295,2.0,25.0,1.0,0.75,4.0,32.905045273889186,0.0919670997663642,11.19847768362322,True
MALTA ST,40,9,9.0,4,4.0,1.0,10,3726.397175414595,1.8,25.0,0.0,0.0,10.0,18.525399105473355,0.23066841795731313,11.197208742071545,True
HAVILAND AVE,45,7,7.0,3,3.0,1.0,16,4003.9918517666865,1.2,25.0,0.0,0.0,5.0,21.074093181065937,0.2966213549308792,11.174676588791227,True
187 ST,21,10,10.0,8,8.0,1.0,10,7707.200611152111,1.5333333333333334,25.0,0.0,0.0,15.0,14.11584314079744,0.2823780987406753,11.16222396081323,True
DEWEY AVE,26,8,8.0,5,4.0,1.0,11,6371.483148857178,1.68,25.0,0.0,0.0,25.0,23.090488016391305,0.20924064906675746,11.157543507283842,True
WHITE ST,70,9,9.0,2,2.0,1.0,15,4005.822248510337,1.1176470588235294,25.0,0.0,0.0,17.0,15.051161464711631,0.3563164134737844,11.156128150456821,True
CLYMER ST,34,10,10.0,2,2.0,1.0,6,1873.8090185433948,1.75,25.0,0.0,0.0,4.0,16.946731951372627,0.16433803028733998,11.141612245822708,True
JACKSON MILL RD,15,12,12.0,2,2.0,1.0,6,2449.1970146559656,1.4285714285714286,25.0,0.0,0.0,7.0,8.754463114538597,0.2757209680097959,11.105137428229085,True
SAUNDERS ST,52,11,10.0,10,9.0,0.9090909090909091,12,4539.866645478805,1.0,25.0,0.0,0.0,7.0,13.290379635663434,0.3340070533518153,11.099010006516764,True
NAUGHTON AVE,13,12,11.0,16,16.0,0.9166666666666666,8,5487.127009667157,1.9285714285714286,22.142857142857142,0.0,0.0,14.0,11.284761507211055,0.28252016462140955,11.080450867895108,True
LAWRENCE AVE,42,9,9.0,4,4.0,1.0,12,5030.7096032012805,1.5,25.0,0.0,0.0,10.0,16.08317721132105,0.2930015937012022,11.075382211385104,True
W 234 ST,41,10,10.0,6,6.0,1.0,5,2049.7040954565387,2.0,25.0,1.0,0.75,10.0,17.957031713522735,0.13394408392685875,11.065797323644768,True
CODDINGTON AVE,26,8,8.0,1,1.0,1.0,11,4206.049807047215,2.0,25.0,0.0,0.0,10.0,22.004105720540053,0.21732612986700717,11.043458098493385,True
HALE AVE,46,11,11.0,6,6.0,1.0,9,2354.631417641074,1.1666666666666667,25.0,0.0,0.0,6.0,11.093728510960272,0.3106379425112709,11.029115631799344,True
SYCAMORE ST,20,6,6.0,2,2.0,1.0,14,6683.82528098461,2.0,25.0,0.0,0.0,22.0,31.177793489725925,0.19962624870567666,11.026148465040196,True
DALY AVE,43,11,11.0,6,6.0,1.0,10,2551.3583175460826,1.0,25.0,0.0,0.0,7.0,11.075316363052863,0.33400705335181524,11.02515619649246,True
HENDRICKSON ST,43,9,9.0,4,2.0,1.0,11,6661.939380609591,1.2,25.0,0.0,0.0,10.0,16.389207758145123,0.2715622132919744,11.006629613276118,True
N 10 ST,51,11,11.0,2,2.0,1.0,9,3551.5367972383046,1.125,25.0,0.0,0.0,8.0,10.817131515635296,0.316070460968654,10.94220067385021,True
SPENCER AVE,23,9,9.0,5,3.0,1.0,9,4270.648771667678,1.7826086956521738,25.0,0.0,0.0,23.0,17.813588164637288,0.21913399920397544,10.931356821853795,True
MCGRAW AVE,58,12,12.0,10,9.0,1.0,11,2610.2422275909794,1.1,21.0,0.0,0.0,10.0,9.243578802969495,0.39794930367510567,10.90308410400641,True
W 254 ST,36,10,10.0,10,9.0,1.0,9,4617.881867541254,1.2272727272727273,25.0,1.0,0.75,22.0,13.3031323513666,0.2731382679823709,10.90221184936881,True
162 AVE,12,10,9.0,2,2.0,0.9,7,3818.8524847380486,2.125,25.0,0.0,0.0,16.0,21.212393591350967,0.15490216908574309,10.891726257029093,True
ENGLEWOOD AVE,18,9,9.0,4,2.0,1.0,7,3371.2563225908993,2.8,25.0,0.0,0.0,10.0,21.133347154964685,0.15539152736607129,10.885419346472737,True
MOUNT HOPE PL,48,13,13.0,8,7.0,1.0,6,2046.053329394861,1.0,25.0,0.0,0.0,5.0,6.645189817831717,0.3340070533518153,10.87744857644386,True
MARTENSE AVE,34,13,13.0,5,3.0,1.0,6,1787.022369098685,1.0,25.0,0.0,0.0,12.0,6.645189817831717,0.3340070533518153,10.877448576443859,True
SUMPTER ST,38,8,8.0,7,7.0,1.0,15,4129.644289037103,1.0,25.0,0.0,0.0,6.0,16.612974544579295,0.33400705335181524,10.876794248229123,True
WHIPPLE ST,43,11,11.0,2,1.0,1.0,5,914.9652774536776,2.0,25.0,0.0,0.0,2.0,10.40167304516051,0.2107331339837159,10.87391268565974,True
OLD TOWN RD,22,10,10.0,1,1.0,1.0,6,2145.1332078527294,2.1818181818181817,25.0,0.0,0.0,11.0,14.708055225152414,0.18473075557443966,10.869722599028595,True
GREENWOOD AVE,24,8,8.0,4,4.0,1.0,9,2683.332246135139,2.0,25.0,0.0,0.0,8.0,25.28565038077214,0.16506760226118258,10.853300861879156,True
ZULETTE AVE,26,8,8.0,0,0.0,1.0,11,2980.175440991633,2.0,25.0,0.0,0.0,10.0,20.340662269144005,0.23099349856596554,10.850612752170582,True
CLAREMONT AVE,31,9,9.0,2,1.0,1.0,8,3192.417070970492,1.8571428571428572,25.0,0.0,0.0,7.0,18.21058218523628,0.19614818808528292,10.806639006844682,True
CHESTER AVE,19,10,10.0,5,5.0,1.0,7,3678.579408160134,2.0,25.0,0.0,0.0,12.0,13.463260837139206,0.22408151313627858,10.776052728771768,True
GETTYSBURG ST,13,10,10.0,4,4.0,1.0,6,2649.186575047571,2.0,25.0,0.0,0.0,13.0,14.045198683327452,0.1917770702434797,10.77577635204132,True
AMPERE AVE,23,13,10.0,1,1.0,0.7692307692307693,7,2205.643194576819,2.0,25.0,0.0,0.0,10.0,13.446461280162778,0.22429867841177348,10.773036710337859,True
WOODPOINT RD,20,10,10.0,6,6.0,1.0,5,1427.0398309319587,2.3333333333333335,25.0,0.0,0.0,6.0,14.891957625227302,0.15717936243891623,10.768914780611423,True
LATHROP AVE,6,11,11.0,3,3.0,1.0,5,3190.6360913697954,2.0,25.0,0.0,0.0,15.0,9.869161821411845,0.21960663271124123,10.751660435458941,True
MONTAUK ST,25,9,9.0,2,2.0,1.0,10,3251.5477267394417,1.4545454545454546,25.0,0.0,0.0,11.0,15.514441055409717,0.2636332507874098,10.717423272500628,True
LENEVAR AVE,9,9,9.0,4,2.0,1.0,7,4520.6652764842565,1.8235294117647058,25.0,0.0,0.0,17.0,19.193652189333527,0.16844997448382798,10.717120451190251,True
SOMERS ST,26,10,10.0,6,5.0,1.0,9,2414.291295985458,1.2,25.0,0.0,0.0,5.0,12.399527156034196,0.2873238888295403,10.689441473823832,True
14 RD,43,5,5.0,4,4.0,1.0,18,6023.719200337798,1.3333333333333333,25.0,0.0,0.0,21.0,24.803926169917723,0.2872836669255197,10.689344529616227,True
WOOD AVE,38,10,10.0,9,9.0,1.0,10,3120.3945348741963,1.4444444444444444,22.77777777777778,0.0,0.0,9.0,12.10567145421946,0.31451989422760823,10.6622755630592,True
261 ST,19,7,7.0,5,4.0,1.0,12,6983.829018179194,2.0,25.0,0.0,0.0,12.0,23.657068685360784,0.21981608016769413,10.661491545500054,True
GURLEY AVE,13,9,9.0,0,0.0,1.0,7,3483.235750455244,2.0,25.0,0.0,0.0,11.0,18.44314897912924,0.17411119418112334,10.644157945586448,True
CONWAY ST,30,12,12.0,3,3.0,1.0,3,856.7935970935542,2.0,25.0,0.0,0.0,3.0,5.805989645792882,0.22300131757061326,10.618727529965792,True
EMPIRE AVE,21,12,12.0,4,4.0,1.0,4,1595.9499886625456,2.0,25.0,0.0,0.0,5.0,6.546230846118153,0.2533966017720681,10.618033429557013,True
VESEY ST,49,9,9.0,5,5.0,1.0,8,2438.960971034381,2.090909090909091,25.0,0.0,0.0,11.0,16.618760669940023,0.21097242070260586,10.607348381291054,True
BOSCOMBE AVE,43,14,12.0,11,8.0,0.8571428571428571,4,3916.147168413218,2.0,25.0,0.0,0.0,15.0,6.4901427373223335,0.2550279898735487,10.594832177809142,True
CLIFTON AVE,20,9,9.0,0,0.0,1.0,11,5354.44085230306,1.4285714285714286,23.571428571428573,0.0,0.0,14.0,14.298534778337272,0.29938147044763314,10.586283133156536,True
W 154 ST,39,12,12.0,8,7.0,1.0,7,1582.4288849924137,1.0,25.0,0.0,0.0,3.0,7.752721454137004,0.33400705335181524,10.581379008131918,True
S 9 ST,29,10,10.0,1,1.0,1.0,11,2627.6987435291894,1.0,25.0,0.0,0.0,9.0,11.6470281309207,0.3440857961554841,10.566718985718328,True
BAY 16 ST,36,8,8.0,3,3.0,1.0,13,4281.450683451327,1.2,25.0,0.0,0.0,10.0,16.340763486782063,0.3064653217096046,10.556154765280388,True
E 235 ST,63,6,6.0,6,6.0,1.0,19,5958.670612228658,1.0,25.0,0.0,0.0,12.0,18.559961532910528,0.3624951345380887,10.55292494566562,True
CARROLL PL,19,8,8.0,1,1.0,1.0,8,2948.682065922739,1.875,25.0,1.0,0.75,8.0,24.60845824204148,0.1529521765325758,10.540299836970641,True
LUCAS ST,25,9,9.0,4,4.0,1.0,8,2762.9721535822323,2.2222222222222223,25.0,0.0,0.0,9.0,16.107648083058848,0.21621934345780014,10.536811002048076,True
97 PL,33,9,9.0,5,5.0,1.0,8,3683.235182909697,1.875,25.0,0.0,0.0,8.0,16.05297812018982,0.21679606021813974,10.529057869261894,True
CAMPUS RD,45,8,8.0,4,4.0,1.0,14,6359.372222536942,1.1363636363636365,25.0,0.0,0.0,22.0,15.425968333057288,0.33515112797919544,10.488821663161936,True
POWELL AVE,29,9,9.0,7,3.0,1.0,12,4050.308192793756,1.0,25.0,0.0,0.0,6.0,13.290379635663434,0.3340070533518153,10.433017059868579,True
BROWN ST,28,7,7.0,0,0.0,1.0,15,5900.051529094606,1.0,25.0,0.0,0.0,12.0,17.71868964812528,0.31983004075078475,10.428158946954923,True
EDGEWOOD AVE,30,12,7.0,1,1.0,0.5833333333333334,12,4122.284146786982,2.0,25.0,0.0,0.0,14.0,21.382660099646728,0.23764092617463808,10.41790866693506,True
W 259 ST,31,8,8.0,3,3.0,1.0,10,3057.9113205530307,2.0,25.0,0.0,0.0,10.0,18.348498234384742,0.23237554713363723,10.404737939226633,True
LEGION ST,62,10,9.0,10,9.0,0.9,11,3878.6297566691023,1.1428571428571428,25.0,0.0,0.0,7.0,13.366283426864335,0.3137117232888264,10.369754298209052,True
25 ST,35,11,10.0,6,3.0,0.9090909090909091,6,3241.386379054029,1.7142857142857142,25.0,0.0,0.0,14.0,11.552928272038766,0.2238859610724366,10.347678838661958,True
FOUR CORNERS RD,23,9,9.0,1,1.0,1.0,9,3204.845346484562,2.090909090909091,25.0,0.0,0.0,11.0,14.142850662356265,0.26115619794959644,10.343087325603525,True
W 92 ST,56,10,10.0,3,3.0,1.0,9,3172.6961925349733,1.1666666666666667,25.0,0.0,0.0,6.0,11.093728510960272,0.3106379425112709,10.339753574310615,True
VAN SICKLEN ST,30,9,9.0,5,5.0,1.0,12,4879.746910850076,1.0,25.0,0.0,0.0,12.0,12.939153015200118,0.33999099124902826,10.339276538319488,True
BROWN PL,48,10,10.0,4,2.0,1.0,7,2781.3660255198793,1.8181818181818181,25.0,0.0,0.0,11.0,11.31839133810767,0.25568806920423276,10.337096935696334,True
W 90 ST,56,9,9.0,9,9.0,1.0,11,3240.562108673107,1.125,25.0,0.0,0.0,8.0,13.220938519109804,0.316070460968654,10.334113983455385,True
MARKET ST,40,12,9.0,8,5.0,0.75,8,6338.65685441517,1.6666666666666667,25.0,0.0,0.0,21.0,14.737386953357056,0.2316657544572343,10.329156077162555,True
MONTICELLO AVE,20,5,5.0,5,4.0,1.0,15,4898.053264361156,2.0,25.0,0.0,0.0,7.0,28.413204262314654,0.22674427827308624,10.308810102518883,True
BRIGHTON 7 ST,43,10,10.0,5,5.0,1.0,10,3092.4586187565315,1.0,25.0,0.0,0.0,9.0,10.880050167119004,0.33797554833959337,10.297435437798397,True
BERKELEY PL,33,11,11.0,3,2.0,1.0,8,2676.8161377956253,1.0,25.0,0.0,0.0,4.0,8.86025309044229,0.33400705335181524,10.285309439819976,True
E 146 ST,56,6,6.0,5,4.0,1.0,14,3319.1013611532535,1.6,25.0,0.0,0.0,10.0,22.860786025333358,0.25381860034375064,10.279581109645584,True
E 218 ST,44,8,8.0,9,9.0,1.0,12,3445.5739729681986,1.2,25.0,0.0,0.0,5.0,15.564371698199196,0.2998397718172698,10.26809948392906,True
HULL ST,35,9,9.0,4,4.0,1.0,11,3461.1312258955722,1.1428571428571428,25.0,0.0,0.0,7.0,12.912408252425532,0.3211969287736234,10.25665351478766,True
178 PL,21,7,7.0,3,3.0,1.0,12,6859.217872618868,1.7894736842105263,25.0,0.0,0.0,19.0,19.906549797247475,0.250842245380469,10.237507931256394,True
ALDUS ST,42,12,12.0,5,5.0,1.0,6,1299.0899109133327,1.0,25.0,0.0,0.0,5.0,6.645189817831717,0.3340070533518153,10.211455629795676,True
59 PL,38,7,7.0,2,2.0,1.0,12,3790.0052621798145,1.5454545454545454,25.0,0.0,0.0,11.0,19.680907067902282,0.25299058525175294,10.20815010063169,True
SURREY PL,19,9,9.0,8,8.0,1.0,9,2935.849731689376,1.4444444444444444,25.0,0.0,0.0,18.0,13.408236766163576,0.2715786634168687,10.197183048979804,True
BARCLAY ST,55,9,9.0,6,6.0,1.0,7,1725.9097836529108,1.8333333333333333,25.0,0.0,0.0,6.0,14.675066076108207,0.20945347023372413,10.188662283446549,True
KENT ST,41,7,6.0,6,4.0,0.8571428571428571,14,7019.636912821989,1.7058823529411764,25.0,0.0,0.0,17.0,22.04627735636058,0.26075085834951317,10.184080593985378,True
LOCUST AVE,30,6,6.0,0,0.0,1.0,14,7230.81674398645,1.6,25.0,0.0,0.0,20.0,22.001243506092884,0.2611452036734299,10.178647994426775,True
STADIUM AVE,26,6,6.0,3,2.0,1.0,12,4920.09214725869,2.0,25.0,0.0,0.0,15.0,27.078074510571014,0.19753049556490118,10.163562503627004,True
WEEKS AVE,26,11,11.0,6,5.0,1.0,6,1851.7593111403125,1.0,25.0,0.0,0.0,8.0,8.121470315437369,0.2909581883840776,10.162468217769867,True
SUFFOLK ST,27,9,9.0,12,12.0,1.0,7,2192.7982760596246,1.3333333333333333,25.0,1.0,0.75,9.0,14.48502271712914,0.21161996027793123,10.160740289522419,True
SWINTON AVE,12,8,8.0,4,4.0,1.0,9,5260.303491761121,1.8333333333333333,25.0,0.0,0.0,12.0,17.831587363977015,0.21896123827386754,10.152736543414116,True
67 DR,30,8,8.0,1,1.0,1.0,11,6636.837684163901,1.2727272727272727,25.0,0.0,0.0,11.0,15.66027775122798,0.28065491591747116,10.149894608175364,True
ELLERY ST,25,11,11.0,2,1.0,1.0,6,2607.045053011878,1.2,25.0,0.0,0.0,5.0,8.084239289568709,0.2919070146948969,10.14886899545333,True
HERING AVE,27,7,7.0,1,1.0,1.0,13,8553.213477202793,1.4285714285714286,24.285714285714285,0.0,0.0,14.0,17.95305224293319,0.28683739479636966,10.141744970431489,True
BOGART ST,60,9,9.0,4,4.0,1.0,10,2917.4124786641464,1.1764705882352942,25.0,0.0,0.0,17.0,12.746633817005105,0.30350441211796547,10.137119894051423,True
BYRON AVE,28,7,7.0,3,3.0,1.0,11,2925.231619707846,2.0,25.0,0.0,0.0,8.0,20.695334408560583,0.22793712063578433,10.121675091231483,True
MELROSE ST,77,10,9.0,15,15.0,0.9,11,4122.361748009804,1.125,25.0,0.0,0.0,8.0,12.3070395808643,0.33175473337116607,10.097126034397528,True
POWELLS COVE BLVD,21,5,5.0,2,2.0,1.0,14,7748.6705695227665,1.7,25.0,0.0,0.0,30.0,29.30160271856019,0.20972761389870173,10.096717152077831,True
JESUP AVE,35,9,9.0,8,8.0,1.0,7,2391.505854771556,1.625,25.0,0.0,0.0,8.0,13.94408474172324,0.21803942686314534,10.078005403448156,True
W 75 ST,70,10,9.0,7,7.0,0.9,10,3244.172548937221,1.1666666666666667,25.0,0.0,0.0,6.0,12.32636501217808,0.3106379425112709,10.033295183424478,True
GARFIELD AVE,18,9,9.0,4,4.0,1.0,7,2569.4033611343466,1.7,25.0,0.0,0.0,10.0,13.374160026374884,0.22523812970095722,9.985227623353369,True
DWIGHT ST,21,10,10.0,7,4.0,1.0,7,2811.310518089168,1.2,25.0,0.0,0.0,10.0,9.928536191899687,0.28140842093901663,9.979889482608202,True
GLEN ST,30,10,9.0,17,3.0,0.9,7,10784.949662847072,1.8095238095238095,25.0,0.0,0.0,21.0,13.290578246593807,0.22633401009288948,9.971103780168894,True
62 RD,28,7,7.0,14,12.0,1.0,11,5914.041890598941,1.8333333333333333,25.0,0.0,0.0,12.0,19.172980223299483,0.24166185789686745,9.941745016904378,True
ALBEE AVE,9,8,8.0,4,3.0,1.0,5,2563.8791656312223,2.769230769230769,25.0,1.0,0.75,13.0,32.65704339730949,0.07837699304516743,9.932544918865318,True
RUSSELL ST,49,7,7.0,2,1.0,1.0,14,6745.035300789366,1.1666666666666667,25.0,0.0,0.0,12.0,15.894746845588877,0.3285138219203567,9.92204728125844,True
115 DR,24,7,7.0,1,0.0,1.0,10,3666.3272211715557,2.2857142857142856,25.0,0.0,0.0,7.0,20.78216528984008,0.210902612637668,9.906694667431456,True
RAMONA AVE,16,6,6.0,1,1.0,1.0,11,8597.74901819068,2.0,25.0,0.0,0.0,15.0,27.278479160173937,0.18299505892337198,9.893856547715773,True
TRINITY PL,35,8,8.0,0,0.0,1.0,7,1978.4194763634734,2.4444444444444446,25.0,0.0,0.0,9.0,19.111949569788518,0.1690483553410373,9.878456799405296,True
MEADOW ST,41,9,8.0,3,3.0,0.8888888888888888,9,2283.047516515219,1.4,25.0,0.0,0.0,5.0,15.646481008168053,0.24213595565333879,9.851487986297878,True
W 186 ST,31,8,8.0,8,8.0,1.0,12,2511.7573119544386,1.25,23.125,0.0,0.0,8.0,13.633238418889967,0.32836541897725435,9.849760693617569,True
HANCOCK PL,15,9,9.0,0,0.0,1.0,3,492.7944755334591,2.5,25.0,1.0,0.75,2.0,19.919524002504406,0.07719585536882347,9.842941995593726,True
KINGSTON PL,26,9,9.0,3,3.0,1.0,7,1770.867482592629,2.0,25.0,0.0,0.0,7.0,12.544376722104767,0.23661185998865472,9.8386415687177,True
MOUNT EDEN PKWY,56,12,12.0,15,15.0,1.0,5,2377.5363020902796,1.1666666666666667,25.0,0.0,0.0,12.0,5.515985723151266,0.33487990563228626,9.8286339108505,True
151 AVE,25,7,7.0,4,4.0,1.0,9,3999.163769505083,1.8125,25.0,0.0,0.0,16.0,22.25472056717109,0.1834250222763129,9.798097459852285,True
ROBERTS AVE,29,8,8.0,1,1.0,1.0,12,2848.591538587748,1.0,25.0,0.0,0.0,11.0,13.38643019644679,0.332407117896313,9.790487737350547,True
72 DR,26,7,7.0,5,5.0,1.0,10,4793.261482189514,1.8571428571428572,25.0,0.0,0.0,14.0,19.661161322776408,0.22027865083986103,9.788983534247016,True
MERRYMOUNT ST,12,8,8.0,9,7.0,1.0,6,3114.2986328509883,2.0,25.0,0.0,0.0,6.0,21.027598497870333,0.13680790103255672,9.78227840598853,True
BENSON ST,15,11,10.0,3,3.0,0.9090909090909091,7,2056.060531794689,1.125,25.0,0.0,0.0,8.0,9.255423112810995,0.29582003117632194,9.779739242018579,True
MONITOR ST,68,7,7.0,2,1.0,1.0,14,4739.598136894556,1.0,25.0,0.0,0.0,7.0,15.154107934369648,0.33912465170917233,9.765259013242105,True
BOONE AVE,85,10,9.0,7,6.0,0.9,11,3413.334875415562,1.0,23.571428571428573,0.0,0.0,7.0,11.162163084605973,0.3537450404056743,9.764854467727597,True
GETZ AVE,12,9,9.0,5,5.0,1.0,5,4569.553672176237,2.0,25.0,0.0,0.0,10.0,13.304616073308699,0.1726935827387472,9.743379572014478,True
N BURGHER AVE,24,12,8.0,3,3.0,0.6666666666666666,11,5976.232698779405,1.15,25.0,0.0,0.0,20.0,13.424226644584795,0.3127811745402741,9.696595980865881,True
WASHINGTON PL,26,8,8.0,4,4.0,1.0,9,2488.336352097658,1.625,25.0,0.0,0.0,8.0,14.519725121437034,0.25611370609076484,9.669790963544301,True
119 RD,19,6,6.0,1,1.0,1.0,12,5019.104799215766,2.0,25.0,0.0,0.0,14.0,21.504645809322458,0.23661185998865475,9.668583083409088,True
CANAL PL,18,8,8.0,2,2.0,1.0,7,2634.587599288034,2.0,25.0,0.0,0.0,5.0,16.8352408856271,0.18762033181037166,9.65767082658592,True
HAIGHT AVE,27,5,5.0,1,1.0,1.0,16,4988.0564506790015,1.1111111111111112,25.0,0.0,0.0,9.0,20.24924932543618,0.305018630257242,9.651305141695715,True
GRAFTON ST,48,9,9.0,1,1.0,1.0,9,3300.1730838722087,1.1666666666666667,25.0,0.0,0.0,6.0,11.093728510960272,0.3106379425112709,9.650391516821887,True
BRABANT ST,16,8,8.0,5,5.0,1.0,7,2314.1037414561233,2.0,25.0,0.0,0.0,11.0,16.721304040710947,0.1886575691293945,9.645340019958894,True
W 78 ST,34,11,10.0,5,5.0,0.9090909090909091,7,2312.890640955138,1.2,25.0,0.0,0.0,5.0,8.798872646728803,0.3064653217096046,9.631896119265537,True
GREENE ST,40,11,9.0,3,3.0,0.8181818181818182,11,3443.222377561576,1.1111111111111112,25.0,0.0,0.0,9.0,10.715338423096405,0.36313937451509115,9.622906922044931,True
32 PL,39,10,10.0,3,3.0,1.0,8,3009.961881570187,1.0,25.0,0.0,0.0,7.0,8.86025309044229,0.33400705335181524,9.619316493171791,True
POST RD,33,4,4.0,2,1.0,1.0,16,4905.610713993895,1.6428571428571428,25.0,0.0,0.0,14.0,26.009449278044272,0.25467078186596265,9.605163656078782,True
SCHURZ AVE,21,6,6.0,1,0.0,1.0,11,5236.960706103537,2.0,25.0,0.0,0.0,22.0,23.285306029065705,0.2078538980059287,9.592818236366687,True
SULLIVAN PL,33,8,7.0,4,2.0,0.875,11,3229.3270884837475,1.375,25.0,0.0,0.0,8.0,16.565309014860222,0.26945319523213884,9.577403077436868,True
PARKVILLE AVE,43,9,6.0,8,6.0,0.6666666666666666,14,3465.735217860809,1.5,25.0,0.0,0.0,8.0,17.722744847749674,0.3049629868274473,9.575003282585811,True
W 108 ST,49,10,9.0,8,7.0,0.9,7,3259.4995066299957,1.375,25.0,0.0,0.0,8.0,11.226779564001594,0.25723780032896565,9.572811876861264,True
W 197 ST,27,11,11.0,6,3.0,1.0,5,1394.547167882865,1.2,25.0,0.0,0.0,5.0,6.284909033377717,0.3064653217096046,9.55498813002405,True
PARKER ST,27,8,8.0,1,1.0,1.0,10,3335.906227760984,1.2727272727272727,24.545454545454547,0.0,0.0,11.0,13.238218083271825,0.29556525825848945,9.548235280596527,True
60 RD,25,6,6.0,2,2.0,1.0,14,7158.119631400927,1.1875,25.0,0.0,0.0,16.0,17.470275911527214,0.30801266117731335,9.532990207947531,True
PARK DR,22,17,10.0,2,0.0,0.5882352941176471,2,11376.60940194765,3.3,25.0,0.0,0.0,40.0,6.662249174260666,0.14291425365066548,9.52298783186757,True
64 PL,36,7,7.0,3,3.0,1.0,10,3608.1724703622904,2.0,25.0,0.0,0.0,9.0,17.446949741867137,0.2414835883796936,9.52276691128839,True
147 RD,18,7,7.0,1,0.0,1.0,10,4898.596661416903,2.0,25.0,0.0,0.0,11.0,17.27524446873176,0.2432998185663023,9.499965114966837,True
125 AVE,32,5,5.0,6,6.0,1.0,12,2726.013579716802,2.25,25.0,0.0,0.0,8.0,29.241115798722987,0.18563106384676006,9.499904114549452,True
114 PL,15,8,8.0,4,2.0,1.0,8,4030.8747847060677,2.0,25.0,0.0,0.0,6.0,14.336430539548305,0.23661185998865475,9.499274615651439,True
BRIGHTON 3 ST,69,9,9.0,9,3.0,1.0,9,2831.088765810214,1.0,25.0,0.0,0.0,11.0,10.54639743181018,0.3215750452443668,9.49728282410013,True
TEN EYCK ST,28,8,8.0,2,2.0,1.0,10,2903.368097481157,1.1666666666666667,25.0,0.0,0.0,6.0,12.9820154042366,0.2996504251195167,9.492863033831478,True
ALBANY ST,28,11,11.0,4,4.0,1.0,5,1355.604587069519,1.6666666666666667,25.0,0.0,0.0,6.0,6.151660557219075,0.311038793399186,9.491978349727738,True
SEELEY ST,30,6,6.0,0,0.0,1.0,9,2411.383377636782,1.625,25.0,1.0,0.75,8.0,31.44947087612104,0.1371529447581551,9.490469873196906,True
NAMEOKE AVE,33,7,7.0,9,6.0,1.0,10,2279.522736365482,1.6666666666666667,25.0,0.0,0.0,12.0,17.158167095338975,0.24455396229380982,9.484220012807747,True
SEA BREEZE AVE,16,8,8.0,2,2.0,1.0,6,2369.967869801674,1.8888888888888888,25.0,1.0,0.75,9.0,16.977402295884215,0.16408986268550538,9.473100710004182,True
17 RD,16,6,6.0,1,1.0,1.0,12,6189.424513787546,1.75,25.0,0.0,0.0,16.0,19.746733815660434,0.25236005782571463,9.469126540634774,True
85 DR,32,6,6.0,12,7.0,1.0,13,5000.52298598927,1.4166666666666667,25.0,0.0,0.0,12.0,18.09407597703,0.28523948550331873,9.449708009326084,True
FORLEY ST,57,11,11.0,11,11.0,1.0,12,2831.1555417905392,1.0,20.0,0.0,0.0,5.0,7.645170821414794,0.4657659672404592,9.437434742709748,True
W 99 ST,23,11,11.0,2,2.0,1.0,5,1426.8148513787335,1.2,25.0,0.0,0.0,5.0,5.9864626990420335,0.316901953233207,9.41120023671888,True
HAVEN AVE,67,6,6.0,6,6.0,1.0,10,3553.8078170328713,1.3333333333333333,25.0,1.0,0.75,24.0,23.927668328535155,0.18840102409386275,9.377591072711132,True
148 RD,23,7,5.0,1,1.0,0.7142857142857143,13,6402.905686682178,2.0,25.0,0.0,0.0,10.0,23.760176564005583,0.2330721352461485,9.372474409367536,True
DEKALB AVE,72,9,7.0,97,5.0,0.7777777777777778,9,24136.005134540104,1.540983606557377,25.0,0.0,0.0,61.0,17.837374627307412,0.21890574849522146,9.37236360451385,True
BROOKHAVEN AVE,40,6,6.0,2,2.0,1.0,12,3701.7215918879156,1.8,25.0,0.0,0.0,10.0,18.80251541772776,0.2617162776358415,9.35062667950318,True
LIVERMORE AVE,13,8,8.0,1,0.0,1.0,8,4741.391697102814,1.5384615384615385,25.0,0.0,0.0,13.0,13.423628163370202,0.24869992508227198,9.34885591790427,True
W 74 ST,55,8,8.0,5,5.0,1.0,10,3190.419665346871,1.1666666666666667,25.0,0.0,0.0,6.0,12.32636501217808,0.3106379425112709,9.343933125935749,True
POMPEY AVE,16,6,6.0,2,2.0,1.0,9,4978.900736149367,2.0,25.0,0.0,0.0,19.0,28.018341168813823,0.1514057366823604,9.333703165187801,True
118 RD,13,9,7.0,0,0.0,0.7777777777777778,9,3292.9216133575023,2.0,25.0,0.0,0.0,10.0,17.417968937378646,0.22300131757061326,9.32322079944516,True
REMSEN ST,36,9,9.0,2,1.0,1.0,9,3077.3386591451654,1.5,21.875,0.0,0.0,8.0,9.943708847560337,0.33454520905842317,9.315713273697357,True
W 233 ST,31,9,8.0,7,7.0,0.8888888888888888,6,1249.373502337171,1.25,25.0,1.0,0.75,8.0,15.276863709863182,0.1790843822860392,9.303172642460543,True
CASE ST,53,14,14.0,8,8.0,1.0,6,1649.4857055615614,1.0,20.0,0.0,0.0,4.0,3.8553825429677575,0.4636408060499971,9.2965413851527,True
PAERDEGAT 1 ST,11,9,9.0,7,7.0,1.0,4,858.3910327406642,2.0,25.0,0.0,0.0,3.0,10.704413948580676,0.17188235105693966,9.292958676656287,True
BEEKMAN ST,40,6,5.0,8,7.0,0.8333333333333334,12,2889.2186596515758,1.3333333333333333,25.0,1.0,0.75,12.0,25.71326931864251,0.20585668722816766,9.263965003600592,True
SEABURY ST,20,10,10.0,10,9.0,1.0,7,2195.7384672898384,1.0,25.0,0.0,0.0,10.0,7.752721454137004,0.33400705335181524,9.249393114835549,True
CORTELYOU AVE,12,7,7.0,5,5.0,1.0,8,4872.8452677856885,2.0,25.0,0.0,0.0,9.0,18.605037631096586,0.19279129475575063,9.237350230588321,True
HOLDEN BLVD,20,6,6.0,2,0.0,1.0,10,3009.372062370751,2.0,25.0,0.0,0.0,11.0,21.734721662935787,0.20354084556448143,9.202658551995713,True
WAYNE AVE,45,10,10.0,4,4.0,1.0,5,1151.1713719155546,1.6666666666666667,23.333333333333332,0.0,0.0,3.0,7.127629889445965,0.28039078151073876,9.194613899913668,True
CAFFREY AVE,31,7,7.0,1,1.0,1.0,11,3562.127012832003,1.3333333333333333,25.0,0.0,0.0,12.0,14.287055384512069,0.29954996206825407,9.182837164019858,True
184 PL,21,11,11.0,5,5.0,1.0,4,1896.8958272890743,1.2,25.0,0.0,0.0,5.0,5.0279272267021735,0.3064653217096046,9.169766796258111,True
W 107 ST,57,8,8.0,11,6.0,1.0,9,3172.4554414631302,1.2857142857142858,25.0,0.0,0.0,7.0,11.867901964406476,0.29637999523038916,9.146368765762405,True
SELWYN AVE,27,10,10.0,1,1.0,1.0,5,1714.424484808957,1.25,25.0,0.0,0.0,4.0,6.982507834162718,0.2845600408746237,9.141342305950486,True
APOLLO ST,34,11,10.0,1,1.0,0.9090909090909091,5,1914.748766428197,1.3333333333333333,25.0,0.0,0.0,3.0,6.941330888924089,0.2857657040381167,9.12593726805375,True
POLY PL,34,19,9.0,16,13.0,0.47368421052631576,4,3198.7605882387925,1.6666666666666667,25.0,0.0,0.0,3.0,9.610392045948455,0.18777486577069677,9.114616284495472,True
VETERANS AVE,13,8,8.0,2,1.0,1.0,5,2662.616905830339,2.0,25.0,0.0,0.0,13.0,15.091259219499694,0.1554262151127675,9.102167580870354,True
W 202 ST,23,12,12.0,2,2.0,1.0,3,862.2634287760992,1.0,25.0,0.0,0.0,2.0,3.3225949089158586,0.3340070533518153,9.101685494786945,True
ARCHER ST,25,13,11.0,8,8.0,0.8461538461538461,5,1211.6748528933508,1.0,24.0,0.0,0.0,5.0,5.371226398900012,0.3408291277738389,9.08155000310068,True
WILCOX ST,18,7,7.0,4,3.0,1.0,8,3095.032123690762,2.0,25.0,0.0,0.0,14.0,17.06019936762825,0.2066414876377184,9.078854563258735,True
DAVIS AVE,22,7,7.0,13,5.0,1.0,11,9530.088795529016,1.25,25.0,0.0,0.0,24.0,13.754646364286788,0.3075784876750303,9.077583913506974,True
ISHAM ST,35,8,8.0,5,5.0,1.0,6,1741.157946495769,2.0,23.0,0.0,0.0,5.0,13.346333299596413,0.19981269961150763,9.06826528961526,True
JAVA ST,27,7,7.0,2,2.0,1.0,10,3324.4031369637496,1.3333333333333333,25.0,0.0,0.0,6.0,14.42384563737886,0.2780247194316747,9.06401260043632,True
HOMER AVE,21,5,5.0,1,1.0,1.0,12,3440.1287886393143,2.0,25.0,0.0,0.0,4.0,23.223958583171527,0.22300131757061326,9.063966775399537,True
HOLLERS AVE,38,7,7.0,3,1.0,1.0,10,4231.602041663258,1.4,25.0,0.0,0.0,15.0,14.36096931230997,0.27890248957330976,9.052992666875983,True
FOWLER AVE,40,7,7.0,4,3.0,1.0,11,3953.155667725378,1.0,25.0,0.0,0.0,5.0,13.549810558177628,0.3107831663137811,9.035570864025877,True
74 AVE,31,4,4.0,4,3.0,1.0,15,9089.254188752426,1.44,25.0,0.0,0.0,25.0,22.80033678336975,0.26762453817184956,9.031431449124566,True
150 PL,31,7,7.0,2,2.0,1.0,9,4496.52173647152,1.9090909090909092,25.0,0.0,0.0,11.0,15.165788828499913,0.24790803490455934,9.024364661919018,True
TRANTOR PL,21,6,6.0,1,0.0,1.0,10,4071.1711570728453,1.75,25.0,0.0,0.0,16.0,19.795142930406428,0.21911440052397496,9.022714473338556,True
CEDAR ST,51,6,6.0,4,3.0,1.0,14,4155.2388664843465,1.3076923076923077,25.0,0.0,0.0,13.0,14.646505745499454,0.346801692905604,8.998622830257244,True
GLEANE ST,44,11,11.0,6,5.0,1.0,11,2913.530766468021,1.0,20.0,0.0,0.0,5.0,6.768394844507823,0.47443434747561,8.992381169279641,True
LOWERRE PL,22,9,9.0,1,1.0,1.0,5,1116.7373989178136,2.0,25.0,0.0,0.0,4.0,8.960269087217691,0.23661185998865478,8.99059919482753,True
FITCHETT ST,13,8,8.0,3,2.0,1.0,7,3867.868900804239,1.8888888888888888,25.0,0.0,0.0,9.0,12.056324159336684,0.24385444487968774,8.989152676127112,True
JEFFERSON BLVD,10,7,7.0,2,1.0,1.0,8,5387.18657317411,1.7894736842105263,25.0,0.0,0.0,19.0,16.204968292585534,0.21520026354206215,8.980911602460733,True
QUEEN ST,11,8,8.0,4,4.0,1.0,6,2985.4024088668293,2.0,25.0,0.0,0.0,11.0,12.721021663558009,0.207595653450357,8.980063577199616,True
BUFFALO ST,12,10,10.0,1,0.0,1.0,4,11682.112086601466,2.0,25.0,0.0,0.0,24.0,6.125175648731134,0.2661789729225984,8.96860323392378,True
EXETER ST,11,8,8.0,2,1.0,1.0,7,7673.917686256168,1.6111111111111112,25.0,0.0,0.0,18.0,11.900549515854184,0.24626036817712693,8.960550759867367,True
W 261 ST,27,9,9.0,9,6.0,1.0,8,3357.6065623950594,1.5384615384615385,25.0,0.0,0.0,13.0,8.879624282971951,0.33352142548710434,8.959852119262772,True
WYCKOFF ST,46,8,8.0,2,2.0,1.0,13,3483.654805082534,1.0,20.833333333333332,0.0,0.0,6.0,10.316471845454538,0.411740313639813,8.953784844185249,True
ERASMUS ST,37,9,9.0,1,1.0,1.0,8,1757.8606917175034,1.0,25.0,0.0,0.0,7.0,8.86025309044229,0.33400705335181524,8.953323546523606,True
TIEBOUT AVE,67,9,9.0,11,5.0,1.0,8,3824.5115313384235,1.0,25.0,0.0,0.0,9.0,8.86025309044229,0.33400705335181524,8.953323546523606,True
30 DR,30,9,9.0,11,11.0,1.0,8,3760.9876501373656,1.0,25.0,0.0,0.0,8.0,8.86025309044229,0.33400705335181524,8.953323546523606,True
ARLINGTON PL,22,7,7.0,1,1.0,1.0,8,2346.8306594316696,2.0,25.0,0.0,0.0,9.0,15.86781593257944,0.21877241134881134,8.940033474967812,True
163 AVE,20,8,8.0,7,6.0,1.0,5,3930.515314895406,1.9411764705882353,25.0,0.0,0.0,17.0,13.325101104919865,0.17247388578621256,8.918440879769983,True
REGENT PL,19,10,10.0,5,5.0,1.0,3,635.0268508481768,2.0,25.0,0.0,0.0,2.0,5.3761614523306145,0.23661185998865475,8.905944960948707,True
E 197 ST,57,7,7.0,6,6.0,1.0,11,3079.8547108139455,1.3333333333333333,25.0,0.0,0.0,12.0,12.927876994659767,0.3209359471573354,8.902468817913311,True
COLON AVE,14,6,6.0,0,0.0,1.0,8,4787.683397845663,2.0,25.0,0.0,0.0,13.0,25.5820360239416,0.14799271509586426,8.89799867828814,True
SCOTT AVE,41,6,6.0,8,8.0,1.0,9,3995.0770379235732,2.0,25.0,0.0,0.0,16.0,20.958510338830422,0.19258449968682978,8.880777229663927,True
LANGDALE ST,23,4,4.0,1,1.0,1.0,12,4917.487157108566,1.8,25.0,0.0,0.0,10.0,33.0076809688429,0.16800721800834695,8.873499780448965,True
MULINER AVE,25,8,8.0,0,0.0,1.0,10,3851.4193235304583,1.0,25.0,0.0,0.0,8.0,10.527568235511879,0.34538321131846317,8.872979634007635,True
CASS PL,25,11,10.0,0,0.0,0.9090909090909091,3,1527.154523932767,1.4285714285714286,25.0,0.0,0.0,7.0,5.2891618942103245,0.23957140626292975,8.871417890318972,True
W 260 ST,17,7,7.0,2,2.0,1.0,8,2042.5803986372725,2.0,25.0,0.0,0.0,8.0,15.194762932749551,0.2262702687185276,8.85423121087787,True
GILLMORE ST,24,9,9.0,7,7.0,1.0,7,2510.926036517525,1.2,25.0,0.0,0.0,5.0,8.519958648754512,0.3133541751677586,8.849577038334054,True
GREEN ST,44,6,6.0,4,4.0,1.0,11,3171.7230614777473,1.4285714285714286,25.0,0.0,0.0,7.0,16.49566790986843,0.27028330088521063,8.836803767674219,True
268 ST,27,5,5.0,3,3.0,1.0,12,5591.919066063996,2.0,25.0,0.0,0.0,12.0,20.794647598953926,0.24272963023363361,8.833828971364635,True
SKIDMORE AVE,16,7,7.0,12,12.0,1.0,7,1737.154711976363,2.0,25.0,0.0,0.0,7.0,16.626451972083736,0.1895298542830546,8.824500039531854,True
MAROLLA PL,8,9,9.0,0,0.0,1.0,3,1096.51933285506,2.0,25.0,0.0,0.0,3.0,7.876670450892616,0.17461359021077852,8.803851394440505,True
ECKFORD ST,78,6,6.0,3,3.0,1.0,14,3901.5179879819093,1.0,25.0,0.0,0.0,7.0,13.762039956262909,0.361043038956346,8.802430494309743,True
CHELSEA ST,23,6,6.0,2,1.0,1.0,10,5575.2948901187165,1.7777777777777777,25.0,0.0,0.0,9.0,17.68620631822169,0.23899757846492853,8.792975011496532,True
TERRACE PL,22,7,7.0,5,5.0,1.0,8,2327.603090267352,1.375,25.0,0.0,0.0,8.0,14.591841805786597,0.23343707544424946,8.772217348378213,True
DEVOE AVE,36,11,10.0,5,5.0,0.9090909090909091,5,1306.2952145963052,1.0,25.0,0.0,0.0,5.0,6.069595760434618,0.31392404630567017,8.766151597498675,True
265 ST,11,7,7.0,5,5.0,1.0,8,5958.351070655382,2.0,25.0,0.0,0.0,11.0,14.336430539548305,0.23661185998865475,8.735886475640093,True
25 RD,26,5,5.0,1,1.0,1.0,12,4564.056676495557,1.6666666666666667,25.0,0.0,0.0,15.0,19.80396897160295,0.2518143745903372,8.727852188038954,True
BOODY ST,9,9,9.0,6,3.0,1.0,4,2854.7374014203488,1.75,30.0,0.0,0.0,4.0,7.753321677203081,0.2227330001396993,8.722323596954315,True
BOWEN ST,18,9,9.0,2,2.0,1.0,4,784.5930935107066,2.0,25.0,0.0,0.0,1.0,7.741319527723842,0.22300131757061326,8.719312596282014,True
236 ST,12,8,7.0,3,2.0,0.875,8,5299.775858369482,2.0,25.0,0.0,0.0,11.0,14.181240717262463,0.23858341024187596,8.713324900092292,True
OAKLAND AVE,16,5,5.0,1,1.0,1.0,12,6532.785469063895,1.6363636363636365,25.0,0.0,0.0,11.0,19.657663062205636,0.25321398342798623,8.711525251726345,True
OAKLEY ST,16,9,9.0,1,1.0,1.0,4,1584.05633611541,1.8333333333333333,25.0,0.0,0.0,6.0,7.6964393942487135,0.22401040225478946,8.707988864342155,True
ARDEN ST,25,10,10.0,1,1.0,1.0,5,1503.5599295168845,1.0,25.0,0.0,0.0,3.0,5.906229882708427,0.31983004075078475,8.690689336562292,True
MARMION AVE,37,9,8.0,8,8.0,0.8888888888888888,8,2332.0689011393583,1.0,25.0,0.0,0.0,10.0,10.285567860414705,0.30168573525491343,8.68952322044421,True
ARVERNE BLVD,30,8,8.0,4,4.0,1.0,4,2136.4605945194235,2.0,25.0,0.0,0.0,9.0,12.550941174158442,0.15039779735953313,8.684451528506237,True
CROSBY ST,47,9,8.0,0,0.0,0.8888888888888888,10,2851.896115439243,1.125,25.0,0.0,0.0,8.0,9.902680894179268,0.3593460485345932,8.683720860945586,True
PIERCE AVE,34,5,5.0,6,5.0,1.0,14,3573.7556936502856,1.0625,25.0,0.0,0.0,16.0,16.41319514438627,0.3214728404162752,8.669032261291093,True
RATHBUN AVE,12,6,6.0,4,0.0,1.0,9,10134.436567232231,2.0,25.0,0.0,0.0,15.0,18.54813450014212,0.21229817990839053,8.663946115625855,True
SEIGEL ST,38,8,8.0,4,3.0,1.0,9,3074.2218215069174,1.0,25.0,0.0,0.0,10.0,9.967784726747576,0.33400705335181524,8.657253978211665,True
165 AVE,10,7,7.0,1,1.0,1.0,6,4581.975770799867,2.111111111111111,25.0,0.0,0.0,18.0,17.1977222699768,0.16232894846970944,8.655385532871472,True
W 218 ST,32,7,7.0,4,4.0,1.0,6,2694.5261985918614,2.0,24.0625,1.0,0.75,16.0,17.10601293308372,0.16305732584091537,8.647859443782336,True
W 64 ST,51,8,8.0,12,12.0,1.0,7,2429.009632685597,1.5714285714285714,25.0,0.0,0.0,7.0,10.370055704248255,0.2726943140216421,8.646300714463058,True
KING ST,31,4,4.0,5,4.0,1.0,13,7473.54085017032,1.6363636363636365,25.0,0.0,0.0,22.0,24.20353558887754,0.22978377218124832,8.642444619010378,True
BOGART AVE,25,6,6.0,5,3.0,1.0,12,5677.9587618346795,1.1111111111111112,25.0,0.0,0.0,18.0,14.298986595648762,0.3179377763817449,8.638561344442474,True
MARTLING AVE,13,7,7.0,2,1.0,1.0,6,2548.895913563133,2.0,25.0,0.0,0.0,8.0,16.971962396937087,0.16413382466851614,8.636736327659907,True
SHARROTTS RD,27,5,5.0,2,2.0,1.0,10,7233.919257278033,2.4210526315789473,25.0,0.0,0.0,19.0,24.986227660129675,0.18187092762538376,8.634913764279887,True
E 113 ST,23,11,10.0,3,2.0,0.9090909090909091,2,781.131192486332,2.0,25.0,0.0,0.0,2.0,3.870659763861921,0.22300131757061326,8.633149051502635,True
72 PL,23,5,5.0,3,1.0,1.0,12,4755.677215069603,1.6363636363636365,25.0,0.0,0.0,11.0,18.843183455752897,0.2612990257087857,8.617210349696213,True
MACDONOUGH PL,21,7,7.0,12,12.0,1.0,6,2655.36827481636,1.875,29.375,0.0,0.0,8.0,16.63742162196756,0.16688340814576944,8.608325766011674,True
TYLER AVE,20,8,8.0,0,0.0,1.0,5,2527.0865295145136,2.0,25.0,0.0,0.0,12.0,11.012162135231778,0.2014034797296179,8.606659935545476,True
STRATFORD RD,21,7,7.0,5,5.0,1.0,10,4948.6483173911865,1.0833333333333333,25.0,0.0,0.0,12.0,12.096827766191137,0.3146774756598917,8.603856895338271,True
NIPPON AVE,7,8,8.0,2,1.0,1.0,5,3104.923531138076,2.0,25.0,0.0,0.0,13.0,10.965003614683567,0.2020946256564041,8.59921129557936,True
GLOVER ST,15,9,9.0,3,3.0,1.0,6,2863.1675124002563,1.1428571428571428,25.0,0.0,0.0,7.0,7.622901916644,0.3041991628151802,8.581087915928716,True
SITKA ST,12,9,9.0,1,1.0,1.0,4,703.1138089293437,2.0,25.0,0.0,0.0,3.0,7.168215269774152,0.23661185998865475,8.566578007882446,True
CUMBERLAND ST,34,5,4.0,6,6.0,0.8,12,4011.1136011620856,2.0,25.0,0.0,0.0,16.0,26.94514225238666,0.19831174474788835,8.550291193559291,True
102 RD,15,7,7.0,7,7.0,1.0,9,3011.796786498774,1.2,25.0,0.0,0.0,10.0,12.217306115704597,0.29036498279697154,8.5149230005331,True
SCHROEDERS AVE,38,12,8.0,11,4.0,0.6666666666666666,5,3953.1219657772644,1.6923076923076923,25.0,0.0,0.0,13.0,10.422626518112798,0.2103986159255978,8.509717266315583,True
W 102 ST,37,7,7.0,3,3.0,1.0,9,2250.8729531628715,1.3333333333333333,25.0,0.0,0.0,6.0,12.171367445936522,0.29114184255215037,8.505601446724166,True
S OXFORD ST,26,9,8.0,4,4.0,0.8888888888888888,8,2372.5025694442947,1.0,25.0,0.0,0.0,4.0,9.56863705793499,0.3171214034565709,8.497448385326331,True
33 RD,14,5,5.0,3,2.0,1.0,11,5968.942801878548,1.4761904761904763,25.0,0.0,0.0,21.0,19.434229140570253,0.23919029690033022,8.452527553660397,True
MARBLE HILL AVE,33,8,8.0,3,3.0,1.0,6,1636.7849554820898,1.3333333333333333,25.0,0.0,0.0,6.0,9.750652479962708,0.25472705599546747,8.445938552292064,True
E 133 ST,42,6,6.0,2,2.0,1.0,8,2813.4740978842087,2.0,25.0,0.0,0.0,14.0,18.746533611832554,0.19161496572924308,8.44242660119794,True
91 PL,19,9,9.0,6,6.0,1.0,3,1147.047442939029,1.6,22.0,1.0,0.75,5.0,6.312246655515058,0.2088514440662462,8.438658832710438,True
264 ST,15,4,4.0,3,3.0,1.0,12,7153.791111774569,2.1333333333333333,25.0,0.0,0.0,15.0,25.195471242973355,0.20920224361944129,8.434140138601373,True
PILLING ST,26,8,8.0,6,3.0,1.0,8,1782.0175025150807,1.25,25.0,0.0,0.0,4.0,9.32592605600307,0.3227112120428495,8.427891204611946,True
WALL ST,76,5,5.0,10,7.0,1.0,12,3267.8246764809232,1.0,24.642857142857142,1.0,0.75,14.0,17.256834627033747,0.2786265103838983,8.415079060482944,True
BEDFORD PARK BLVD,101,36,9.0,36,11.0,0.25,1,5454.304622869088,2.3448275862068964,25.0,1.0,0.75,29.0,4.09815730051307,0.11935833547704575,8.414924214618932,True
KEARNEY AVE,13,7,7.0,1,1.0,1.0,7,3547.5166491326527,1.8461538461538463,25.384615384615383,0.0,0.0,13.0,13.126800033989817,0.22851260213079425,8.400051018502051,True
46 RD,28,5,5.0,2,1.0,1.0,11,7041.050452691712,1.7777777777777777,25.0,0.0,0.0,18.0,18.8886832468796,0.24441016193239717,8.394535321397615,True
LAIGHT ST,37,7,7.0,3,2.0,1.0,7,1727.8737507649164,1.7,25.0,0.0,0.0,10.0,13.008558976384055,0.23011170715138557,8.382639763575517,True
CONTINENTAL AVE,18,8,7.0,1,1.0,0.875,6,3085.229408651217,2.0,25.0,0.0,0.0,13.0,14.28563236785853,0.1891599255941759,8.37814967661064,True
LAYTON AVE,16,5,4.0,3,3.0,0.8,10,3155.057357053374,2.8,24.333333333333332,0.0,0.0,15.0,39.30962376188666,0.12380646067143222,8.371559545599089,True
CRONSTON AVE,12,5,5.0,1,0.0,1.0,10,5570.989278535181,1.7727272727272727,25.0,0.0,0.0,22.0,21.222543290336887,0.20743408196229232,8.365108374524578,True
GLEBE AVE,26,6,6.0,1,1.0,1.0,11,3150.7138366483746,1.1818181818181819,25.0,0.0,0.0,11.0,13.58225526779513,0.31027112158449716,8.352554846078757,True
INDIA ST,34,6,6.0,3,3.0,1.0,10,3335.8655030025784,1.3333333333333333,25.0,0.0,0.0,6.0,14.42384563737886,0.2780247194316747,8.342037319867995,True
BAY 28 ST,23,4,4.0,2,2.0,1.0,12,3789.007165311304,1.5714285714285714,25.0,0.0,0.0,7.0,23.892538498608786,0.21812224454738635,8.339005147061844,True
252 ST,26,4,4.0,2,0.0,1.0,12,9001.944971333163,2.0,25.0,0.0,0.0,20.0,23.830671953138182,0.21856474379605725,8.334285734741306,True
94 RD,21,6,6.0,2,0.0,1.0,9,3283.3283744827463,2.0,25.0,0.0,0.0,10.0,15.617230218662334,0.24247950351724454,8.331981208632284,True
SAGAMORE ST,9,8,8.0,5,5.0,1.0,3,871.0220841965323,2.1666666666666665,25.0,0.0,0.0,6.0,10.240033256517252,0.13995355694269307,8.313500621919513,True
HARRISON PL,30,6,6.0,2,2.0,1.0,10,2714.6485294752674,1.3333333333333333,25.0,0.0,0.0,6.0,14.243081531846013,0.2805632608828645,8.312705834298034,True
CLEVELAND PL,21,10,10.0,3,1.0,1.0,3,1369.9046413856236,1.4,25.0,0.0,0.0,5.0,4.130300225168863,0.28746641934089634,8.312658423123228,True
FAHY AVE,24,6,6.0,8,8.0,1.0,10,2899.7592709067026,1.8333333333333333,25.0,0.0,0.0,6.0,14.224904577495565,0.28082109447294645,8.309726705387853,True
CHARLES ST,77,9,9.0,2,1.0,1.0,11,2754.395028323354,1.0,23.125,0.0,0.0,8.0,7.463659462386463,0.4501328983225138,8.308442580993649,True
WYTHE PL,27,8,8.0,2,2.0,1.0,7,1116.8156515456415,1.6666666666666667,21.666666666666668,0.0,0.0,3.0,8.989427670878499,0.3019304143805915,8.29873830666797,True
N HENRY ST,42,6,6.0,1,1.0,1.0,10,5410.679131743744,1.25,25.0,0.0,0.0,12.0,14.138554678390227,0.2820524381123839,8.295499189750913,True
GENEVA LOOP,7,10,9.0,1,1.0,0.9,2,1068.5734438385164,2.0,25.0,0.0,0.0,2.0,5.049867764295183,0.18031747426097205,8.28772213226086,True
GUERLAIN ST,23,10,10.0,4,4.0,1.0,6,1358.4732514957686,1.0,22.857142857142858,0.0,0.0,7.0,5.45104850681678,0.37941507063061675,8.27405924791864,True
31 PL,30,8,8.0,2,1.0,1.0,6,2430.2662000129703,1.5,25.0,0.0,0.0,8.0,8.98083749339829,0.2706520531929323,8.265465681436858,True
PULASKI AVE,8,8,8.0,3,3.0,1.0,5,2415.5103815044313,2.0,25.0,0.0,0.0,7.0,8.960269087217691,0.23661185998865478,8.227211054816186,True
WELLER AVE,11,8,8.0,2,1.0,1.0,5,2229.8270873781103,2.0,25.0,0.0,0.0,7.0,8.960269087217691,0.23661185998865478,8.227211054816184,True
READE ST,51,7,7.0,4,4.0,1.0,9,2333.7091314884956,1.0,25.0,0.0,0.0,7.0,10.87936031558043,0.31483175222306947,8.221345805658826,True
237 ST,19,6,6.0,4,4.0,1.0,9,5104.063601175928,1.8333333333333333,25.0,0.0,0.0,12.0,14.78177898224452,0.2527207393061951,8.21933767681644,True
BARRY ST,39,3,3.0,14,13.0,1.0,12,4570.124561148446,1.875,25.0,1.0,0.75,16.0,37.8013211391899,0.14989554003879035,8.216562826222242,True
GRANITE AVE,12,5,5.0,1,1.0,1.0,8,3672.7023304450386,2.0,25.0,1.0,0.75,8.0,28.983201503421988,0.1329344945669187,8.188194769953967,True
114 AVE,14,7,7.0,4,4.0,1.0,7,3724.5699984382945,1.8571428571428572,25.0,0.0,0.0,7.0,11.780165244687112,0.24815246201641458,8.186209774314403,True
SETON AVE,20,6,5.0,5,1.0,0.8333333333333334,10,5304.380208637335,1.875,25.0,0.0,0.0,8.0,19.02332623346133,0.22599525319260422,8.169205162733581,True
BRIGHTON 4 ST,45,7,6.0,9,9.0,0.8571428571428571,8,2780.496548797829,1.1,25.0,1.0,0.75,10.0,15.824335060294377,0.2192417452400743,8.15390436444219,True
MERRILL ST,25,6,6.0,0,0.0,1.0,9,2612.346683768873,1.8333333333333333,25.0,0.0,0.0,12.0,14.282682242094381,0.25926228381452965,8.147387114195439,True
MC KINLEY AVE,31,6,6.0,3,3.0,1.0,10,4452.614820715272,1.4375,25.0,0.0,0.0,16.0,13.263838788725131,0.2951628526564974,8.144015378117027,True
BAY 35 ST,24,7,7.0,2,2.0,1.0,8,2399.3596105042407,1.25,25.0,0.0,0.0,4.0,10.964285955251308,0.28839643964327316,8.143285955222309,True
LAMONT AVE,37,8,7.0,7,6.0,0.875,8,8181.658300413786,1.588235294117647,23.235294117647058,0.0,0.0,17.0,10.961992115187677,0.28843938096889554,8.142794553108379,True
FOOTHILL AVE,13,6,6.0,0,0.0,1.0,9,3424.6646872140464,1.6,25.0,0.0,0.0,15.0,14.106940757214812,0.2616470445306449,8.121157089310284,True
HUNTINGTON ST,49,8,7.0,1,1.0,0.875,10,2697.6811106364758,1.1666666666666667,25.0,0.0,0.0,6.0,10.076836634432603,0.3553424036087949,8.093330525190876,True
MARSDEN ST,26,5,5.0,1,1.0,1.0,10,3769.787036667207,1.9090909090909092,25.0,0.0,0.0,11.0,18.105542697584404,0.23476172253674,8.076679778463708,True
EDISON ST,16,6,6.0,4,3.0,1.0,11,3738.3823241794007,1.0,25.0,0.0,0.0,14.0,12.182847999358149,0.33400705335181524,8.065114841587782,True
61 RD,23,3,3.0,10,6.0,1.0,15,7455.714438644853,1.2727272727272727,25.227272727272727,0.0,0.0,22.0,20.420625458259163,0.2897747199731698,8.048056863924522,True
MOTHER GASTON BLVD,68,47,7.0,65,14.0,0.14893617021276595,5,10501.016801321339,2.1,23.833333333333332,0.0,0.0,30.0,12.921657346733316,0.17690627022714828,8.047578314773782,True
TURNBULL AVE,21,6,6.0,7,6.0,1.0,10,4552.606098892439,1.2857142857142858,25.0,0.0,0.0,7.0,12.738785459088822,0.3036346247011988,8.04612859381233,True
W 189 ST,35,8,8.0,4,4.0,1.0,7,1815.1523614597322,1.0,24.0,0.0,0.0,5.0,8.090305747975007,0.3245938388731001,8.029312689407513,True
TOPPING AVE,39,10,10.0,8,8.0,1.0,4,1616.3538108731905,1.0,25.0,0.0,0.0,4.0,4.254703600202459,0.3430540075715094,8.02905304536329,True
39 PL,23,7,7.0,4,3.0,1.0,10,3860.6299012226436,1.2222222222222223,22.22222222222222,0.0,0.0,9.0,9.84792248289272,0.36062359204141614,8.027028035636281,True
LYNCH ST,31,4,4.0,4,4.0,1.0,12,3479.277025669665,1.375,25.0,0.0,0.0,8.0,20.262056661333098,0.2475305221605734,8.025355376784612,True
BRIDGEWATER ST,15,7,7.0,1,1.0,1.0,5,1217.21911022492,2.0,25.0,0.0,0.0,3.0,12.624669410737956,0.18031747426097205,8.014226181697218,True
HOLLY AVE,30,6,6.0,12,12.0,1.0,8,4371.098082617116,1.9090909090909092,25.0,0.0,0.0,11.0,14.585439202410631,0.233515618940819,8.00483414922969,True
24 RD,14,5,5.0,0,0.0,1.0,10,9212.736400067952,1.85,25.0,0.0,0.0,20.0,17.280268049414214,0.24324629324920996,7.987129683126714,True
BRIGHAM ST,22,5,5.0,6,5.0,1.0,11,4293.262019345488,1.125,25.0,0.0,0.0,8.0,15.347739949253127,0.2847427479742102,7.946443908472849,True
DUANE ST,32,5,5.0,4,4.0,1.0,10,2743.8622089873643,1.4545454545454546,25.0,0.0,0.0,11.0,16.88964671180965,0.24747979548314536,7.942447336605505,True
MAC DOUGAL ST,55,7,7.0,13,8.0,1.0,9,6509.122299396689,1.125,25.0,0.0,0.0,16.0,9.778035392935893,0.3382959745770171,7.939798190662695,True
71 PL,13,8,8.0,3,3.0,1.0,6,2145.7864389381148,1.5,25.0,0.0,0.0,4.0,7.766563632477565,0.30026179720220103,7.92990797675536,True
FAR ROCKAWAY BLVD,12,10,9.0,5,5.0,0.9,4,2410.0412340158196,1.1428571428571428,25.0,0.0,0.0,7.0,5.332953721857128,0.29409162627768887,7.921552396425415,True
SHERADEN AVE,3,9,9.0,1,1.0,1.0,2,2840.8889370259694,1.8333333333333333,25.0,0.0,0.0,6.0,4.008467065935822,0.21699837758362875,7.916845451652823,True
LUTEN AVE,10,8,7.0,1,1.0,0.875,4,3210.9864632414788,2.0,25.0,0.0,0.0,5.0,13.428291604996502,0.14196642856170832,7.912601600914565,True
BARKLEY AVE,36,5,4.0,3,3.0,0.8,11,4536.14862144263,2.0,25.0,0.0,0.0,17.0,21.943166071061242,0.2177982270446379,7.907989757844639,True
BAY 17 ST,25,7,7.0,1,1.0,1.0,9,3013.8177043293053,1.0,25.0,0.0,0.0,5.0,9.651817579511066,0.3412104144657111,7.90482777539243,True
HARPER AVE,17,7,7.0,0,0.0,1.0,6,3102.729107488071,1.8571428571428572,25.0,0.0,0.0,7.0,10.795318788270256,0.2358917766040165,7.895284491743673,True
142 PL,26,7,7.0,5,5.0,1.0,6,1792.5498115088765,2.0,25.0,0.0,0.0,4.0,10.752322904661229,0.23661185998865475,7.887844101749924,True
TYNDALL AVE,10,7,7.0,0,0.0,1.0,6,2555.8678396173277,2.0,25.0,0.0,0.0,6.0,10.752322904661229,0.23661185998865475,7.887844101749924,True
MCCLELLAN ST,38,6,6.0,1,1.0,1.0,9,2453.1019237876376,1.2727272727272727,25.0,0.0,0.0,11.0,12.640597760501858,0.28339719641153005,7.881926787822913,True
WOODS OF ARDEN RD,8,6,6.0,1,0.0,1.0,6,4507.776019749704,1.9,25.0,0.0,0.0,20.0,17.94246285304675,0.1566465910828735,7.8707460950636206,True
PALADINO AVE,42,6,6.0,3,1.0,1.0,9,1818.3361155568555,1.6666666666666667,25.0,0.0,0.0,6.0,12.533952263152148,0.2851209793953364,7.8629668685923155,True
FERNDALE AVE,23,5,5.0,3,3.0,1.0,9,2973.096168107588,2.0,25.0,0.0,0.0,7.0,18.348599581140146,0.21411253637818448,7.858102513414687,True
TAAFFE PL,64,8,8.0,3,2.0,1.0,9,2905.5903142821007,1.0,25.0,0.0,0.0,5.0,7.640180907201268,0.3955169740904534,7.857685441196273,True
WAKEMAN PL,24,9,9.0,4,4.0,1.0,5,1558.776941014697,1.0,25.0,0.0,0.0,4.0,5.537658181526432,0.33400705335181524,7.843553411514877,True
KESSEL ST,15,8,8.0,0,0.0,1.0,8,5265.006417923947,1.0,25.0,0.0,0.0,13.0,7.576506892389969,0.3696790584976172,7.843443466698494,True
148 DR,15,7,7.0,2,1.0,1.0,6,5437.436934504719,2.0,25.0,0.0,0.0,8.0,10.4858934389392,0.2411738633877151,7.840706388026855,True
CONCORD ST,41,6,6.0,5,5.0,1.0,8,3265.0159389040596,1.0909090909090908,25.0,1.0,0.75,22.0,13.358956911100197,0.24960337742132047,7.836820499308578,True
SEMINOLE AVE,7,8,8.0,0,0.0,1.0,3,2122.9178198380705,2.0,25.0,0.0,0.0,8.0,7.097696408016822,0.1901337752981039,7.828441611591198,True
GIPSON ST,43,5,5.0,6,1.0,1.0,10,3206.8927246608814,1.875,25.0,0.0,0.0,8.0,15.950818312411085,0.258283702073371,7.8284178944624,True
ANN ST,27,7,7.0,3,3.0,1.0,9,2169.6671935002787,1.4285714285714286,25.0,0.0,0.0,7.0,9.37181245995512,0.34785865002789174,7.825055480439321,True
W 232 ST,35,5,2.0,9,5.0,0.4,13,4624.9111658018,2.125,25.0,1.0,0.75,24.0,40.424382013084056,0.15155367878807444,7.823356449241206,True
WALTON ST,25,7,7.0,2,2.0,1.0,8,1878.704864120733,1.0,25.0,0.0,0.0,5.0,9.56863705793499,0.3171214034565709,7.814569788782902,True
N 12 ST,33,8,8.0,4,3.0,1.0,6,3176.3547621814964,1.1666666666666667,25.0,0.0,0.0,6.0,7.395819007306848,0.3106379425112709,7.8123184595253825,True
250 ST,15,3,3.0,6,4.0,1.0,13,9651.775667509959,2.0,25.0,0.0,0.0,17.0,23.296699626765996,0.23661185998865475,7.802439850320137,True
BAY 52 ST,29,9,9.0,3,2.0,1.0,2,1101.728581262289,2.0,25.0,0.0,0.0,7.0,3.7474180487823388,0.2286582353358493,7.798953880077637,True
W 191 ST,14,10,10.0,2,2.0,1.0,3,827.4562113559742,1.0,25.0,0.0,0.0,2.0,3.3225949089158586,0.3340070533518153,7.769699601490577,True
RECTOR ST,21,7,7.0,5,4.0,1.0,9,2785.486072277518,1.3333333333333333,25.0,0.0,0.0,6.0,9.17498459140318,0.3526892036096773,7.767093583405307,True
138 PL,31,6,6.0,6,6.0,1.0,8,1956.2990830183057,1.7142857142857142,25.0,0.0,0.0,7.0,12.88137286098212,0.25648401103338503,7.764962112800975,True
DARLINGTON AVE,11,6,6.0,2,0.0,1.0,7,5262.462023396032,1.75,25.0,0.0,0.0,8.0,14.091158010278434,0.2162558311747496,7.749760100678996,True
PROVOST ST,47,6,6.0,2,2.0,1.0,7,2213.020837093783,2.0,25.0,0.0,0.0,10.0,14.053350830681932,0.21671153633783166,7.7452540311846345,True
W 215 ST,36,4,4.0,6,6.0,1.0,9,2615.6930881063545,1.7777777777777777,23.333333333333332,1.0,0.75,9.0,30.783414025147916,0.13970591990701625,7.741801494633771,True
FLEET ST,20,5,5.0,4,4.0,1.0,9,4394.8035068304935,1.2857142857142858,25.0,1.0,0.75,14.0,17.049817620353064,0.2267247899562894,7.731992368986143,True
SHARROTT AVE,15,6,5.0,0,0.0,0.8333333333333334,8,4981.663447747656,2.0,25.0,0.0,0.0,12.0,19.798894483270868,0.18329699611427264,7.712592904595631,True
DIXON AVE,15,10,7.0,2,2.0,0.7,6,2625.1413201263067,1.75,25.0,0.0,0.0,8.0,9.800324548275373,0.2537636190853374,7.710620491983871,True
N 11 ST,36,4,4.0,6,6.0,1.0,13,3260.293270737873,1.1428571428571428,25.0,0.0,0.0,7.0,15.796516777203307,0.3137117232888264,7.700705606982002,True
BRINKERHOFF AVE,13,6,6.0,5,2.0,1.0,10,2825.586926136716,1.4,25.0,0.0,0.0,10.0,11.096679334718171,0.33357853123090736,7.700142806630206,True
FROST ST,45,4,4.0,0,0.0,1.0,12,4260.53240152593,1.3076923076923077,25.0,0.0,0.0,13.0,17.19225438268819,0.27938072538344866,7.685661598878407,True
GREAT JONES ST,16,6,6.0,5,5.0,1.0,6,970.6520752383736,2.0,25.0,0.0,0.0,4.0,15.149603292885548,0.18031747426097203,7.649833356262994,True
CABRINI BLVD,55,8,8.0,0,0.0,1.0,10,4772.103180763056,1.0,21.11111111111111,0.0,0.0,9.0,7.188107660316715,0.43589819187715173,7.646097597133146,True
BLOSSOM AVE,27,8,8.0,7,7.0,1.0,5,1516.2256739022669,1.3333333333333333,25.0,0.0,0.0,3.0,6.761870803298068,0.29114184255215037,7.639528784354585,True
INGRAHAM ST,31,6,6.0,1,1.0,1.0,8,2609.03791220934,1.3333333333333333,25.0,0.0,0.0,6.0,12.047501231612678,0.2694531336939494,7.6295181578760545,True
W 206 ST,35,8,8.0,1,1.0,1.0,3,985.6518658024561,2.0,25.0,0.0,0.0,2.0,6.241003827096307,0.21073313398371588,7.629321223818642,True
CHRISTIE AVE,34,6,6.0,6,5.0,1.0,8,2467.928575211962,1.4444444444444444,25.0,0.0,0.0,9.0,12.045590577626468,0.2694843561243735,7.629192084203249,True
CONOVER ST,26,7,7.0,2,2.0,1.0,8,2342.8385112050105,1.0,25.0,0.0,0.0,9.0,8.86025309044229,0.33400705335181524,7.621337653227237,True
BAY 26 ST,19,7,7.0,0,0.0,1.0,8,2078.0578404401062,1.0,25.0,0.0,0.0,3.0,8.86025309044229,0.33400705335181524,7.621337653227237,True
BUSH ST,17,6,6.0,4,4.0,1.0,6,3794.0790902255567,1.6666666666666667,25.0,1.0,0.75,12.0,14.637904289612395,0.18545188051464612,7.601915594214147,True
HILL AVE,26,3,3.0,0,0.0,1.0,12,4942.544564609443,2.0,25.0,0.0,0.0,7.0,24.464799441520196,0.21411253637818448,7.595882651272927,True
TILDEN ST,30,6,5.0,5,5.0,0.8333333333333334,8,2449.017666860047,1.0,25.0,1.0,0.75,7.0,18.112824766707497,0.19699827692966204,7.583203884721975,True
47 RD,36,6,6.0,3,3.0,1.0,8,3488.7683607361732,1.5,25.0,0.0,0.0,10.0,11.740870859658079,0.2745581916682053,7.576203121828417,True
BOSCOBEL PL,22,9,9.0,5,4.0,1.0,2,316.5612657275903,2.0,25.0,0.0,0.0,1.0,3.30119819633938,0.2517837430721895,7.565134350847785,True
119 ST,37,4,4.0,9,9.0,1.0,14,5445.537050546233,1.1428571428571428,25.0,0.0,0.0,14.0,13.969387276351569,0.35760044918782347,7.5650573681506925,True
OVERING ST,22,7,7.0,0,0.0,1.0,8,1889.4019239607826,1.0,25.0,0.0,0.0,7.0,8.659490248211227,0.33912465170917233,7.5627740524394,True
238 ST,22,9,6.0,7,4.0,0.6666666666666666,7,3430.8257204789966,1.75,25.0,0.0,0.0,8.0,12.578124367728416,0.2361269230031854,7.553272266083985,True
W 101 ST,38,7,7.0,3,3.0,1.0,7,1881.0722732346276,1.2,25.0,0.0,0.0,5.0,8.798872646728803,0.3064653217096046,7.55129208439435,True
VERONA ST,20,8,8.0,0,0.0,1.0,5,1760.6191917896258,1.2,25.0,0.0,0.0,5.0,6.485154874249664,0.2998397718172698,7.545789183156516,True
164 AVE,10,4,4.0,1,1.0,1.0,9,4758.435428984011,2.1176470588235294,25.0,0.0,0.0,17.0,25.814641656830492,0.16223381607987652,7.539072562402652,True
PINEHURST AVE,40,7,6.0,1,1.0,0.8571428571428571,7,2531.9824928214252,1.3,22.0,1.0,0.75,10.0,12.168982073819636,0.24214354306363803,7.493779176450756,True
82 RD,23,6,5.0,1,0.0,0.8333333333333334,9,4073.0754790336705,1.75,25.0,0.0,0.0,12.0,14.944138626967984,0.2506633092205892,7.492630695584081,True
MARINE PKWY,12,5,5.0,0,0.0,1.0,6,2999.4303066754296,3.0,25.0,0.0,0.0,4.0,29.341428403651054,0.10199753489879172,7.482765693087838,True
SPRAGUE AVE,14,6,6.0,0,0.0,1.0,7,4228.525924979034,1.588235294117647,25.0,0.0,0.0,17.0,12.000383362273658,0.2447130158626589,7.468371908914108,True
INNIS ST,21,7,7.0,4,3.0,1.0,5,1452.7326151966531,2.0,25.0,0.0,0.0,9.0,8.960269087217691,0.23661185998865478,7.46382291480484,True
CROSSFIELD AVE,5,7,7.0,0,0.0,1.0,3,2207.10177178556,2.0,25.0,0.0,0.0,6.0,10.197357115209202,0.1404569985032539,7.449091183545306,True
PALISADE AVE,27,1,1.0,1,1.0,1.0,16,10997.661077480421,1.542857142857143,24.0,1.0,0.75,35.0,26.850419987462665,0.24867790896994132,7.428428388476992,True
218 PL,16,5,5.0,1,1.0,1.0,10,4315.3066092356885,1.3333333333333333,25.0,0.0,0.0,9.0,13.16634789846172,0.2966999488882078,7.422955004076915,True
PROVOST AVE,45,8,7.0,2,2.0,0.875,6,3121.4651768526046,1.3333333333333333,25.0,0.0,0.0,18.0,8.437611507480746,0.28314326881306856,7.40705002151138,True
MARCY PL,33,7,7.0,3,3.0,1.0,6,1509.2626434816077,1.4,25.0,0.0,0.0,5.0,8.393809831620342,0.28420088721490494,7.396121990755359,True
182 PL,22,7,5.0,2,2.0,0.7142857142857143,8,2630.7533707363536,1.9,25.0,0.0,0.0,10.0,15.77936128585726,0.21972931690365227,7.3685416919990905,True
HANOVER AVE,13,6,6.0,0,0.0,1.0,7,3717.794500545887,1.75,25.0,0.0,0.0,8.0,11.320249404282663,0.25565683079909973,7.360158101759703,True
VILLA AVE,42,4,4.0,2,2.0,1.0,11,3817.9248861264996,1.4285714285714286,25.0,0.0,0.0,7.0,16.317104650041884,0.27243528889606056,7.355613963697171,True
BANK ST,46,4,4.0,6,2.0,1.0,13,3669.110016210917,1.3333333333333333,23.333333333333332,0.0,0.0,9.0,13.618809104720494,0.3464941196596864,7.332860792914703,True
POWERS ST,28,5,5.0,2,1.0,1.0,11,3893.375898920903,1.0,25.0,0.0,0.0,9.0,11.860890263933442,0.33999099124902826,7.332640881685538,True
71 RD,36,4,4.0,5,5.0,1.0,11,6178.065344917695,1.4705882352941178,25.0,0.0,0.0,17.0,16.072218547704818,0.27544291798825976,7.325207103371806,True
LOCKMAN AVE,18,4,4.0,0,0.0,1.0,9,3110.4628600039878,2.0,25.0,0.0,0.0,9.0,21.675169916383165,0.18741030172691617,7.312508927103881,True
WITHERS ST,30,4,4.0,0,0.0,1.0,12,3705.9810181743924,1.1111111111111112,25.0,0.0,0.0,9.0,14.42530708517499,0.31603351883981035,7.2947464831134585,True
AMBER ST,14,5,5.0,2,1.0,1.0,8,5374.843075742936,1.9166666666666667,25.0,0.0,0.0,12.0,14.985214406148456,0.22871069925132548,7.283725369004622,True
DUDLEY AVE,14,5,5.0,1,1.0,1.0,8,3710.8229203633996,1.8,25.0,0.0,0.0,10.0,14.982007853524244,0.22874845220034737,7.2833688463453825,True
266 ST,20,4,3.0,2,2.0,0.75,11,6856.837214581095,2.1538461538461537,25.0,0.0,0.0,13.0,23.96201299570097,0.20317657226726002,7.258989948288281,True
AVON ST,25,5,5.0,10,10.0,1.0,9,2496.127683769318,1.5,25.0,0.0,0.0,6.0,13.208479717115338,0.2745581916682053,7.253705347476329,True
SIMONSON AVE,22,4,3.0,7,2.0,0.75,10,4171.416155008413,2.0,25.0,1.0,0.75,7.0,30.93729930988858,0.15221144214304433,7.252376617540019,True
BEAUMONT AVE,35,7,7.0,3,3.0,1.0,7,1920.531225868512,1.0,25.0,0.0,0.0,4.0,7.752721454137004,0.33400705335181524,7.251414274890994,True
HOPE ST,22,7,7.0,3,2.0,1.0,7,1696.9250595692833,1.0,25.0,0.0,0.0,4.0,7.752721454137004,0.33400705335181524,7.251414274890993,True
E 202 ST,26,8,8.0,1,1.0,1.0,5,1199.2422432160406,1.3333333333333333,25.0,0.0,0.0,3.0,5.701649254911251,0.3275469822815521,7.247182149221623,True
STATION RD,24,1,1.0,3,3.0,1.0,17,5402.821984877699,1.5,25.0,0.0,0.0,22.0,21.16900130652334,0.30846449517478736,7.221420806196349,True
FLAGG PL,6,8,8.0,1,1.0,1.0,3,4684.057584779257,2.2222222222222223,25.0,0.0,0.0,9.0,4.877236373060043,0.2546526987006868,7.204779814995396,True
QUINTARD ST,14,5,5.0,3,2.0,1.0,7,5168.981482477996,2.142857142857143,25.0,0.0,0.0,14.0,16.508568084616275,0.19062525323880736,7.193823705546033,True
OLYMPIA BLVD,17,2,2.0,2,1.0,1.0,14,8796.232369452877,1.7428571428571429,24.0,0.0,0.0,35.0,21.499020941885348,0.26562519692321,7.179431277498091,True
KENILWORTH PL,16,8,8.0,1,1.0,1.0,5,1701.4679757702252,1.0,25.0,0.0,0.0,2.0,5.537658181526432,0.33400705335181524,7.177560464866693,True
NOLL ST,43,6,6.0,1,1.0,1.0,8,2424.661246729165,1.2,25.0,0.0,0.0,5.0,9.578340318467253,0.316901953233207,7.133983036255408,True
BAY 40 ST,13,6,6.0,3,2.0,1.0,7,3000.7276409941132,1.1666666666666667,25.0,0.0,0.0,6.0,10.016481894770484,0.2796285315804416,7.123122934354099,True
NAMEOKE ST,30,6,6.0,4,3.0,1.0,9,1474.370395644059,1.0,25.0,0.0,0.0,2.0,9.180983473024261,0.35253999764112304,7.121423906076425,True
HORATIO PKWY,9,6,6.0,0,0.0,1.0,5,2232.032987417795,1.7142857142857142,25.0,0.0,0.0,7.0,11.925072567331306,0.18889773020876977,7.1192327592911315,True
THURSTON ST,14,7,7.0,2,0.0,1.0,4,2138.411317412899,2.0,25.0,0.0,0.0,7.0,7.4948360975646775,0.2286582353358493,7.113148348849617,True
PALMA DR,8,8,7.0,0,0.0,0.875,3,734.3454983502177,2.0,25.0,0.0,0.0,3.0,7.574801646442774,0.18031747426097203,7.10364678108761,True
54 RD,18,7,7.0,3,2.0,1.0,5,2405.7217032313197,1.5,25.0,0.0,0.0,10.0,7.3380442872863,0.2745581916682053,7.092812828221094,True
LEFFERTS PL,26,4,4.0,3,3.0,1.0,9,2297.948390874896,2.0,25.0,0.0,0.0,4.0,18.39533439884028,0.2136848044883725,7.076064216560929,True
AUSTIN PL,13,5,5.0,1,1.0,1.0,7,2522.7916180537313,1.5,25.0,0.0,0.0,6.0,14.762591074268029,0.2084705366677689,7.035212600520627,True
GATEWAY BLVD,31,7,7.0,0,0.0,1.0,6,2082.6299745806696,1.0,25.0,0.0,0.0,7.0,7.100179467729289,0.3194405985009996,7.032001389128956,True
ASH AVE,24,7,7.0,1,1.0,1.0,6,3075.941505767545,1.4285714285714286,25.0,0.0,0.0,7.0,7.083778941380185,0.3199435520301659,7.0268045320905035,True
TREADWELL AVE,16,6,6.0,1,1.0,1.0,6,2876.9135285971133,2.0,25.0,0.0,0.0,8.0,10.11471919135843,0.24783072967348085,7.019753859595834,True
CARVER LOOP,15,6,6.0,1,1.0,1.0,4,1649.614523104478,2.0,25.0,0.0,0.0,7.0,12.952621145345713,0.14641663459814264,7.017979389737404,True
LIGHT ST,23,5,5.0,4,4.0,1.0,7,1648.9107722848626,2.0,25.0,0.0,0.0,8.0,14.562342263224716,0.2107331339837159,7.0151023533542824,True
N 8 ST,36,4,4.0,8,7.0,1.0,11,3365.5577876773814,1.125,25.0,0.0,0.0,8.0,13.747815537248318,0.3076842911022566,6.999249713373811,True
WOODHULL ST,12,6,6.0,4,3.0,1.0,4,1464.3445408937298,2.6666666666666665,25.0,0.0,0.0,6.0,12.700802666924695,0.14888741336480704,6.997665176546418,True
GRENADA PL,14,6,6.0,3,3.0,1.0,4,1435.6019938392567,2.0,25.0,0.0,0.0,7.0,12.550941174158442,0.15039779735953313,6.985247123225303,True
BAY 14 ST,22,4,4.0,0,0.0,1.0,11,3118.3985343028553,1.0,25.0,0.0,0.0,4.0,13.648333499914612,0.3092334702930189,6.983587650722985,True
CRAIG AVE,15,4,4.0,4,1.0,1.0,8,8234.306818646586,1.7083333333333333,25.0,1.0,0.75,24.0,21.0870911314667,0.17404840813587963,6.9739810111044855,True
POPLAR ST,24,4,4.0,5,5.0,1.0,11,4246.47115500577,1.3636363636363635,25.0,0.0,0.0,11.0,13.541197610824486,0.31091938046834244,6.966543250083578,True
CRAWFORD AVE,12,6,6.0,3,2.0,1.0,6,2354.456326411553,1.4,25.0,0.0,0.0,5.0,9.744089672074757,0.2548548952849929,6.954199581314235,True
WATKINS ST,31,3,3.0,8,5.0,1.0,12,3054.873202024417,1.25,25.0,0.0,0.0,8.0,16.758018801990524,0.2845600408746237,6.914982392648264,True
GATLING PL,31,6,6.0,3,3.0,1.0,5,1508.7135500030297,2.25,25.0,0.0,0.0,4.0,10.305935163770531,0.21227520278148632,6.914043260053322,True
GARDEN ST,27,8,7.0,11,8.0,0.875,6,2543.8394472918103,1.3333333333333333,25.0,0.0,0.0,6.0,6.737568257574572,0.3309430717359748,6.913150033040705,True
HEYSON RD,13,7,7.0,1,1.0,1.0,4,1467.4024225327316,1.9,25.0,0.0,0.0,10.0,6.643523467411518,0.2506156925526516,6.910661386906569,True
PEARTREE AVE,10,6,6.0,2,2.0,1.0,4,1933.2478640186685,2.25,25.0,0.0,0.0,8.0,11.698981801985337,0.15960223341274393,6.909570223775443,True
MAPES AVE,30,6,6.0,4,4.0,1.0,7,2106.9127013128373,1.0,25.0,0.0,0.0,5.0,8.999871877862867,0.30168573525491343,6.905018553143597,True
ELM AVE,20,5,5.0,1,1.0,1.0,10,3472.6512293058067,1.1818181818181819,25.0,0.0,0.0,11.0,10.443506409858948,0.3471980379946782,6.889974745314481,True
BRIGHTON 1 ST,25,8,7.0,1,1.0,0.875,6,1568.852623688375,1.0,25.0,0.0,0.0,7.0,6.645189817831717,0.3340070533518153,6.881490896554751,True
E 155 ST,36,7,7.0,2,2.0,1.0,6,1586.262775310117,1.0,25.0,0.0,0.0,5.0,6.645189817831717,0.3340070533518153,6.881490896554751,True
ELSMERE PL,20,8,6.0,4,4.0,0.75,7,1737.5396672906745,1.25,25.0,0.0,0.0,4.0,8.872304875156729,0.3047017109066155,6.875196209705669,True
NEILSON ST,24,7,7.0,0,0.0,1.0,7,2646.2118331453576,1.0,25.0,0.0,0.0,6.0,6.637144845209803,0.3694085652220181,6.86595819788554,True
PEARSALL AVE,17,3,3.0,3,2.0,1.0,11,5237.4781318405785,1.9090909090909092,24.09090909090909,0.0,0.0,11.0,18.43850733382679,0.24889222547991585,6.842524448404152,True
179 PL,26,6,5.0,3,3.0,0.8333333333333334,8,3151.6191719306553,1.4285714285714286,25.0,0.0,0.0,7.0,11.672617486051463,0.2757209680097959,6.839780552413201,True
W 1 ST,30,3,3.0,0,0.0,1.0,13,5841.55696077854,1.0714285714285714,25.0,0.0,0.0,14.0,14.591452460055303,0.33104339277002015,6.837273749509103,True
E 207 ST,36,6,6.0,6,6.0,1.0,7,1628.5463660350042,2.0,20.0,0.0,0.0,4.0,8.53340921131598,0.31301486200759354,6.792994734688838,True
SEABURY AVE,14,5,5.0,3,3.0,1.0,6,2235.116797010542,2.0,25.0,0.0,0.0,8.0,14.643188327594451,0.18539736660450043,6.787821721607267,True
SHORE AVE,13,5,5.0,6,4.0,1.0,7,2763.1147290197096,2.0,25.0,0.0,0.0,7.0,12.544376722104767,0.23661185998865472,6.785089008672319,True
BENEDICT AVE,25,4,4.0,3,2.0,1.0,10,4241.8545800360025,1.5714285714285714,22.857142857142858,0.0,0.0,7.0,13.571073903565809,0.2904213183875663,6.779643901458413,True
CANNON PL,21,4,4.0,1,1.0,1.0,8,2245.9098820928307,2.25,25.0,0.0,0.0,4.0,18.060785764799054,0.19745381510654214,6.776355792655332,True
DRAKE ST,17,4,4.0,9,6.0,1.0,8,3828.752059007875,1.7142857142857142,25.0,0.0,0.0,7.0,17.994957904957676,0.19803308489954197,6.771464686957999,True
WOOSTER ST,32,5,5.0,0,0.0,1.0,10,2491.4698671249243,1.1666666666666667,25.0,0.0,0.0,6.0,9.919019213331277,0.3589666180998329,6.765763691377629,True
BAY VIEW AVE,28,2,2.0,5,5.0,1.0,12,6205.449844032226,1.8181818181818181,25.0,0.0,0.0,11.0,23.738353855688104,0.21922839573054684,6.76566444160545,True
BAY 29 ST,38,7,7.0,4,3.0,1.0,6,2142.6886422146044,1.0,25.0,0.0,0.0,3.0,6.294727008845527,0.3461657862459302,6.7558586204989926,True
DEERFIELD RD,17,6,6.0,1,1.0,1.0,6,1657.4881448305628,1.6666666666666667,25.0,0.0,0.0,6.0,8.726096322339762,0.2763695678569053,6.753410062541339,True
HUNT AVE,21,5,5.0,5,5.0,1.0,9,2877.2010825929137,1.125,25.0,0.0,0.0,8.0,10.282152347652364,0.3271357860553472,6.727981060313353,True
LAWTON AVE,24,11,3.0,1,0.0,0.2727272727272727,9,4051.532237764017,2.375,25.0,0.0,0.0,16.0,26.27290813657808,0.15985640188991693,6.720323356227944,True
GLENWOOD ST,17,5,5.0,3,3.0,1.0,9,4109.371981089573,1.3846153846153846,25.0,0.0,0.0,13.0,10.238929535163377,0.3280637147778153,6.718702684764911,True
SIGNS RD,19,4,4.0,5,4.0,1.0,7,2975.9163189737314,2.0,25.0,0.0,0.0,7.0,22.276124726239168,0.1486044818400106,6.715914044986177,True
CENTER BLVD,63,13,3.0,5,3.0,0.23076923076923078,9,3844.0361351711035,2.0,25.0,0.0,0.0,23.0,26.148986315315973,0.16049238795729548,6.715236092535815,True
HERMANY AVE,23,6,6.0,2,1.0,1.0,7,3439.9367995164876,1.0,25.0,0.0,0.0,4.0,8.216882455803024,0.32119970462249553,6.712061989986724,True
QUENCER RD,11,6,6.0,2,2.0,1.0,5,1985.7330659677677,2.0,25.0,0.0,0.0,6.0,8.960269087217691,0.23661185998865478,6.700434774793495,True
ECHO PL,16,7,7.0,4,4.0,1.0,4,1547.866197234422,1.5,25.0,0.0,0.0,4.0,5.8704354298290395,0.2745581916682053,6.689868794241388,True
CASANOVA ST,26,4,4.0,0,0.0,1.0,8,2863.2244295278765,2.0,25.0,0.0,0.0,5.0,16.87628444772429,0.20842407253935616,6.683727643769871,True
PIERREPONT ST,43,7,7.0,1,1.0,1.0,7,2116.1114835593735,1.3333333333333333,21.11111111111111,0.0,0.0,9.0,6.14403013118132,0.38756625930190375,6.668254959866802,True
HUNTINGTON AVE,20,3,3.0,1,0.0,1.0,10,3122.8764288269667,2.0,25.0,0.0,0.0,6.0,19.593796388260337,0.2208687137991226,6.665050465319586,True
GELSTON AVE,17,5,5.0,3,3.0,1.0,9,2137.3936171084115,1.0,25.0,0.0,0.0,4.0,9.967784726747576,0.33400705335181524,6.659275138267111,True
BAY 11 ST,18,5,5.0,2,2.0,1.0,9,3174.636225815999,1.0,25.0,0.0,0.0,4.0,9.967784726747576,0.33400705335181524,6.659275138267111,True
REEVES AVE,22,4,4.0,4,4.0,1.0,8,2837.521488616928,1.9230769230769231,25.0,0.0,0.0,13.0,16.457969253402883,0.21259538981215942,6.648506829695083,True
BAY 37 ST,24,4,4.0,2,1.0,1.0,9,2781.0826807095036,1.3333333333333333,25.0,0.0,0.0,6.0,14.129328422262173,0.26134081489569067,6.647206944220078,True
CARMINE ST,20,5,5.0,6,6.0,1.0,6,1051.1436008557268,2.0,25.0,0.0,0.0,3.0,13.067541431675764,0.2032093709076023,6.639400019101849,True
BAY 50 ST,27,5,5.0,5,5.0,1.0,8,1646.4687799844417,1.1666666666666667,25.0,0.0,0.0,6.0,10.517419890301737,0.29701048011715475,6.638731530626458,True
GANSEVOORT BLVD,13,3,3.0,1,1.0,1.0,10,5045.540075855053,1.8461538461538463,25.0,0.0,0.0,13.0,18.990994055896966,0.22629294242971146,6.61864909728495,True
WATERBURY ST,49,6,6.0,4,4.0,1.0,6,1457.5280992248126,1.3333333333333333,25.0,0.0,0.0,6.0,8.114244963957681,0.29114184255215037,6.615545174413244,True
BAY 31 ST,17,5,5.0,1,1.0,1.0,9,2794.32925269395,1.0,25.0,0.0,0.0,4.0,9.77011316178389,0.33847743812873726,6.614575682584782,True
DONGAN AVE,18,8,5.0,5,4.0,0.625,8,2836.6051990801443,1.125,25.0,0.0,0.0,8.0,10.383972800226942,0.2996835583083367,6.61348812660731,True
122 PL,21,3,3.0,3,3.0,1.0,10,3804.282975929672,2.0,25.0,0.0,0.0,6.0,18.873747646032236,0.22737906512935419,6.609357899854096,True
POYER ST,10,7,7.0,2,2.0,1.0,4,1115.1663096867778,1.4,25.0,0.0,0.0,5.0,5.595873221080228,0.28420088721490494,6.600945923668794,True
ELM PL,21,6,6.0,0,0.0,1.0,5,2100.407142386196,1.2222222222222223,25.0,1.0,0.75,9.0,8.423021257798966,0.24796153269738092,6.600816064842168,True
MAIN AVE,17,7,7.0,1,1.0,1.0,3,701.1321136206711,1.5,25.0,0.0,0.0,2.0,5.290748803793017,0.23951676010038556,6.590605691286795,True
S 8 ST,40,5,5.0,4,3.0,1.0,9,2445.3683171593116,1.0,25.0,0.0,0.0,6.0,9.638687964118656,0.34151647073363317,6.5841883423403855,True
RIEDEL AVE,13,6,5.0,2,1.0,0.8333333333333334,7,4535.657202576388,2.0,25.0,0.0,0.0,15.0,11.0966738707146,0.25947127061007375,6.581911715729554,True
DICKENS ST,39,3,3.0,9,8.0,1.0,10,3247.5362218047235,1.8333333333333333,25.0,0.0,0.0,12.0,18.3319400829112,0.23253663079905965,6.565237690493225,True
1 PL,25,4,4.0,1,1.0,1.0,8,2189.9012660875396,1.2,25.0,1.0,0.75,5.0,15.446762471220561,0.22340354941424595,6.557247365372458,True
37 RD,21,7,7.0,5,3.0,1.0,5,2705.87219765216,1.3333333333333333,22.77777777777778,0.0,0.0,9.0,5.603572024621837,0.3313801349121221,6.537251509124122,True
53 RD,17,3,3.0,1,1.0,1.0,10,2937.632456611682,2.0,25.0,0.0,0.0,7.0,17.920538174435382,0.23661185998865478,6.530376289484883,True
ALMEDA AVE,32,3,3.0,2,1.0,1.0,8,5526.442578758354,2.0,25.0,1.0,0.75,16.0,31.649608180632843,0.12311387386319521,6.527164247780397,True
LOMBARDY ST,28,4,4.0,6,2.0,1.0,11,3825.631875513011,1.0,25.0,0.0,0.0,7.0,11.084875125663435,0.3553350708415744,6.517504604681325,True
146 RD,14,5,5.0,0,0.0,1.0,6,2150.479569495063,2.0,25.0,0.0,0.0,11.0,11.927180467325982,0.2183950968733813,6.512862249221053,True
W 193 ST,33,6,6.0,1,1.0,1.0,6,995.5135144396918,1.3333333333333333,25.0,0.0,0.0,3.0,7.686305181825386,0.30244879989430595,6.510020978498638,True
MELBOURNE AVE,43,4,4.0,1,0.0,1.0,6,2997.1912106013083,2.75,25.0,0.0,0.0,8.0,26.13172208793202,0.1131086427836319,6.503289047830519,True
NORMAN ST,41,5,5.0,4,4.0,1.0,10,2449.0796055675205,1.0,25.0,0.0,0.0,4.0,8.912301046602863,0.38394650938104513,6.502114330490979,True
CORSON AVE,21,7,7.0,2,2.0,1.0,8,2629.657508247192,1.0,20.714285714285715,0.0,0.0,14.0,5.826900993318023,0.43265500099625803,6.492452848095301,True
FREEDOM DR,4,8,8.0,0,0.0,1.0,2,1585.7291631608896,2.0,25.0,0.0,0.0,1.0,2.7471731655618834,0.2879403298010295,6.487499308904191,True
PURDY AVE,10,4,4.0,9,9.0,1.0,8,4326.814356675712,2.0,25.0,0.0,0.0,17.0,14.705705800889119,0.2320490294037112,6.484248640178,True
W 246 ST,29,9,3.0,6,0.0,0.3333333333333333,9,6154.914309415284,1.8421052631578947,22.63157894736842,1.0,0.75,19.0,21.39270544294581,0.1894161106041459,6.4838747284905,True
GARRETSON AVE,17,5,5.0,6,5.0,1.0,8,4315.2953475406775,1.0833333333333333,25.0,0.0,0.0,12.0,9.677462212952909,0.3146774756598917,6.471892001666552,True
BRITTON ST,14,7,7.0,3,2.0,1.0,3,1393.9238734628782,1.75,25.0,0.0,0.0,4.0,4.900162274137687,0.2537636190853374,6.467137579193254,True
NORTON AVE,10,4,4.0,0,0.0,1.0,8,4081.8918278729816,2.0,25.0,0.0,0.0,17.0,14.470537468593543,0.23493420810445537,6.459887428612053,True
MAINE AVE,6,8,8.0,4,2.0,1.0,3,5070.029268564061,1.3,25.0,0.0,0.0,20.0,3.345981143108163,0.332448659897062,6.452777667890653,True
SECOR AVE,25,5,4.0,2,2.0,0.8,8,2869.5446243379292,2.0,25.0,0.0,0.0,6.0,14.336430539548305,0.23661185998865475,6.445722055606058,True
ENGERT AVE,18,6,6.0,2,1.0,1.0,6,2058.9173128667267,1.1,25.0,0.0,0.0,10.0,7.382718985214194,0.31101771040834403,6.430050092919467,True
MCBRIDE ST,30,5,5.0,3,3.0,1.0,9,2637.086038200152,1.1428571428571428,25.0,0.0,0.0,7.0,8.980320391940294,0.35760044918782347,6.423364360069302,True
E 131 ST,41,6,5.0,12,12.0,0.8333333333333334,6,1528.6013463061174,1.6,25.0,0.0,0.0,5.0,11.141809291800465,0.23024499569437454,6.414120853946267,True
WHITEHALL ST,22,6,6.0,4,4.0,1.0,5,2137.6026560741666,1.7142857142857142,25.0,0.0,0.0,7.0,7.460479362460521,0.2712746889592621,6.396191084782899,True
111 RD,13,4,4.0,6,4.0,1.0,8,4455.568477678452,1.9090909090909092,25.0,0.0,0.0,11.0,13.880800414060912,0.24249514451128923,6.396046124294908,True
CROOKE AVE,17,6,6.0,1,1.0,1.0,4,1137.7090696812966,1.0,25.0,1.0,0.75,3.0,7.647993022090556,0.22510997011462802,6.370979659951921,True
STUYVESANT PL,28,6,6.0,6,4.0,1.0,6,1838.0275105698033,1.375,25.0,0.0,0.0,8.0,7.150211441626734,0.3179159956468208,6.365670615669128,True
WOODVALE AVE,11,4,4.0,0,0.0,1.0,8,4678.218881692299,2.0,25.0,0.0,0.0,16.0,13.592099873941038,0.24637681208017645,6.3632709880962555,True
144 RD,23,5,5.0,1,1.0,1.0,6,2739.865556727257,2.0,25.0,0.0,0.0,6.0,10.752322904661229,0.23661185998865475,6.361067821727234,True
HARROW ST,13,8,7.0,0,0.0,0.875,4,3712.2177731854354,1.1666666666666667,25.0,0.0,0.0,6.0,4.930546004871232,0.3106379425112709,6.35714906883147,True
BAXTER ST,65,7,6.0,8,7.0,0.8571428571428571,7,2045.5828868467156,1.0,25.0,0.0,0.0,8.0,6.951214358328153,0.35870496353231596,6.341205311715516,True
W 228 ST,27,5,5.0,8,8.0,1.0,5,981.5013362385488,1.875,25.0,0.0,0.0,8.0,12.251528978455863,0.1847944727708375,6.340042474356201,True
AMITY PL,19,5,5.0,6,6.0,1.0,5,1409.949526835422,2.0,25.0,0.0,0.0,4.0,12.249432859837059,0.18482025035620725,6.3398419960956005,True
OCEAN CREST BLVD,14,3,3.0,2,2.0,1.0,9,3004.6613698125757,1.8333333333333333,25.0,0.0,0.0,12.0,19.024201140831863,0.2080910799863387,6.334493321314023,True
STAFFORD AVE,12,3,3.0,3,1.0,1.0,9,8648.639572536618,2.0,25.0,0.0,0.0,11.0,18.842396814019338,0.2096778926724837,6.321800378844845,True
BEVERLY RD,25,6,4.0,4,0.0,0.6666666666666666,8,5999.336733437432,2.0,25.0,0.0,0.0,11.0,13.102667223505282,0.2532492170796012,6.30524334768886,True
HEALY AVE,21,3,3.0,1,1.0,1.0,9,3185.9269642174786,2.0,25.0,0.0,0.0,9.0,18.504456582057152,0.21269270637173016,6.297684831260721,True
S ELLIOTT PL,26,5,5.0,1,1.0,1.0,7,2120.070958201654,1.25,25.0,0.0,0.0,4.0,9.412541924231352,0.29232555282512374,6.2898987573649645,True
CONSELYEA ST,30,5,5.0,5,5.0,1.0,8,2925.531752467015,1.0,25.0,0.0,0.0,7.0,8.86025309044229,0.33400705335181524,6.2893517599308675,True
BAY 34 ST,13,6,6.0,1,0.0,1.0,5,2360.7440132678294,1.25,25.0,0.0,0.0,4.0,6.982507834162718,0.2845600408746237,6.279582469448981,True
BARTHOLDI ST,18,6,6.0,2,2.0,1.0,4,1610.8302804029777,2.0,25.0,0.0,0.0,5.0,7.168215269774152,0.23661185998865475,6.276413587848411,True
WOODSTOCK AVE,17,6,6.0,0,0.0,1.0,4,786.5082130535199,2.0,25.0,0.0,0.0,3.0,7.168215269774152,0.23661185998865475,6.27641358784841,True
E 206 ST,30,4,4.0,2,2.0,1.0,9,1887.4572825483751,1.4,24.0,0.0,0.0,5.0,11.479006208134713,0.30337482205713623,6.268942177557086,True
SACKET AVE,26,4,4.0,8,7.0,1.0,9,4314.168761720141,1.0714285714285714,25.0,0.0,0.0,14.0,11.47336848269431,0.30347865303538973,6.268007800765203,True
EMERSON PL,28,5,5.0,1,1.0,1.0,7,2296.974779669108,1.2,25.0,0.0,0.0,5.0,9.219915766716348,0.2966213549308792,6.251717132417584,True
MC KEEVER PL,22,5,5.0,6,5.0,1.0,5,1030.9894499223149,2.0,25.0,0.0,0.0,3.0,11.381107416016736,0.19615520438849451,6.251687429413701,True
MAGUIRE AVE,18,3,3.0,5,4.0,1.0,8,6439.675671856103,2.3076923076923075,25.0,0.0,0.0,26.0,23.20700549889517,0.1607044650397252,6.247356008754734,True
240 ST,18,3,3.0,2,2.0,1.0,10,4614.332646411346,1.8181818181818181,25.0,0.0,0.0,11.0,14.97209973212005,0.2705988203109092,6.239636064156238,True
BAYSWATER AVE,16,4,4.0,2,2.0,1.0,7,2276.5344760847524,2.0,25.0,0.0,0.0,9.0,14.67584490815554,0.20944468283112708,6.235998950742941,True
ROBINSON ST,25,5,4.0,3,3.0,0.8,10,3726.084488161648,1.0,25.0,0.0,0.0,8.0,10.418559409071834,0.34774029912813104,6.231991768882319,True
SPENCER ST,64,6,5.0,3,3.0,0.8333333333333334,9,3608.9179061648133,1.0,25.0,0.0,0.0,5.0,8.251019176510237,0.37728329598341714,6.226555230219077,True
BARNARD AVE,9,4,4.0,0,0.0,1.0,7,1756.3437730653957,2.0,25.0,0.0,0.0,2.0,14.562342263224716,0.2107331339837159,6.225835487337998,True
YUKON AVE,17,9,6.0,2,0.0,0.6666666666666666,3,2253.2361275736544,1.8333333333333333,25.0,0.0,0.0,6.0,7.201637514352033,0.18790522693176878,6.225793969824046,True
CLOSE AVE,26,4,4.0,1,1.0,1.0,8,2547.123673020843,1.4,25.0,0.0,0.0,5.0,12.447503581627393,0.263072137305436,6.2223028221140435,True
DUPONT ST,24,2,2.0,1,1.0,1.0,12,3586.1337747659773,1.2,25.0,0.0,0.0,5.0,16.7762401925331,0.2843388494743805,6.20145913590196,True
MANHATTAN COLLEGE PKWY,25,3,3.0,6,4.0,1.0,8,5785.985145986611,1.6666666666666667,25.0,1.0,0.75,33.0,21.59733010161728,0.17063814672621172,6.173413942595563,True
DOVER ST,30,5,5.0,2,0.0,1.0,7,3340.705769278857,1.2857142857142858,25.0,0.0,0.0,7.0,8.813059366544588,0.3061230120778394,6.1672652185182475,True
MC KIBBIN ST,34,5,5.0,0,0.0,1.0,8,2442.541010343292,1.0,25.0,0.0,0.0,7.0,8.359748918501774,0.3470639732055518,6.1660478086282815,True
CHARLTON ST,34,5,5.0,4,4.0,1.0,7,1508.3132910559812,1.0,25.0,0.0,0.0,3.0,8.789959019644915,0.30668078941316324,6.162307623988241,True
KENSINGTON AVE,11,3,3.0,1,1.0,1.0,9,2816.8779834585966,2.0,25.0,0.0,0.0,4.0,16.77123205094887,0.22962610050476362,6.162234315005609,True
OCCIDENT AVE,11,6,6.0,0,0.0,1.0,4,785.1399073357417,2.0,25.0,0.0,0.0,3.0,6.60239639267876,0.2517837430721895,6.151673618561843,True
LAMOKA AVE,10,3,3.0,5,3.0,1.0,8,6205.684641904278,1.95,25.0,0.0,0.0,20.0,21.095510589920867,0.17399102966950744,6.148456519935808,True
N END AVE,35,6,5.0,4,4.0,0.8333333333333334,5,2424.6293638583834,1.8461538461538463,25.0,0.0,0.0,13.0,10.479403607547383,0.2094974958051071,6.147921334286646,True
ELMWOOD AVE,17,5,5.0,0,0.0,1.0,7,3508.6922570282427,1.3,25.0,0.0,0.0,10.0,8.713516233105574,0.3085411450749791,6.1457725508169165,True
3 AVE BRIDGE,16,8,5.0,0,0.0,0.625,3,2870.655216710788,2.9583333333333335,25.0,1.0,0.75,24.0,19.659910456210447,0.07813559349068067,6.145460804016238,True
PENTON ST,5,6,6.0,0,0.0,1.0,3,814.3382129449898,2.0,25.0,0.0,0.0,2.0,6.6809557477984125,0.1996262487056767,6.135936641467566,True
KEESEVILLE AVE,10,6,6.0,0,0.0,1.0,4,1542.5277312273865,1.75,25.0,0.0,0.0,4.0,6.533549698850249,0.2537636190853374,6.1353955025421305,True
WEED AVE,9,4,4.0,1,0.0,1.0,7,3159.6588845396277,2.0,25.0,0.0,0.0,6.0,13.547309173516723,0.22300131757061323,6.129062524948232,True
CLEVELAND AVE,16,5,5.0,2,1.0,1.0,5,3258.0342954324674,2.0,25.0,0.0,0.0,13.0,10.317589021567198,0.2120862864891718,6.127787708659775,True
CAMBRELENG AVE,41,3,3.0,10,10.0,1.0,10,2896.92804244633,1.2857142857142858,25.0,0.0,0.0,7.0,13.938285219120218,0.2849502586766316,6.116867202667082,True
QUARRY RD,19,6,6.0,4,4.0,1.0,3,1262.4600005969141,1.8,25.0,0.0,0.0,5.0,6.5400010613014485,0.20305509207608222,6.109649965223748,True
FABER ST,7,5,5.0,4,4.0,1.0,5,1808.280279930467,2.0,25.0,0.0,0.0,6.0,10.15906460041932,0.21468524173584025,6.107575030871838,True
ELTINGVILLE BLVD,15,3,3.0,1,1.0,1.0,9,5308.558049742593,1.75,25.0,0.0,0.0,8.0,16.023728012168128,0.2377908969304546,6.096923965391746,True
PAGE PL,23,5,5.0,2,0.0,1.0,4,1607.8036348716098,2.0,25.0,0.0,0.0,1.0,11.930213575806814,0.1569944670344263,6.0880051867685365,True
ROME AVE,6,6,6.0,0,0.0,1.0,3,2109.4991793282206,2.0,25.0,0.0,0.0,7.0,6.366210718441154,0.20744834385223185,6.075969807041552,True
W 216 ST,16,8,8.0,2,2.0,1.0,2,1189.9857356876646,1.0,25.0,0.0,0.0,3.0,2.2150632726105726,0.33400705335181524,6.0677903298579645,True
W 213 ST,12,8,8.0,1,1.0,1.0,2,464.17979553993905,1.0,25.0,0.0,0.0,1.0,2.2150632726105726,0.33400705335181524,6.067790329857964,True
EDGEGROVE AVE,14,2,2.0,2,0.0,1.0,11,9889.146972933377,1.75,25.0,0.0,0.0,16.0,18.05651789340356,0.25282636920989365,6.059511121142911,True
LAUREL AVE,18,4,4.0,0,0.0,1.0,8,2908.4967976965504,1.5,25.0,0.0,0.0,6.0,11.275959051324516,0.2826783672685853,6.056756224941499,True
BAY 46 ST,13,5,5.0,2,0.0,1.0,6,2715.020161333396,1.2,25.0,0.0,0.0,5.0,8.755125755367736,0.27570585327354075,6.03531015053311,True
POPLAR AVE,11,5,5.0,1,0.0,1.0,7,4787.193287895439,1.3333333333333333,25.0,0.0,0.0,15.0,8.17783166070735,0.3222392495570177,6.024022089564868,True
AMUNDSON AVE,12,4,4.0,0,0.0,1.0,7,2535.2830206915723,2.0,25.0,0.0,0.0,5.0,12.544376722104767,0.23661185998865472,6.021700868660973,True
JUDGE ST,34,4,4.0,5,5.0,1.0,11,2696.2249416890963,1.1428571428571428,20.714285714285715,0.0,0.0,7.0,8.994064078200719,0.4045233489243427,6.020215525656516,True
STEENWICK AVE,21,6,5.0,1,1.0,0.8333333333333334,4,1007.0033265092458,2.0,25.0,0.0,0.0,4.0,11.008847330023201,0.16792738338690633,6.009050009302195,True
212 PL,24,4,2.0,9,9.0,0.5,12,4582.861218629012,1.2222222222222223,25.0,0.0,0.0,9.0,14.873434231036931,0.30945825659146586,5.983790513481587,True
ELLIOT PL,36,8,7.0,1,1.0,0.875,4,1152.1564030111738,1.0,25.0,0.0,0.0,2.0,4.080437099121894,0.35253999764112304,5.970737301811322,True
ATTORNEY ST,40,4,4.0,1,1.0,1.0,6,1510.8956195631656,1.6,25.0,1.0,0.75,5.0,14.394464936654764,0.18799861266909143,5.95414498752861,True
SLATER BLVD,14,4,4.0,5,5.0,1.0,7,4570.169901334566,2.0,20.714285714285715,0.0,0.0,7.0,11.893053201706751,0.24637734582540324,5.94466949829521,True
EGBERT AVE,14,5,5.0,0,0.0,1.0,5,2712.364620734128,2.0,25.0,0.0,0.0,10.0,8.960269087217691,0.23661185998865478,5.937046634782149,True
EAGLE ST,19,4,3.0,5,4.0,0.75,10,2996.671275816711,1.2,25.0,0.0,0.0,5.0,12.569818066755435,0.3064653217096046,5.93281737253059,True
ALBION AVE,15,5,5.0,2,2.0,1.0,4,949.7243896578194,2.0,25.0,0.0,0.0,3.0,10.099735528590365,0.18031747426097205,5.919571429914358,True
LORILLARD PL,31,5,5.0,1,1.0,1.0,7,1845.1411598483608,1.0,25.0,0.0,0.0,4.0,7.752721454137004,0.33400705335181524,5.919428381594624,True
CITY BLVD,6,6,6.0,0,0.0,1.0,3,2629.562943621191,2.0,25.0,0.0,0.0,10.0,5.633421203929314,0.2282731330723511,5.916319909703054,True
E 243 ST,15,7,7.0,0,0.0,1.0,5,1024.4313824253845,1.0,25.0,0.0,0.0,3.0,4.2445449484451485,0.3955169740904534,5.910170755766771,True
KISWICK ST,5,6,6.0,0,0.0,1.0,4,2375.22952667819,1.2,25.0,0.0,0.0,5.0,5.673449252514106,0.28140842093901663,5.908105869793539,True
CLARKSON ST,27,5,5.0,6,4.0,1.0,6,1551.8235829842267,1.2,24.0,0.0,0.0,5.0,8.094125802269794,0.29165445567913206,5.9024155766637545,True
GLASSBORO AVE,16,4,4.0,5,5.0,1.0,7,2683.8441974062143,2.0,25.0,0.0,0.0,5.0,11.55419368718783,0.2517837430721895,5.902023162452457,True
SCHENCK ST,16,5,5.0,5,5.0,1.0,4,1828.6199001320892,2.0,25.0,0.0,0.0,7.0,9.756781613995713,0.1854800769962025,5.8822882200180455,True
MORTON ST,22,4,4.0,4,4.0,1.0,8,3281.01184080437,1.3333333333333333,23.88888888888889,0.0,0.0,9.0,10.10864690408643,0.305353528624138,5.865296887281708,True
126 AVE,14,5,5.0,1,1.0,1.0,4,2138.791220288879,2.3333333333333335,25.0,0.0,0.0,6.0,9.586840153625706,0.1881493761943482,5.863011113607865,True
VINCENT AVE,13,2,2.0,0,0.0,1.0,10,5959.222091895317,1.8181818181818181,25.0,0.0,0.0,11.0,19.1614975132114,0.2247318569272403,5.856735203796215,True
IONIA AVE,8,4,4.0,0,0.0,1.0,7,9459.216933656351,1.6666666666666667,25.0,0.0,0.0,18.0,11.199417350569469,0.2577043173770099,5.855320933840706,True
146 DR,11,6,6.0,0,0.0,1.0,3,1267.0852819834572,2.0,25.0,0.0,0.0,3.0,5.3761614523306145,0.23661185998865475,5.852392400903326,True
OXFORD PL,10,6,6.0,0,0.0,1.0,5,1683.5199016854813,1.0,25.0,0.0,0.0,2.0,5.537658181526432,0.33400705335181524,5.845574571570324,True
W BRIGHTON AVE,23,8,6.0,3,3.0,0.75,5,2409.0619589603743,1.0,25.0,0.0,0.0,12.0,5.537658181526432,0.33400705335181524,5.845574571570323,True
FURMANVILLE AVE,16,3,3.0,0,0.0,1.0,8,4059.223420434021,2.0,25.0,0.0,0.0,16.0,16.133502769303103,0.21594766813049387,5.836149297416388,True
BLACKROCK AVE,23,3,3.0,2,1.0,1.0,9,3743.161882839196,1.3333333333333333,25.0,0.0,0.0,6.0,13.144477522268847,0.27552671106559534,5.795074527189595,True
153 PL,7,7,7.0,1,1.0,1.0,1,815.145465603979,2.0,25.0,0.0,0.0,2.0,1.8277058895388911,0.2330721352461485,5.794482367553751,True
SELFRIDGE ST,19,4,4.0,1,1.0,1.0,7,3051.5639460377797,1.6363636363636365,25.0,0.0,0.0,11.0,10.755525386348888,0.2655160907183942,5.793700691332226,True
ANDERSON ST,9,5,5.0,0,0.0,1.0,5,2523.6490034795384,1.8,24.0,0.0,0.0,10.0,8.077937586512343,0.25584418029051564,5.787472418806619,True
WINDSOR RD,8,6,5.0,2,1.0,0.8333333333333334,4,2572.8621291806544,2.0,25.0,0.0,0.0,7.0,8.90794099706455,0.1996262487056767,5.780127601407118,True
TYSEN ST,7,7,7.0,0,0.0,1.0,3,1675.5452563408367,1.0,25.0,0.0,0.0,4.0,3.3225949089158586,0.3340070533518153,5.771720761546023,True
CHESTNUT AVE,22,5,3.0,3,1.0,0.6,12,3674.9540918493585,1.1111111111111112,22.77777777777778,0.0,0.0,9.0,9.818052402944346,0.4043676068627813,5.756999533643642,True
OTTO RD,35,2,2.0,0,0.0,1.0,10,3266.2940991505984,1.9166666666666667,25.0,0.0,0.0,12.0,17.629412480945195,0.2395830538770062,5.744542372488246,True
PRESTON AVE,8,4,4.0,1,1.0,1.0,5,4480.279983273486,2.0,25.0,0.0,0.0,12.0,15.364612019219779,0.15308432577027214,5.739743968602991,True
34 RD,15,5,5.0,1,1.0,1.0,5,2732.377851552544,1.6666666666666667,24.444444444444443,0.0,0.0,9.0,7.7652914792494,0.2634314232831717,5.728464670171497,True
ILION AVE,12,5,5.0,0,0.0,1.0,4,2085.6414439291225,2.0,25.0,0.0,0.0,4.0,8.467384010569347,0.2078538980059287,5.72070928248027,True
GRAYSON ST,7,5,5.0,0,0.0,1.0,4,3321.036647026903,2.0,25.0,0.0,0.0,9.0,8.451136563757839,0.20817031511387557,5.718424185978487,True
NEWEL ST,39,3,3.0,0,0.0,1.0,11,3048.8009238481504,1.0,25.0,0.0,0.0,5.0,10.272649129048357,0.37295212166744846,5.712349922821505,True
23 RD,13,4,4.0,1,1.0,1.0,7,2987.3164367098166,1.4545454545454546,25.0,0.0,0.0,11.0,10.201551311114319,0.2759555806220265,5.711352692815841,True
ASTOR PL,12,7,5.0,2,2.0,0.7142857142857143,3,831.9216678178536,1.6666666666666667,25.0,1.0,0.75,3.0,9.938535422169057,0.14358958885209494,5.709122270800762,True
KANE ST,22,4,4.0,4,4.0,1.0,7,2109.507815860014,1.2727272727272727,25.0,0.0,0.0,11.0,10.167258636836655,0.2766288639179621,5.706041750196363,True
CONSTANT AVE,4,5,5.0,1,1.0,1.0,4,2250.780436019063,2.0,25.0,0.0,0.0,6.0,8.321338436128409,0.2107331339837159,5.699916057665913,True
BLONDELL AVE,40,4,2.0,7,6.0,0.5,11,2568.2427054473706,1.1,25.0,0.0,0.0,10.0,14.424154192787809,0.2975499711341019,5.696806721429644,True
PENNYFIELD AVE,17,5,3.0,6,5.0,0.6,8,5780.9500418380985,1.9393939393939394,25.0,0.0,0.0,33.0,14.321061479052926,0.23680565552235716,5.680891384756034,True
N 3 ST,59,4,4.0,2,2.0,1.0,8,2158.0779873037127,1.1666666666666667,25.0,0.0,0.0,6.0,9.082712483193644,0.3285138219203567,5.6697413035762505,True
WORTHEN ST,13,4,4.0,0,0.0,1.0,5,2172.0949999553877,2.0,25.0,0.0,0.0,5.0,14.143301997447573,0.16413382466851614,5.66485895160887,True
BOARDWALK,5,8,5.0,2,1.0,0.625,3,25123.196986045044,2.0,25.0,1.0,0.75,36.0,9.281189792966575,0.15221144214304433,5.651646072475524,True
DARTMOUTH ST,14,3,3.0,1,1.0,1.0,9,3884.935571954457,1.3333333333333333,25.0,0.0,0.0,9.0,11.95677704124075,0.29482649711732895,5.640695200529924,True
MAHAN AVE,16,5,5.0,5,5.0,1.0,5,1835.8216430726263,1.25,25.0,0.0,0.0,4.0,7.243330097116321,0.27715331124824466,5.621746364638634,True
LAMPORT BLVD,14,4,4.0,2,2.0,1.0,5,2968.3631798294723,2.0,25.0,0.0,0.0,4.0,13.380517435725846,0.17188235105693966,5.612345390983174,True
PENFIELD ST,13,5,5.0,4,4.0,1.0,4,1212.5354054652175,2.0,25.0,0.0,0.0,3.0,7.741319527723842,0.22300131757061326,5.611317866564468,True
THATFORD AVE,29,2,2.0,1,1.0,1.0,11,2782.6619558836,1.2857142857142858,25.0,0.0,0.0,7.0,13.685832868682079,0.30864768476118143,5.6068052594248385,True
NEWHALL AVE,14,4,4.0,0,0.0,1.0,6,1580.7087200635008,2.0,25.0,0.0,0.0,5.0,10.752322904661229,0.23661185998865475,5.597679681715889,True
BAY AVE,15,4,4.0,0,0.0,1.0,8,2066.0076999786234,1.0,25.0,0.0,0.0,5.0,8.719641275800145,0.3375749770810444,5.593232795508985,True
83 PL,14,3,3.0,1,1.0,1.0,9,3555.0139488502646,1.1428571428571428,25.0,0.0,0.0,7.0,11.559482630958323,0.301900381725041,5.584111073655176,True
WINDERMERE RD,10,5,4.0,2,0.0,0.8,6,2270.919178465561,1.8571428571428572,25.0,0.0,0.0,7.0,10.620109039830126,0.23885394736626553,5.581239176158523,True
HUNGRY HARBOR RD,10,6,6.0,0,0.0,1.0,2,434.98036342213254,2.0,25.0,0.0,0.0,2.0,4.015243094480552,0.21671153633783166,5.56988028174776,True
N 9 ST,31,2,2.0,5,5.0,1.0,11,3435.7419467582768,1.1428571428571428,25.0,0.0,0.0,7.0,13.366283426864335,0.3137117232888264,5.565736361230838,True
66 PL,18,5,5.0,4,4.0,1.0,6,2190.644080763284,1.0,25.0,0.0,0.0,4.0,6.645189817831717,0.3340070533518153,5.549505003258382,True
HUBBARD ST,14,5,5.0,1,1.0,1.0,6,2382.8981154425123,1.0,25.0,0.0,0.0,5.0,6.645189817831717,0.3340070533518153,5.549505003258382,True
CLAFLIN AVE,30,5,5.0,2,2.0,1.0,6,1870.4950113728164,1.0,25.0,0.0,0.0,3.0,6.645189817831717,0.3340070533518153,5.549505003258381,True
ROGERS PL,20,5,5.0,0,0.0,1.0,5,2366.710409175389,1.2222222222222223,25.0,0.0,0.0,9.0,6.817555035756926,0.28945217397912876,5.526095256426555,True
79 PL,16,4,4.0,0,0.0,1.0,7,3673.731139812694,1.4166666666666667,25.0,0.0,0.0,12.0,9.094205178173905,0.29949360092644756,5.525681852669457,True
143 RD,15,4,4.0,3,2.0,1.0,6,3065.9316084316547,1.9,25.0,0.0,0.0,10.0,10.17038743764098,0.24680901339661698,5.52290723575905,True
LEBANON ST,13,5,5.0,2,2.0,1.0,5,993.3012130978487,1.3333333333333333,25.0,0.0,0.0,3.0,6.761870803298068,0.29114184255215037,5.512954312011037,True
IRWIN AVE,30,3,2.0,2,1.0,0.6666666666666666,9,3570.4759974025424,2.0,25.0,0.0,0.0,8.0,18.39533439884028,0.2136848044883725,5.503433825537673,True
55 RD,44,4,4.0,3,3.0,1.0,7,1900.299144135816,1.2857142857142858,25.0,0.0,0.0,7.0,8.917149821362175,0.3036346247011988,5.493016940608871,True
LYON AVE,12,6,6.0,1,0.0,1.0,4,1411.2947784765665,1.0,25.0,0.0,0.0,5.0,4.430126545221145,0.33400705335181524,5.47565119323408,True
FINK AVE,13,10,6.0,0,0.0,0.6,3,701.0378360147781,1.3333333333333333,25.0,0.0,0.0,3.0,4.164798533354453,0.2857657040381167,5.475562360832251,True
BAY 19 ST,23,3,3.0,0,0.0,1.0,9,3011.1022643007136,1.0,25.0,0.0,0.0,4.0,10.764716690176865,0.3171214034565709,5.462357854231548,True
LAYTON ST,21,7,7.0,0,0.0,1.0,5,819.8504409431926,1.0,20.0,0.0,0.0,2.0,3.48815419579666,0.4432658876655502,5.443318552255269,True
WALWORTH ST,66,4,4.0,3,3.0,1.0,9,2974.7416217862587,1.0,25.0,0.0,0.0,4.0,7.640180907201268,0.3955169740904534,5.439753337558087,True
GROSVENOR RD,6,6,6.0,0,0.0,1.0,2,395.76116085361207,2.0,25.0,0.0,0.0,3.0,3.584107634887076,0.23661185998865475,5.428371213958242,True
117 RD,10,4,4.0,0,0.0,1.0,6,2417.0928026635956,1.6666666666666667,25.0,0.0,0.0,6.0,9.47391419465162,0.26023146542289194,5.424484712473361,True
BROOKFIELD AVE,7,4,4.0,2,0.0,1.0,5,4205.861620156515,2.0,25.0,0.0,0.0,6.0,11.134926246330688,0.1996262487056767,5.42431856134667,True
SAULL ST,14,5,5.0,2,2.0,1.0,6,1350.7851679614332,1.0,25.0,0.0,0.0,6.0,6.207593142423621,0.34932741151246943,5.421845386603053,True
SCHOOL RD,16,4,3.0,4,4.0,0.75,5,1519.363017208208,3.3333333333333335,30.0,0.0,0.0,3.0,42.065469437600854,0.06193275308049058,5.419432072652385,True
NATIONAL DR,8,5,5.0,0,0.0,1.0,3,4264.79919696121,2.0,25.0,0.0,0.0,13.0,7.228885458138929,0.18732963370351188,5.41753629644025,True
CARLTON BLVD,9,3,3.0,6,4.0,1.0,7,5695.355548678279,1.8636363636363635,25.0,0.0,0.0,22.0,14.308569391887334,0.21367203882696875,5.4163250781808205,True
HAWTREE ST,15,3,3.0,3,2.0,1.0,7,2575.203145491982,2.0,25.0,0.0,0.0,9.0,14.22269044058705,0.21468524173584025,5.409346010163934,True
GROTE ST,14,6,5.0,0,0.0,0.8333333333333334,5,1235.2055255899054,1.2727272727272727,25.0,0.0,0.0,11.0,6.311222589781666,0.305578020959956,5.40068080402347,True
MONTAGUE ST,31,4,4.0,4,4.0,1.0,8,2788.924007701577,1.2857142857142858,22.142857142857142,0.0,0.0,7.0,7.871288878806281,0.36083001537627735,5.396877225665682,True
161 AVE,13,5,4.0,2,1.0,0.8,5,5166.5409728965,1.9047619047619047,25.0,0.0,0.0,21.0,10.764065547204268,0.20509348920900985,5.387265804314574,True
PARKSIDE PL,42,6,6.0,3,3.0,1.0,8,1784.989136368522,1.0,20.0,0.0,0.0,3.0,4.705971433060613,0.48566046842496735,5.371541480024928,True
GARNET ST,15,6,6.0,1,1.0,1.0,3,700.3005705993261,1.5,25.0,0.0,0.0,4.0,3.8832818162387825,0.30026179720220103,5.364430393973278,True
ALCOTT PL,16,5,5.0,0,0.0,1.0,2,540.0883790714684,2.0,25.0,0.0,0.0,5.0,7.863112425511997,0.12379007538929201,5.354424903002149,True
ABINGDON RD,25,2,2.0,9,9.0,1.0,9,2679.428442189941,2.0,25.0,0.0,0.0,7.0,16.128484356991844,0.23661185998865475,5.342966962528452,True
FILLMORE ST,16,2,1.0,0,0.0,0.5,11,4086.492139821413,1.8888888888888888,25.0,0.0,0.0,9.0,18.444972992547683,0.24882668852869783,5.340774861208208,True
WINDSOR PL,24,3,3.0,5,5.0,1.0,9,3875.5366359939508,1.0,25.0,0.0,0.0,7.0,9.967784726747576,0.33400705335181524,5.327289244970741,True
DIVISION PL,16,5,4.0,0,0.0,0.8,6,1675.0010464372847,1.5,25.0,0.0,0.0,4.0,8.805653144743559,0.2745581916682053,5.319431437205415,True
LEWIS ST,7,5,5.0,0,0.0,1.0,3,777.802223036374,2.0,25.0,0.0,0.0,6.0,6.533770715837882,0.2032093709076023,5.311676582281919,True
STARR AVE,27,4,4.0,3,2.0,1.0,6,1968.2326075516298,1.2857142857142858,25.0,0.0,0.0,7.0,8.726651281357157,0.27635684958909185,5.306242457222108,True
AMADOR ST,11,3,3.0,9,9.0,1.0,6,1496.5948813648104,2.0,25.0,0.0,0.0,3.0,16.971962396937087,0.16413382466851614,5.293271626333972,True
ALBERT RD,26,1,1.0,0,0.0,1.0,11,3856.5943672761196,1.631578947368421,25.0,0.0,0.0,19.0,17.760178439698393,0.2559651270487909,5.290021203677805,True
MORRIS ST,23,5,5.0,3,3.0,1.0,5,1191.05644214267,1.5,25.0,0.0,0.0,4.0,5.834614494233418,0.3224897203857594,5.2691545948752365,True
COLLEGE PL,22,5,5.0,0,0.0,1.0,7,2835.5528204669654,1.0,24.545454545454547,0.0,0.0,11.0,5.646442982456457,0.4077924505303293,5.263614567944053,True
87 DR,10,3,3.0,0,0.0,1.0,7,3841.099175994365,1.9166666666666667,25.0,0.0,0.0,12.0,12.58339684015094,0.23605133965867373,5.26217366259833,True
ROYCE PL,7,5,5.0,0,0.0,1.0,3,761.9312838802368,2.0,25.0,0.0,0.0,3.0,6.241003827096307,0.21073313398371588,5.26152062576979,True
171 PL,10,4,4.0,1,1.0,1.0,6,2753.689123436502,1.4,25.0,0.0,0.0,5.0,8.393809831620342,0.28420088721490494,5.248724652400073,True
GANSEVOORT ST,11,4,4.0,6,6.0,1.0,6,1788.581931034771,1.2,25.0,0.0,0.0,10.0,8.38812009626655,0.2843388494743805,5.247713019527838,True
DIX AVE,30,5,5.0,2,2.0,1.0,4,966.0923928761572,1.75,25.0,0.0,0.0,4.0,5.889978462901543,0.27389672027880846,5.243762182107508,True
FAIRMOUNT AVE,7,4,4.0,0,0.0,1.0,5,1565.5734300500267,1.8571428571428572,25.0,0.0,0.0,7.0,9.485530882556253,0.2264768543585153,5.242345778767831,True
GROTON ST,10,3,3.0,1,0.0,1.0,8,4743.493371268619,1.3333333333333333,25.0,0.0,0.0,9.0,10.533078318769375,0.2966999488882078,5.23506395214974,True
POPHAM AVE,30,6,6.0,5,3.0,1.0,5,3230.1904519297373,1.0,25.0,0.0,0.0,15.0,4.1044068897230455,0.40357130274822384,5.234993019004971,True
57 DR,16,4,2.0,4,3.0,0.5,9,3894.4825098381893,1.4545454545454546,25.0,0.0,0.0,11.0,14.818061309218722,0.2522580426303582,5.233459056179441,True
E 154 ST,24,5,5.0,5,5.0,1.0,6,1164.1922268804158,1.0,25.0,0.0,0.0,3.0,5.603263161299104,0.37295212166744846,5.224988275930312,True
HUBERT ST,4,5,5.0,4,1.0,1.0,3,948.2887440323302,1.5,25.0,0.0,0.0,4.0,6.019030005327826,0.2168196651635125,5.220945744546752,True
BRIGHTON 2 ST,27,4,4.0,3,3.0,1.0,5,1488.7212829269065,1.1428571428571428,25.0,1.0,0.75,7.0,9.309320329377883,0.22977867367450838,5.219968583397554,True
CLIFFORD PL,15,3,3.0,0,0.0,1.0,6,1257.412378725773,1.625,25.0,1.0,0.75,8.0,15.592761751862563,0.17609515691359512,5.217524356669757,True
S OAK DR,11,4,4.0,6,6.0,1.0,5,1419.1811609870224,2.0,25.0,0.0,0.0,6.0,9.198074674517581,0.23191322269455844,5.20550224957434,True
YOUNG AVE,15,4,3.0,1,1.0,0.75,7,3810.8298979716446,2.0,23.571428571428573,0.0,0.0,7.0,11.997817057026193,0.24475254819287903,5.202238652880513,True
RYAWA AVE,16,2,2.0,2,0.0,1.0,7,2390.1351200092413,3.0,25.0,0.0,0.0,9.0,28.78417448344538,0.11900370732671343,5.18741606121556,True
QUINCE AVE,15,4,4.0,2,2.0,1.0,5,2097.3707384108147,2.0,25.0,0.0,0.0,5.0,8.960269087217691,0.23661185998865478,5.173658494770804,True
SHARPE AVE,15,4,4.0,3,1.0,1.0,5,2670.0471850104796,2.0,25.0,0.0,0.0,9.0,8.960269087217691,0.23661185998865478,5.173658494770804,True
ALASKA ST,19,4,3.0,4,4.0,0.75,8,1851.6405773984757,1.5,25.0,0.0,0.0,4.0,10.12728277014267,0.3049629868274473,5.173557441546512,True
NELSON ST,31,4,3.0,1,1.0,0.75,10,2212.3538973007776,1.0,25.0,0.0,0.0,7.0,8.489089896890297,0.3955169740904534,5.171028226528529,True
ITHACA ST,22,4,4.0,8,8.0,1.0,9,2971.1011089969334,1.1428571428571428,21.428571428571427,0.0,0.0,7.0,6.715400186646318,0.42674058943464477,5.1587714762003944,True
ABERDEEN ST,17,6,6.0,0,0.0,1.0,2,1104.1050551531034,1.5,25.0,0.0,0.0,2.0,2.9352177149145198,0.2745581916682053,5.158538917950181,True
STANWIX ST,29,5,5.0,0,0.0,1.0,5,1601.2606697223619,1.1428571428571428,25.0,0.0,0.0,7.0,5.39245616333873,0.33994344866421444,5.133412901614895,True
271 ST,16,6,4.0,1,0.0,0.6666666666666666,5,2424.528155949485,1.9,25.0,0.0,0.0,10.0,8.64679788310603,0.24310440296376973,5.129657025065801,True
W 98 ST,24,4,4.0,8,8.0,1.0,6,1341.5576813901987,1.25,25.0,0.0,0.0,4.0,7.7586957777281444,0.30047479301150565,5.129393335806084,True
BURGHER AVE,11,3,3.0,3,2.0,1.0,6,4155.548988773739,2.0,25.0,0.0,0.0,12.0,14.102385174126695,0.19114804714573838,5.122199244694116,True
BATTERY AVE,13,2,2.0,0,0.0,1.0,9,3554.81196227633,1.2,25.0,0.0,0.0,5.0,13.501778304103006,0.270205539466082,5.1078442114794305,True
STEPHENS AVE,14,4,4.0,3,3.0,1.0,5,1927.6962802546684,2.0,25.0,0.0,0.0,3.0,8.487710565992021,0.24653760532428368,5.106389416328159,True
W MOUNT EDEN AVE,30,6,6.0,5,5.0,1.0,3,785.0203856596435,1.0,25.0,0.0,0.0,6.0,3.3225949089158586,0.3340070533518153,5.105727814897837,True
49 PL,36,5,4.0,1,0.0,0.8,4,1953.5456602611544,2.0,25.0,0.0,0.0,1.0,10.099735528590365,0.18031747426097205,5.09988890417533,True
PURDY ST,25,3,3.0,3,2.0,1.0,9,3098.056326341428,1.25,20.625,0.0,0.0,8.0,8.779664423098195,0.36280810728702106,5.096909110098389,True
THAYER ST,28,5,4.0,0,0.0,0.8,6,1546.8507918728487,1.0,25.0,0.0,0.0,2.0,7.579167771569968,0.3054183781686622,5.0931436159864445,True
FALCON AVE,10,4,4.0,2,2.0,1.0,4,2768.1575623637927,2.0,25.0,0.0,0.0,8.0,9.799546287869648,0.18482025035620725,5.071873596876481,True
SMEDLEY ST,8,4,4.0,3,3.0,1.0,4,1309.3976583695908,2.0,25.0,0.0,0.0,6.0,9.799546287869648,0.18482025035620725,5.07187359687648,True
144 PL,22,5,5.0,4,4.0,1.0,5,2490.076902601242,1.0,25.0,0.0,0.0,6.0,5.172994285353018,0.34932741151246943,5.060431645908819,True
MOHEGAN AVE,20,4,4.0,0,0.0,1.0,6,2016.1982572345669,1.1666666666666667,25.0,0.0,0.0,6.0,7.395819007306848,0.3106379425112709,5.054870229570466,True
BENHAM ST,14,6,6.0,2,2.0,1.0,5,1113.3190407927307,1.0,20.0,0.0,0.0,2.0,3.767034774401148,0.42437633863226853,5.052382393267182,True
STEUBEN AVE,20,5,5.0,3,3.0,1.0,4,1105.0635372092784,1.0,25.0,0.0,0.0,2.0,5.142783930207353,0.30168573525491343,5.043075874967192,True
ROCKY HILL RD,13,4,4.0,2,2.0,1.0,4,1084.5551267458145,2.0,25.0,0.0,0.0,6.0,9.500829698333563,0.1895298542830546,5.042571451161059,True
58 PL,17,2,2.0,0,0.0,1.0,9,2733.050247526836,1.4444444444444444,25.0,0.0,0.0,9.0,12.86688810070658,0.27980767515415955,5.0406386956191085,True
E HAMPTON BLVD,14,5,3.0,2,1.0,0.6,5,3207.6518935337103,2.5714285714285716,25.0,0.0,0.0,14.0,18.94466392377637,0.12785403117954988,5.038589558457948,True
VARET ST,34,2,2.0,3,3.0,1.0,10,2283.2206463254465,1.0,25.0,0.0,0.0,5.0,11.075316363052863,0.33400705335181524,5.031219676658799,True
BELKNAP ST,30,3,3.0,2,2.0,1.0,6,2604.540977050244,2.2,25.0,0.0,0.0,10.0,12.8697655321825,0.20568985572988138,5.030110648402374,True
COLERIDGE ST,5,5,5.0,0,0.0,1.0,3,2622.959967012899,1.5,25.0,0.0,0.0,4.0,5.1110923159313995,0.24586588218045344,5.027313810259943,True
BUCHANAN AVE,9,3,3.0,0,0.0,1.0,6,2363.075264122712,2.0,25.0,0.0,0.0,3.0,12.774234651888301,0.20690981221635743,5.0223850563808226,True
VAN DAM ST,20,8,4.0,43,2.0,0.5,3,6190.976177431705,3.0714285714285716,25.0,0.0,0.0,28.0,12.892950804365393,0.11445195296956163,5.017815587221853,True
DEPOT RD,7,6,5.0,0,0.0,0.8333333333333334,5,2906.4252402527645,1.0,25.0,0.0,0.0,12.0,5.046318776493641,0.3549835680510781,5.016442404547473,True
PAERDEGAT 7 ST,8,5,5.0,3,3.0,1.0,2,473.24753479520126,2.0,25.0,0.0,0.0,1.0,5.049867764295183,0.18031747426097205,5.008992029304748,True
ANDROS AVE,10,4,4.0,1,0.0,1.0,4,1843.8096673700427,2.0,25.0,0.0,0.0,5.0,8.90794099706455,0.1996262487056767,4.979753850112795,True
S MARKET ST,14,3,3.0,1,1.0,1.0,5,1025.529193577433,2.0,25.0,0.0,0.0,3.0,17.258972785212773,0.13861067946741437,4.976445906265713,True
BELLAMY LOOP,17,3,3.0,3,0.0,1.0,5,1495.7204192706301,2.0,25.0,0.0,0.0,9.0,17.258972785212773,0.13861067946741437,4.976445906265712,True
W 156 ST,34,4,4.0,2,2.0,1.0,5,1630.9381006260987,1.3333333333333333,25.0,0.0,0.0,3.0,7.666542337259768,0.26592224952090593,4.975015186287758,True
RIDGE ST,53,5,5.0,7,7.0,1.0,5,1819.2491838634953,1.1111111111111112,25.0,0.0,0.0,9.0,4.9215692874497865,0.3607356348147439,4.971707247119226,True
LAKE ST,19,2,2.0,2,2.0,1.0,10,4052.7835889897383,1.0,25.0,0.0,0.0,6.0,10.63675900050615,0.3430540075715094,4.962874787552938,True
MERRILL AVE,14,2,2.0,1,1.0,1.0,7,2604.8800969766603,2.0,25.0,0.0,0.0,5.0,20.661691590425143,0.15837693783093035,4.955581568836759,True
81 RD,11,5,5.0,1,1.0,1.0,3,1696.1177151955544,1.6923076923076923,25.0,0.0,0.0,13.0,4.758189596960998,0.2593714234348017,4.937281291562432,True
FLEET PL,14,6,5.0,0,0.0,0.8333333333333334,3,706.3766330063253,1.5,25.0,0.0,0.0,2.0,4.754835902543557,0.2595068896827661,4.936378227607196,True
PERRY ST,15,4,4.0,1,1.0,1.0,9,2628.8957196473148,1.0,22.5,0.0,0.0,8.0,6.063709781256004,0.4518793043539181,4.93254774034234,True
PUTNAM PL,12,6,6.0,1,1.0,1.0,2,674.6233776332247,1.3333333333333333,23.333333333333332,0.0,0.0,3.0,2.503921202411345,0.30731672117675707,4.925596526949475,True
WINDHAM LOOP,7,4,4.0,0,0.0,1.0,4,2502.4454526969766,1.8,25.0,0.0,0.0,10.0,8.389356537984362,0.2093823210706016,4.9190536599295855,True
SAGE ST,10,3,3.0,0,0.0,1.0,6,1849.042424806429,1.6,25.0,0.0,0.0,5.0,11.595953120153391,0.2232407137506184,4.918966709909898,True
GULF AVE,80,36,4.0,15,7.0,0.1111111111111111,4,8844.206727110928,1.6842105263157894,27.63157894736842,0.0,0.0,19.0,8.352221253557149,0.21011765935650561,4.914478542799065,True
75 RD,22,1,1.0,3,3.0,1.0,10,6566.646643924738,1.6923076923076923,25.0,0.0,0.0,13.0,16.643157536239524,0.25022788680092345,4.914354253187156,True
CATHERINE SLIP,16,6,6.0,0,0.0,1.0,2,633.9892734537715,1.5,25.0,0.0,0.0,4.0,2.474992850955091,0.30979593190205107,4.907967125300241,True
KOSSUTH AVE,34,4,4.0,4,4.0,1.0,5,1123.5823954301343,1.1666666666666667,25.0,0.0,0.0,6.0,7.238303547078157,0.2772924076537506,4.897956987282983,True
98 AVE,5,4,4.0,1,1.0,1.0,4,2540.2044824617433,1.8333333333333333,25.0,0.0,0.0,6.0,8.201009436425398,0.21316600417065226,4.895512395046006,True
PAERDEGAT 3 ST,7,6,5.0,0,0.0,0.8333333333333334,2,683.9015830855319,2.0,25.0,0.0,0.0,1.0,4.453970498532275,0.1996262487056767,4.890998178939367,True
HENDRICKS AVE,15,6,6.0,1,1.0,1.0,5,1665.9054537844636,1.0,20.0,0.0,0.0,4.0,3.48815419579666,0.4432658876655502,4.886584439920819,True
CHEVY CHASE ST,13,2,2.0,6,5.0,1.0,8,4670.445858106287,1.9166666666666667,25.0,0.0,0.0,12.0,13.919019194532382,0.24199042984235788,4.884288578184206,True
BRIGHTON 8 ST,23,4,4.0,1,1.0,1.0,6,2149.0705001710185,1.0,25.0,0.0,0.0,10.0,6.645189817831717,0.3340070533518153,4.883512056610197,True
GREENLEAF AVE,12,5,4.0,0,0.0,0.8,6,2328.03556750867,1.0,25.0,0.0,0.0,6.0,6.645189817831717,0.3340070533518153,4.883512056610196,True
BENNETT ST,10,3,3.0,2,2.0,1.0,6,2204.834653707474,2.0,25.0,0.0,0.0,7.0,11.119442856239447,0.23060132815162282,4.872354306500022,True
CALLOWAY ST,21,4,4.0,0,0.0,1.0,4,1242.0844758584185,2.0,25.0,0.0,0.0,4.0,7.885689561786927,0.21981608016769413,4.854137048220528,True
2 PL,19,2,2.0,0,0.0,1.0,9,1999.2657553015235,1.3333333333333333,25.0,0.0,0.0,6.0,11.210627679928884,0.3083977135060426,4.840536516445534,True
WALDO AVE,32,2,2.0,3,1.0,1.0,8,4138.36776004923,2.0,25.0,0.0,0.0,11.0,13.409425015249196,0.2488977810525541,4.839780569381028,True
N 1 ST,33,3,3.0,3,2.0,1.0,9,2291.607610216188,1.0,25.0,0.0,0.0,6.0,7.640180907201268,0.3955169740904534,4.83527031164854,True
113 DR,9,3,3.0,0,0.0,1.0,6,3602.1202570907058,2.0,25.0,0.0,0.0,6.0,10.752322904661229,0.23661185998865475,4.834291541704544,True
142 AVE,11,3,3.0,4,3.0,1.0,6,2277.5296466243894,2.0,25.0,0.0,0.0,6.0,10.752322904661229,0.23661185998865475,4.834291541704544,True
PLUMB 1 ST,6,4,4.0,0,0.0,1.0,4,1955.822655186272,1.8,25.0,0.0,0.0,5.0,7.734376569500284,0.223156828179141,4.833351630476185,True
EVELYN PL,11,5,5.0,1,1.0,1.0,4,1735.2727772569406,1.0,25.0,0.0,0.0,5.0,4.465347122690595,0.3322478656921148,4.822362722627801,True
BROOK ST,10,3,3.0,5,5.0,1.0,6,1450.1715213933844,1.8,21.0,1.0,0.75,5.0,10.606413131763034,0.23908863423308654,4.818606927085838,True
BAY 38 ST,11,2,2.0,2,1.0,1.0,8,2829.582285586941,1.5,25.0,0.0,0.0,6.0,13.153190541364797,0.2525220951843733,4.816427043495973,True
BAY 13 ST,19,3,3.0,2,2.0,1.0,7,3218.648061330285,1.0,25.0,0.0,0.0,4.0,8.999871877862867,0.30168573525491343,4.810075758908337,True
HART PL,12,4,4.0,2,2.0,1.0,5,1115.4105508122443,1.3333333333333333,25.0,0.0,0.0,3.0,6.761870803298068,0.29114184255215037,4.8040961545631875,True
MANHATTAN BRIDGE,34,27,3.0,5,0.0,0.1111111111111111,7,881.825241923705,1.0,25.0,1.0,0.75,7.0,8.962593010507902,0.30256090057495894,4.804047511021227,True
COLLIER AVE,7,4,4.0,3,2.0,1.0,5,1399.2668145554708,2.0,25.0,0.0,0.0,6.0,6.641180977553839,0.29487260467787235,4.778811914276949,True
NOBLE ST,13,3,3.0,3,3.0,1.0,7,2076.8283685105844,1.2,25.0,0.0,0.0,5.0,8.798872646728803,0.3064653217096046,4.777153371232769,True
S 10 ST,11,5,5.0,2,2.0,1.0,4,1154.0424918592887,1.0,25.0,0.0,0.0,3.0,4.313051005066706,0.33999099124902826,4.766443530275106,True
37 DR,18,5,5.0,2,2.0,1.0,5,1532.9034548472805,1.0,22.5,0.0,0.0,4.0,4.395020548390999,0.3872189318845688,4.76574050293585,True
CROYDON RD,8,2,2.0,1,1.0,1.0,7,2274.6307708696395,2.3333333333333335,25.0,0.0,0.0,6.0,16.39682399076264,0.19167535430034308,4.759516339229108,True
HART BLVD,4,4,4.0,0,0.0,1.0,4,3107.5744589733963,1.4,25.0,0.0,0.0,10.0,7.231120019587339,0.23503731661394867,4.759433779061418,True
42 PL,14,5,5.0,5,5.0,1.0,1,585.6437879627312,2.0,25.0,0.0,0.0,1.0,3.2941624932985656,0.14428644760925674,4.753870765959419,True
WILLIAMSON AVE,10,4,4.0,0,0.0,1.0,4,2972.889601662604,2.0,25.0,0.0,0.0,8.0,7.168215269774152,0.23661185998865475,4.7496373078257195,True
EUNICE PL,8,4,4.0,1,1.0,1.0,4,759.6496125504441,2.0,25.0,0.0,0.0,3.0,7.168215269774152,0.23661185998865475,4.7496373078257195,True
ADRIAN AVE,22,4,4.0,1,1.0,1.0,6,1114.0930346190835,1.0,25.0,0.0,0.0,2.0,6.12065564868284,0.35253999764112304,4.747615937384284,True
GOWER ST,7,3,3.0,0,0.0,1.0,6,4086.222429175183,1.6666666666666667,25.0,0.0,0.0,9.0,9.977840173633686,0.25037930257819635,4.747106756176523,True
GREYSTONE AVE,22,2,1.0,5,5.0,0.5,10,2800.624312498133,1.5333333333333334,25.0,0.0,0.0,15.0,14.586566948072669,0.2757785311863717,4.746883476804785,True
220 PL,10,3,3.0,0,0.0,1.0,6,3822.808447445039,2.0,25.0,0.0,0.0,9.0,9.856775666647078,0.25267750588544874,4.7325529738644185,True
THAMES ST,33,2,2.0,0,0.0,1.0,9,2798.4709317864617,1.2222222222222223,25.0,0.0,0.0,9.0,10.056272393428767,0.3320439224532192,4.675036285865671,True
HOBART ST,9,4,4.0,1,1.0,1.0,4,1797.9483230001315,1.8,25.0,0.0,0.0,5.0,6.662591198906963,0.25007781883762686,4.665854999478915,True
HEWLETT ST,14,3,3.0,3,3.0,1.0,5,3358.5421851851934,2.0,25.0,0.0,0.0,7.0,11.557478331261894,0.19374175673291893,4.657940885102567,True
BOX ST,15,4,4.0,0,0.0,1.0,4,1099.6674205554991,1.5714285714285714,25.0,0.0,0.0,7.0,6.617615822588272,0.251350228984158,4.657938336400117,True
84 PL,12,4,4.0,4,1.0,1.0,5,2834.524651359099,1.0909090909090908,25.0,0.0,0.0,11.0,6.095548707888647,0.31300581620509443,4.655918933710217,True
CLINTON PL,10,3,3.0,3,2.0,1.0,6,2715.3105828090793,1.5,25.0,0.0,0.0,6.0,9.156573487120047,0.26684371397718915,4.642842934676608,True
BABBAGE ST,10,3,3.0,2,2.0,1.0,6,2098.636574385896,1.3333333333333333,25.0,0.0,0.0,6.0,9.090314627083231,0.26826694269014223,4.633830085028672,True
GRISWOLD AVE,10,2,2.0,1,1.0,1.0,7,2735.0318602887087,2.0,25.0,0.0,0.0,10.0,14.358396303766119,0.21308855127733056,4.63343276448064,True
E 203 ST,28,3,3.0,0,0.0,1.0,7,1320.9317452206856,1.3333333333333333,25.0,0.0,0.0,3.0,7.982308956875751,0.3275469822815521,4.631940263619001,True
LEWISTON ST,6,4,4.0,0,0.0,1.0,3,2157.31564918629,2.0,25.0,0.0,0.0,6.0,7.424585431226575,0.18329699611427264,4.627716222480532,True
ERICSON PL,16,5,5.0,5,3.0,1.0,3,1474.5768706872616,1.125,25.0,0.0,0.0,8.0,3.749404237431359,0.3076842911022566,4.615211329338582,True
ESSEX DR,11,3,3.0,0,0.0,1.0,5,1647.1308703161933,2.0,25.0,0.0,0.0,5.0,10.840662077674999,0.20393990043378904,4.599023843456025,True
HILLYER ST,11,3,3.0,2,1.0,1.0,5,1100.5311030401158,2.0,25.0,0.0,0.0,4.0,10.7672950945517,0.20504458686404484,4.592641813713476,True
STEINWAY AVE,5,4,4.0,5,1.0,1.0,3,1963.7487555286834,2.0,25.0,0.0,0.0,5.0,7.125622273750173,0.1895298542830546,4.59239873408774,True
90 RD,8,3,3.0,1,1.0,1.0,7,1616.1535072512206,1.2,25.0,0.0,0.0,5.0,7.760583250508634,0.3337816296014995,4.588995235208375,True
HONEYWELL AVE,18,3,3.0,2,2.0,1.0,7,1878.6360055799764,1.0,25.0,0.0,0.0,6.0,7.752721454137004,0.33400705335181524,4.5874424882982545,True
TEHAMA ST,12,3,3.0,1,1.0,1.0,7,1549.750332142635,1.0,25.0,0.0,0.0,2.0,7.752721454137004,0.33400705335181524,4.5874424882982545,True
OSWEGO ST,6,3,3.0,0,0.0,1.0,5,1593.532346474469,2.0,25.0,0.0,0.0,7.0,10.610351197401924,0.20744834385223182,4.578754752034878,True
BRIGHTON 1 RD,11,5,4.0,1,0.0,0.8,3,634.5410918280555,1.3333333333333333,25.0,1.0,0.75,3.0,7.004053747722454,0.19218727306878156,4.577340897926832,True
INGRAM ST,10,4,4.0,2,1.0,1.0,5,4777.867356723483,1.125,25.0,0.0,0.0,8.0,5.771554270220257,0.32486856967257693,4.575522301863801,True
SUTTON PL,12,3,3.0,0,0.0,1.0,4,1200.4341628044017,3.0,25.0,0.0,0.0,4.0,15.604351183809525,0.12463640292887422,4.570960992802316,True
OLD SOUTH RD,7,4,4.0,0,0.0,1.0,4,2281.920864017413,1.7777777777777777,25.0,0.0,0.0,9.0,6.141574307091235,0.26565705612027796,4.568924325884682,True
MEEHAN AVE,7,3,3.0,4,0.0,1.0,5,2143.964345883141,2.0,25.0,0.0,0.0,5.0,10.47463447636019,0.20957289054638628,4.56648075298848,True
132 RD,7,3,3.0,1,0.0,1.0,5,2450.63335256707,2.2857142857142856,25.0,0.0,0.0,7.0,10.39108264492004,0.210902612637668,4.558798640034562,True
BUTLER PL,16,3,3.0,1,1.0,1.0,7,2695.1078431341543,1.4444444444444444,22.77777777777778,0.0,0.0,9.0,7.54146811170282,0.3401805109168718,4.544918942551746,True
BRINSMADE AVE,18,2,2.0,0,0.0,1.0,7,3367.7379334080624,2.0,25.0,0.0,0.0,7.0,12.972683332279354,0.23060132815162282,4.5303153498107935,True
W 240 ST,24,3,3.0,4,4.0,1.0,4,1470.8460670798293,2.0,24.285714285714285,1.0,0.75,7.0,14.53196948845262,0.13261418442755887,4.5293027285546374,True
BEDFORD ST,45,4,4.0,1,1.0,1.0,8,1939.3695472738532,1.0,22.22222222222222,0.0,0.0,9.0,5.1375905192941405,0.4637820850514595,4.527594102973009,True
REVIEW PL,10,5,5.0,1,1.0,1.0,2,610.1459727703185,1.5,25.0,0.0,0.0,2.0,3.169890601695705,0.2595068896827661,4.525074002266853,True
FIELD PL,16,4,4.0,8,8.0,1.0,5,1150.1044145761916,1.25,25.0,0.0,0.0,8.0,5.576993039087419,0.332434421554021,4.524246768743744,True
LANSING AVE,11,4,4.0,0,0.0,1.0,4,1133.4929980643333,1.6666666666666667,25.0,0.0,0.0,3.0,5.9000275787274745,0.2735578279873105,4.519767417552677,True
N 14 ST,22,4,4.0,5,4.0,1.0,5,1052.5623603562126,1.0,25.0,0.0,0.0,2.0,5.537658181526432,0.33400705335181524,4.513588678273954,True
MERRIAM AVE,40,7,4.0,2,2.0,0.5714285714285714,5,1754.9106428252012,1.0,25.0,0.0,0.0,4.0,5.537658181526432,0.33400705335181524,4.513588678273954,True
ROWLAND ST,12,4,4.0,3,3.0,1.0,5,1194.8360495223087,1.0,25.0,0.0,0.0,4.0,5.537658181526432,0.33400705335181524,4.513588678273954,True
DURYEA AVE,10,3,3.0,3,3.0,1.0,5,1618.9824599502986,2.0,25.0,0.0,0.0,3.0,9.91738495786215,0.21877241134881134,4.513332987459498,True
NEWMAN AVE,11,3,3.0,3,3.0,1.0,5,1785.936939295183,2.0,25.0,0.0,0.0,3.0,9.91738495786215,0.21877241134881134,4.513332987459498,True
HARPER ST,27,5,5.0,3,1.0,1.0,2,340.830937517889,1.0,25.0,0.0,0.0,2.0,3.1209376937650894,0.26250880976287216,4.5067295905199956,True
DELEVAN ST,9,2,2.0,5,5.0,1.0,7,1543.7344429750453,2.0,25.0,0.0,0.0,5.0,12.544376722104767,0.23661185998865472,4.494924588638283,True
135 PL,23,2,2.0,10,10.0,1.0,7,2476.222920652994,2.0,25.0,0.0,0.0,6.0,12.544376722104767,0.23661185998865472,4.494924588638283,True
BOLIVAR ST,5,4,4.0,0,0.0,1.0,3,1189.5571564163572,2.0,25.0,0.0,0.0,2.0,6.241003827096307,0.21073313398371588,4.472253759753506,True
CENTER DR,28,16,3.0,10,0.0,0.1875,5,12673.530131813597,1.48,23.4,1.0,0.75,50.0,9.5139782341878,0.22595268573602806,4.471850876840763,True
SEDDON ST,13,4,4.0,4,3.0,1.0,5,1219.5535141240434,1.0,25.0,0.0,0.0,5.0,5.362120877506148,0.3412104144657111,4.464769829166271,True
CLARK ST,26,5,4.0,2,2.0,0.8,6,1626.7561364346745,1.2857142857142858,21.428571428571427,0.0,0.0,7.0,5.174706986477652,0.39173943744775147,4.460179054048699,True
SEAVER AVE,7,3,3.0,5,4.0,1.0,5,4005.113925272555,1.7333333333333334,24.0,0.0,0.0,15.0,9.39488019490854,0.2281635199375851,4.459078374849483,True
ITTNER PL,16,6,6.0,2,2.0,1.0,2,1180.9810214448112,1.0,25.0,0.0,0.0,4.0,1.8677543870997013,0.37295212166744846,4.458870231417827,True
E 186 ST,16,3,3.0,1,1.0,1.0,6,1148.58368357677,1.6,25.0,0.0,0.0,5.0,7.9078196921402695,0.296488494790984,4.455112073228219,True
BEAVER RD,16,4,4.0,2,2.0,1.0,4,1696.6950434508185,1.4,25.0,0.0,0.0,5.0,5.595873221080228,0.28420088721490494,4.453548585313509,True
BOYD AVE,9,4,4.0,0,0.0,1.0,3,2106.383808598353,2.0,25.0,0.0,0.0,3.0,6.095438760251593,0.21468524173584025,4.449859776787263,True
DONIZETTI PL,18,4,4.0,3,3.0,1.0,2,657.8825747192573,2.0,25.0,0.0,0.0,7.0,7.449434151520771,0.1297722376510329,4.447640788472743,True
3 PL,22,3,3.0,4,2.0,1.0,6,1831.0507469147906,1.4,25.0,0.0,0.0,5.0,7.863056351845465,0.29767392975772167,4.447605094887089,True
CLARA ST,6,5,5.0,0,0.0,1.0,3,1345.4952134190344,1.0,25.0,0.0,0.0,2.0,3.3225949089158586,0.3340070533518153,4.439734868249653,True
BUSHWICK PL,29,5,5.0,2,2.0,1.0,3,848.2365296938451,1.0,25.0,0.0,0.0,3.0,3.3225949089158586,0.3340070533518153,4.439734868249653,True
HUMPHREYS ST,13,5,5.0,1,0.0,1.0,3,2063.766699643016,1.0,25.0,0.0,0.0,4.0,3.3225949089158586,0.3340070533518153,4.439734868249652,True
DEBEVOISE ST,32,5,5.0,2,2.0,1.0,3,750.6665941943107,1.0,25.0,0.0,0.0,2.0,3.3225949089158586,0.3340070533518153,4.439734868249652,True
MANSE ST,6,5,5.0,1,0.0,1.0,3,3464.4909757336136,1.0,25.0,0.0,0.0,7.0,3.3225949089158586,0.3340070533518153,4.439734868249652,True
BANKER ST,14,3,3.0,0,0.0,1.0,6,1790.4574892543906,1.0,25.0,0.0,0.0,4.0,7.714175895311029,0.30168573525491343,4.4221996210978975,True
51 RD,14,2,2.0,1,1.0,1.0,8,2122.722932989879,1.1428571428571428,25.0,0.0,0.0,7.0,9.72093340135588,0.3137117232888264,4.422147322737613,True
CHAPIN PKWY,14,3,3.0,0,0.0,1.0,5,1381.7128041062952,2.0,25.0,0.0,0.0,4.0,8.960269087217691,0.23661185998865478,4.410270354759459,True
NORTHFIELD AVE,13,3,3.0,0,0.0,1.0,5,2286.7548746270613,2.0,25.0,0.0,0.0,8.0,8.960269087217691,0.23661185998865478,4.410270354759459,True
WYATT ST,23,4,4.0,4,4.0,1.0,3,1088.2830168184962,2.0,25.0,0.0,0.0,3.0,5.805989645792882,0.22300131757061326,4.402738070530698,True
E 60 PL,7,4,4.0,0,0.0,1.0,3,689.3704768999718,2.0,25.0,0.0,0.0,1.0,5.805989645792882,0.22300131757061326,4.402738070530698,True
COMMERCIAL ST,14,3,3.0,4,3.0,1.0,5,1690.354757502769,1.4444444444444444,25.0,0.0,0.0,9.0,8.752611320692283,0.24087334812979902,4.385650749304535,True
206 ST,12,1,1.0,1,0.0,1.0,9,6542.262717603007,1.5294117647058822,25.0,0.0,0.0,17.0,13.575672458123242,0.26913060309947046,4.384498313036108,True
195 PL,10,4,4.0,6,6.0,1.0,4,1948.8296369885368,1.5,25.0,0.0,0.0,4.0,5.292182633221861,0.295687379074363,4.382082096102781,True
W THAMES ST,11,4,4.0,1,1.0,1.0,2,761.9521891470374,2.0,25.0,0.0,0.0,5.0,6.588324986597131,0.14428644760925674,4.373460217574378,True
ROBIN RD,11,3,3.0,4,4.0,1.0,6,2063.041108018603,1.3,25.0,0.0,0.0,10.0,7.437397068293331,0.3094387194023345,4.373102466292361,True
COMSTOCK AVE,10,3,2.0,0,0.0,0.6666666666666666,6,1516.3355575172027,2.0,25.0,0.0,0.0,5.0,15.149603292885548,0.18031747426097203,4.371103253306884,True
SANDFORD ST,22,5,5.0,0,0.0,1.0,4,1739.1666650251136,1.0,25.0,0.0,0.0,3.0,3.395635958756119,0.3955169740904534,4.365446789067689,True
THOMAS ST,12,2,2.0,2,2.0,1.0,7,6120.071444020717,1.7222222222222223,25.0,0.0,0.0,18.0,11.13293393836899,0.258844920228781,4.364013556731847,True
BULLARD AVE,18,2,2.0,0,0.0,1.0,7,4067.130679494909,1.6666666666666667,25.0,0.0,0.0,9.0,11.052899893760223,0.26023146542289194,4.355849405679965,True
PLAINVIEW AVE,19,1,1.0,6,3.0,1.0,8,2419.1487491152916,1.9090909090909092,25.0,0.0,0.0,11.0,17.717903832749148,0.2005088168943599,4.352087118458217,True
COOK ST,36,2,2.0,2,2.0,1.0,8,2021.3204287849942,1.1666666666666667,25.0,0.0,0.0,6.0,9.211722887467388,0.32541013913336986,4.346767748202071,True
21 RD,11,1,1.0,4,3.0,1.0,9,4607.5469914261175,1.3846153846153846,25.0,0.0,0.0,13.0,12.954008453520522,0.27844985706697484,4.328591945260198,True
LEONARD AVE,9,5,3.0,3,0.0,0.6,6,3821.815782793108,1.4444444444444444,25.0,0.0,0.0,18.0,7.196134414107142,0.3165293580594974,4.328199732428699,True
GOUVERNEUR ST,9,6,5.0,1,1.0,0.8333333333333334,2,944.9224420332241,1.0,25.0,0.0,0.0,3.0,2.692016538684293,0.29211655805116504,4.3257998152414405,True
SIDWAY PL,13,4,4.0,1,0.0,1.0,3,1138.6474271780958,2.0,25.0,0.0,0.0,4.0,5.3761614523306145,0.23661185998865475,4.325616120880635,True
WISSMAN AVE,6,4,4.0,2,2.0,1.0,4,1223.1578490135403,2.0,25.0,0.0,0.0,6.0,5.042708552458665,0.30584174576862355,4.318903804011832,True
53 DR,8,3,3.0,3,1.0,1.0,5,3375.2023110715536,1.75,25.0,0.0,0.0,12.0,8.16693712356281,0.2537636190853374,4.311180664061681,True
GILDERSLEEVE AVE,11,2,2.0,1,1.0,1.0,6,2241.0481143528436,2.0,25.0,0.0,0.0,10.0,13.894406528022476,0.1934557336956113,4.3010411417524566,True
JAY AVE,11,2,2.0,0,0.0,1.0,8,1994.2634677674055,1.0,25.0,0.0,0.0,6.0,8.86025309044229,0.33400705335181524,4.291372919986314,True
MIDDAGH ST,34,6,6.0,2,2.0,1.0,4,1195.886715008406,0.7777777777777778,22.77777777777778,1.0,0.75,9.0,2.4163876271231524,0.47902169053955124,4.283371942906079,True
FAIRMOUNT PL,15,3,3.0,5,5.0,1.0,7,1802.4186640037797,1.0,25.0,0.0,0.0,4.0,6.387594886844693,0.3783797998873037,4.281797475383548,True
DIAMOND ST,38,3,3.0,0,0.0,1.0,7,2601.034324361837,1.0,25.0,0.0,0.0,4.0,6.387594886844693,0.3783797998873037,4.281797475383548,True
ANTIN PL,8,4,4.0,1,1.0,1.0,4,897.0776447228455,1.0,25.0,0.0,0.0,3.0,4.903342738186071,0.31182393754693727,4.281683889575612,True
88 RD,12,1,1.0,2,0.0,1.0,9,6038.348236987376,1.5,25.0,0.0,0.0,14.0,12.46234987907051,0.2862901513974997,4.281557882250209,True
CHARLES AVE,9,3,3.0,2,0.0,1.0,5,1681.8852417384282,1.4285714285714286,25.0,0.0,0.0,7.0,7.90596050968431,0.2599627370238977,4.275366921828689,True
COTTER AVE,6,3,3.0,0,0.0,1.0,4,1583.2044746076497,2.0,25.0,0.0,0.0,4.0,10.024551812145676,0.18142449405313735,4.274425758468579,True
262 ST,14,1,1.0,0,0.0,1.0,8,7694.943477419542,2.0,25.0,0.0,0.0,16.0,16.133502769303103,0.21594766813049387,4.268044633677377,True
CONGRESS ST,21,1,1.0,1,1.0,1.0,8,2554.357005307252,1.7,25.0,0.0,0.0,10.0,16.125919071285562,0.21602728516947364,4.267611232662986,True
MILLS AVE,6,4,4.0,1,0.0,1.0,4,1785.1619518116336,1.3333333333333333,25.0,0.0,0.0,3.0,4.84144453303933,0.3145565884440302,4.264681921677732,True
E 195 ST,18,4,4.0,2,2.0,1.0,5,1461.9001505249826,1.0,25.0,0.0,0.0,3.0,4.669385967749253,0.37295212166744846,4.2496489168865015,True
POILLON AVE,6,4,4.0,2,0.0,1.0,4,5310.538001938503,1.7272727272727273,25.0,0.0,0.0,11.0,4.783941987257794,0.317138448001138,4.248618145161865,True
PETTIT AVE,25,3,3.0,1,1.0,1.0,6,1021.4699326716999,2.0,20.0,0.0,0.0,4.0,6.772855785785662,0.3297874511788532,4.244240493259643,True
DOSCHER ST,31,3,3.0,2,2.0,1.0,7,1871.7278104410657,1.0,25.0,0.0,0.0,4.0,6.238610732622005,0.38394650938104513,4.243453286034208,True
N MOORE ST,32,2,2.0,0,0.0,1.0,6,1769.5418661662593,1.6,25.0,0.0,0.0,5.0,12.820886596459422,0.2063122509271438,4.232481470742903,True
PEARSON ST,12,4,4.0,4,1.0,1.0,4,2126.4916250253227,1.4,25.0,0.0,0.0,5.0,4.718473231696184,0.32013007412750627,4.2300048889215285,True
TRATMAN AVE,10,2,2.0,1,1.0,1.0,7,1524.7116965973873,1.25,25.0,0.0,0.0,4.0,9.866596331280082,0.2826756511712955,4.223695240446322,True
W 242 ST,10,3,3.0,5,5.0,1.0,4,788.8086248327303,1.4,25.0,1.0,0.75,10.0,9.354265083176703,0.1919294956637692,4.219570892728004,True
44 RD,21,3,3.0,0,0.0,1.0,6,2792.0143541193024,1.0,25.0,0.0,0.0,8.0,6.645189817831717,0.3340070533518153,4.217519109962012,True
CARTER AVE,25,3,2.0,3,3.0,0.6666666666666666,7,1670.171789575405,1.4,25.0,0.0,0.0,5.0,9.7927781368904,0.28420088721490494,4.214714460373165,True
DICKINSON AVE,18,9,4.0,1,0.0,0.4444444444444444,2,734.1579844731317,2.0,25.0,0.0,0.0,4.0,5.162912944628307,0.17706840626520007,4.205915141730506,True
BARNETT AVE,15,3,3.0,5,3.0,1.0,6,3004.67052894647,1.625,20.0,0.0,0.0,8.0,6.509686204038952,0.33860545676841564,4.188398900232416,True
EDGEWATER ST,12,3,3.0,3,1.0,1.0,6,2818.067508977819,1.1428571428571428,25.0,0.0,0.0,7.0,6.470947396006476,0.3399434486642144,4.179925827930516,True
PAYSON AVE,33,4,4.0,1,1.0,1.0,7,2224.7392977436066,1.0,20.0,0.0,0.0,3.0,4.370607590350859,0.4707895329642678,4.174478174374294,True
KETCHAM ST,18,4,4.0,1,1.0,1.0,7,1338.1427550852204,1.0,20.0,0.0,0.0,3.0,4.370607590350859,0.4707895329642678,4.174478174374294,True
MELBA ST,8,2,2.0,0,0.0,1.0,6,3451.172721123948,2.0,25.0,0.0,0.0,6.0,11.90086194943458,0.21877241134881134,4.166035443109497,True
JEWEL ST,28,3,3.0,1,1.0,1.0,7,2098.863608937034,1.0,25.0,0.0,0.0,4.0,5.942362927823208,0.3955169740904534,4.163754481888562,True
N ST,20,5,5.0,4,4.0,1.0,5,1854.1627288253808,1.0,25.0,0.0,0.0,11.0,3.1947285702041537,0.465045263114198,4.160467072938046,True
60 DR,14,1,1.0,4,3.0,1.0,9,4417.922674742407,1.1818181818181819,25.0,0.0,0.0,11.0,11.193557007640276,0.30872283514093285,4.14698381956943,True
ALLEN AVE,10,4,4.0,2,2.0,1.0,4,1199.3960403103868,1.0,25.0,0.0,0.0,8.0,4.430126545221145,0.33400705335181524,4.143665299937711,True
BUCHANAN PL,10,4,4.0,2,0.0,1.0,4,935.5370592095065,1.0,25.0,0.0,0.0,3.0,4.430126545221145,0.33400705335181524,4.143665299937711,True
CORNISH AVE,10,4,4.0,2,2.0,1.0,4,1462.044222566909,1.0,25.0,0.0,0.0,2.0,4.430126545221145,0.33400705335181524,4.143665299937711,True
PARADE PL,18,4,4.0,3,3.0,1.0,4,943.5594393286615,1.0,25.0,0.0,0.0,3.0,4.430126545221145,0.33400705335181524,4.143665299937711,True
ELM ST,15,4,4.0,5,5.0,1.0,4,2749.7011521683567,1.0,25.0,0.0,0.0,4.0,4.430126545221145,0.33400705335181524,4.143665299937711,True
PLEASANTVIEW ST,9,4,4.0,1,1.0,1.0,4,1999.2723302703805,1.0,25.0,0.0,0.0,5.0,4.430126545221145,0.33400705335181524,4.143665299937711,True
ELLIS ST,24,2,2.0,1,1.0,1.0,6,3355.500095957421,2.0,25.0,0.0,0.0,3.0,11.611979291585763,0.22300131757061326,4.143484046485075,True
E BRANDIS AVE,2,4,4.0,0,0.0,1.0,2,1277.910170277706,2.0,25.0,0.0,0.0,2.0,4.7504148491667815,0.1895298542830546,4.142226017014421,True
ROSEWOOD ST,14,3,3.0,7,7.0,1.0,4,1128.5266510945403,1.75,25.0,0.0,0.0,4.0,8.524015031929672,0.20675849534748883,4.142137036278689,True
FORCE TUBE AVE,11,5,5.0,1,0.0,1.0,3,1895.1192618435887,1.0,25.0,0.0,0.0,6.0,2.716230297128481,0.38021968242366216,4.131665808845409,True
GERRY ST,17,4,3.0,5,5.0,0.75,5,1778.7027424381672,1.6,25.0,0.0,0.0,5.0,6.9483698790799595,0.28555887858788653,4.127492074920262,True
DUNKIRK DR,14,5,4.0,0,0.0,0.8,3,787.8737934570638,1.5,25.0,0.0,0.0,2.0,4.402826572371779,0.2745581916682053,4.110599335266297,True
BAISLEY AVE,18,2,2.0,4,2.0,1.0,6,2284.1800394488537,2.0,25.0,0.0,0.0,12.0,11.037689609421097,0.2319132226945584,4.095959723033972,True
PAERDEGAT 6 ST,3,4,4.0,5,0.0,1.0,2,475.16422108561994,2.0,25.0,0.0,0.0,1.0,4.453970498532275,0.1996262487056767,4.090624427645044,True
MONTREAL AVE,9,3,3.0,1,1.0,1.0,4,4147.067958529203,2.0,25.0,0.0,0.0,8.0,8.030486188961104,0.21671153633783166,4.090164390536005,True
RARITAN AVE,9,2,2.0,0,0.0,1.0,6,4195.79773226434,2.0,25.0,0.0,0.0,8.0,10.912693730037258,0.233948143022537,4.085108147470826,True
HETT AVE,6,3,3.0,0,0.0,1.0,5,3489.326461808368,1.2,25.0,0.0,0.0,10.0,6.686400767942072,0.293463623817306,4.081824528203179,True
25 DR,11,1,1.0,2,2.0,1.0,8,7202.830434942869,1.7857142857142858,25.0,0.0,0.0,14.0,13.251670615155454,0.25111672333731183,4.076599380285866,True
OLD NEW UTRECHT RD,7,4,4.0,2,0.0,1.0,3,1648.3396398638315,1.2857142857142858,25.0,0.0,0.0,7.0,4.2722499149622895,0.28059512913093615,4.076392000044731,True
SPRUCE ST,15,3,3.0,0,0.0,1.0,4,1121.3129040033466,1.8,25.0,0.0,0.0,5.0,7.89731480646504,0.2195635462839446,4.0752718061763336,True
45 DR,12,2,2.0,0,0.0,1.0,6,5419.726659037853,2.0,25.0,0.0,0.0,9.0,10.752322904661229,0.23661185998865475,4.070903401693198,True
GOTHIC DR,19,2,2.0,4,3.0,1.0,6,1474.618619303074,2.0,25.0,0.0,0.0,6.0,10.752322904661229,0.23661185998865475,4.070903401693198,True
DORMANS RD,18,2,2.0,4,4.0,1.0,6,2050.8824583038027,2.0,25.0,0.0,0.0,4.0,10.752322904661229,0.23661185998865475,4.070903401693198,True
LIEBIG AVE,17,2,2.0,1,1.0,1.0,6,3036.3613027233387,2.0,25.0,0.0,0.0,5.0,10.752322904661229,0.23661185998865475,4.070903401693198,True
BOUNDARY AVE,7,2,2.0,1,1.0,1.0,6,3130.3781899314376,1.9166666666666667,25.0,0.0,0.0,12.0,10.751036600072036,0.23663347040342006,4.070788160302392,True
BARDWELL AVE,3,4,4.0,0,0.0,1.0,2,1112.8996426911356,2.0,25.0,0.0,0.0,2.0,4.30691803782068,0.20504458686404484,4.062931882266065,True
E CLARKE PL,24,3,3.0,5,5.0,1.0,4,1086.3435042412384,2.0,25.0,0.0,0.0,2.0,7.741319527723842,0.22300131757061326,4.057320501705695,True
80 DR,7,3,3.0,4,3.0,1.0,4,3175.6152685481775,1.6666666666666667,25.0,0.0,0.0,9.0,7.733477246311467,0.223176987376762,4.056403191648244,True
LORTEL AVE,8,5,5.0,1,1.0,1.0,2,1240.5452390118774,1.25,25.0,0.0,0.0,4.0,2.1807259798866214,0.33749132622656514,4.048519471955837,True
151 ST,12,1,1.0,0,0.0,1.0,8,2349.9957056913463,1.5714285714285714,25.0,0.0,0.0,7.0,12.817541813222759,0.25743248076515,4.042219105523824,True
ALLENDALE ST,17,5,3.0,1,0.0,0.6,5,1343.4474805109608,1.25,25.0,0.0,0.0,4.0,6.465579814773453,0.30047479301150565,4.041319377508906,True
PLATTWOOD AVE,7,3,3.0,0,0.0,1.0,5,1623.756899425946,1.25,25.0,0.0,0.0,4.0,6.465579814773453,0.30047479301150565,4.041319377508906,True
DITMARS ST,11,3,3.0,2,2.0,1.0,5,1973.5530124663387,1.8571428571428572,25.0,0.0,0.0,7.0,6.431061376925159,0.30160116030849615,4.034812092370294,True
MERSEREAU AVE,10,2,2.0,1,1.0,1.0,6,2173.5210901183827,1.7142857142857142,25.0,0.0,0.0,7.0,10.32251090009721,0.2440594768640689,4.031187656473237,True
BANNER AVE,8,3,3.0,2,2.0,1.0,5,1491.8603910753534,1.1666666666666667,25.0,0.0,0.0,6.0,6.408795872822272,0.3023321946576032,4.030588737370137,True
TIOGA ST,8,3,3.0,0,0.0,1.0,4,1246.002767979229,2.0,25.0,0.0,0.0,5.0,7.511228271905751,0.2282731330723511,4.029792211632494,True
POND PL,13,5,5.0,1,1.0,1.0,3,549.2106999400951,1.0,25.0,0.0,0.0,1.0,2.5467269690670893,0.3955169740904534,4.0296888741877,True
W 262 ST,10,4,4.0,0,0.0,1.0,3,1092.6535520584505,1.8,25.0,0.0,0.0,5.0,3.9827297021297277,0.29497589936433966,3.994905678353426,True
JORDAN AVE,8,3,3.0,5,4.0,1.0,4,2106.7104996920875,2.0,25.0,0.0,0.0,4.0,7.168215269774152,0.23661185998865475,3.9862491678143748,True
120 RD,10,3,3.0,3,3.0,1.0,4,1581.3195025352716,2.0,25.0,0.0,0.0,3.0,7.168215269774152,0.23661185998865475,3.9862491678143743,True
TIOGA DR,9,3,3.0,0,0.0,1.0,4,1361.624911470816,2.0,25.0,0.0,0.0,3.0,7.168215269774152,0.23661185998865475,3.9862491678143743,True
201 PL,13,3,3.0,3,3.0,1.0,4,1882.252666384492,2.0,25.0,0.0,0.0,4.0,7.168215269774152,0.23661185998865475,3.9862491678143743,True
HUTCHINSON AVE,5,3,3.0,0,0.0,1.0,4,553.554960756661,1.0,25.0,0.0,0.0,1.0,6.992716067573773,0.24111836444520457,3.962717167907477,True
CANNON BLVD,4,4,4.0,3,2.0,1.0,3,2384.7634555307345,1.0,25.0,0.0,0.0,5.0,3.8570879476555144,0.30168573525491343,3.9568854724116655,True
LINWOOD AVE,2,4,4.0,0,0.0,1.0,2,1620.2127758449542,2.0,25.0,0.0,0.0,8.0,3.798690733187388,0.2262702687185276,3.9544496981027804,True
WATERS AVE,8,3,3.0,4,2.0,1.0,5,4043.445669169622,1.368421052631579,25.0,0.0,0.0,19.0,6.002011468829794,0.3163406935346719,3.949658390048656,True
RIVINGTON AVE,10,3,3.0,0,0.0,1.0,3,1554.79432196088,2.0,25.0,0.0,0.0,6.0,8.94766018185511,0.1569944670344263,3.933749740352222,True
CLAY ST,14,2,2.0,5,5.0,1.0,6,2078.374690687995,1.625,25.0,0.0,0.0,8.0,9.308843412239327,0.2636295224319048,3.926826898298227,True
OTSEGO ST,6,4,4.0,1,1.0,1.0,3,1432.0462773205168,1.1818181818181819,25.0,0.0,0.0,11.0,3.7581512251824276,0.30718815035379765,3.925706922198458,True
SUTTON ST,20,2,2.0,1,1.0,1.0,7,1817.682947090218,1.0,25.0,0.0,0.0,3.0,7.752721454137004,0.33400705335181524,3.9214495416500705,True
DEBEVOISE AVE,21,2,1.0,1,1.0,0.5,7,1281.9953413809003,2.0,25.0,0.0,0.0,5.0,15.588896744862963,0.19962624870567666,3.912326729931451,True
SCARBORO AVE,8,3,3.0,1,0.0,1.0,4,809.4620167143228,2.0,25.0,0.0,0.0,4.0,6.60239639267876,0.2517837430721895,3.907024847778411,True
REEVE PL,4,4,4.0,1,1.0,1.0,2,944.7088814123398,2.0,25.0,0.0,0.0,3.0,3.584107634887076,0.23661185998865475,3.90159493393555,True
JANET PL,7,4,4.0,0,0.0,1.0,2,246.302812114665,2.0,25.0,0.0,0.0,1.0,3.584107634887076,0.23661185998865475,3.90159493393555,True
134 PL,6,4,4.0,2,2.0,1.0,2,280.91344509063924,2.0,25.0,0.0,0.0,1.0,3.584107634887076,0.23661185998865475,3.90159493393555,True
TERRACE VIEW AVE,30,5,3.0,2,2.0,0.6,6,1336.439898444304,1.0,25.0,0.0,0.0,2.0,5.347380627961718,0.3839465093810451,3.901268598294587,True
82 PL,6,3,3.0,0,0.0,1.0,5,3368.499977454665,1.1,25.0,0.0,0.0,10.0,5.728938184223224,0.3264961678372151,3.8909878594135296,True
LINDENWOOD RD,5,3,3.0,1,1.0,1.0,4,2961.661172336122,1.4166666666666667,25.0,0.0,0.0,12.0,6.396888983918221,0.2577873836935314,3.8756751238616562,True
66 DR,9,2,2.0,1,1.0,1.0,6,2486.6244699512376,1.5,25.0,0.0,0.0,6.0,8.805653144743559,0.2745581916682053,3.868547820541826,True
MILL ST,10,3,3.0,0,0.0,1.0,3,1873.6773959495083,1.7142857142857142,25.0,1.0,0.75,7.0,8.056035160657876,0.17139220468715047,3.8665650131609044,True
BIRCHALL AVE,5,3,3.0,0,0.0,1.0,3,717.6714793869571,2.0,25.0,0.0,0.0,2.0,8.028310461435506,0.1718823510569397,3.8642778239557405,True
BAY 23 ST,15,4,3.0,5,4.0,0.75,5,2271.9311635805516,1.0,25.0,0.0,0.0,4.0,5.537658181526432,0.33400705335181524,3.847595731625769,True
RYDER AVE,13,3,3.0,1,1.0,1.0,5,1476.8968168243355,1.0,25.0,0.0,0.0,5.0,5.537658181526432,0.33400705335181524,3.847595731625769,True
BASSFORD AVE,18,3,3.0,2,2.0,1.0,5,1313.0119063427308,1.0,25.0,0.0,0.0,5.0,5.537658181526432,0.33400705335181524,3.847595731625769,True
DONGAN ST,7,4,3.0,4,4.0,0.75,5,2062.4827413237817,1.0,25.0,0.0,0.0,4.0,5.537658181526432,0.33400705335181524,3.847595731625769,True
77 PL,7,5,3.0,2,0.0,0.6,5,4147.433703554835,1.0,25.0,0.0,0.0,9.0,5.537658181526432,0.33400705335181524,3.847595731625769,True
WRIGHT ST,18,2,2.0,0,0.0,1.0,6,1696.689415733639,1.4,25.0,0.0,0.0,5.0,8.527360275706672,0.2810006316409663,3.834192360421727,True
ILYSSA WAY,11,1,1.0,1,0.0,1.0,8,3262.8072640757446,1.0,25.0,0.0,0.0,4.0,10.466087097572954,0.29803306408167507,3.821206942553678,True
SAXON AVE,10,2,2.0,2,0.0,1.0,5,2401.062634715107,1.875,25.0,0.0,0.0,8.0,11.089055861488422,0.20028662248238427,3.8204163000512334,True
LOUIS ST,9,3,3.0,0,0.0,1.0,4,1024.3485149342623,2.0,25.0,0.0,0.0,2.0,6.044281300378706,0.268783884656055,3.8182537539015753,True
BURNETT ST,12,3,0.0,2,0.0,0.0,10,4471.14775054893,1.0,25.0,0.0,0.0,6.0,12.109429507133814,0.314452979059048,3.8078461832237673,True
HUDSON AVE,11,3,3.0,1,1.0,1.0,5,1724.314692811736,1.25,25.0,0.0,0.0,8.0,5.358233409186343,0.34137345918628026,3.8050382964625964,True
FANNING ST,9,2,2.0,0,0.0,1.0,5,3372.2703408916486,2.0,25.0,0.0,0.0,6.0,10.645195543240252,0.20690981221635746,3.7887757864255307,True
WILD AVE,12,2,1.0,2,1.0,0.5,7,5068.0942611710125,1.7777777777777777,25.0,0.0,0.0,9.0,13.366680308185453,0.22533576729996715,3.786655396198363,True
VIRGINIA ST,12,2,2.0,1,0.0,1.0,6,3077.888542190953,1.6666666666666667,25.0,0.0,0.0,9.0,8.15146853222005,0.290198164421956,3.7851448765496825,True
TYNAN ST,6,3,3.0,1,1.0,1.0,3,927.6914490713476,2.0,25.0,0.0,0.0,2.0,7.125622273750173,0.1895298542830546,3.7819285883707945,True
CORRELL AVE,8,0,0.0,2,1.0,,8,3510.25481214569,2.0,25.0,0.0,0.0,11.0,25.328681614752433,0.14925209601090922,3.7803588201947815,True
CRESSKILL PL,10,4,4.0,1,1.0,1.0,3,946.5596869122604,1.0,25.0,0.0,0.0,2.0,3.3225949089158586,0.3340070533518153,3.7737419216014683,True
BREVOORT PL,11,4,4.0,3,2.0,1.0,3,604.1831748265768,1.0,25.0,0.0,0.0,2.0,3.3225949089158586,0.3340070533518153,3.7737419216014683,True
COLFAX AVE,7,4,4.0,0,0.0,1.0,3,2077.2463289588923,1.0,25.0,0.0,0.0,4.0,3.3225949089158586,0.3340070533518153,3.773741921601468,True
LYVERE ST,12,4,4.0,1,1.0,1.0,3,630.2629356302548,1.0,25.0,0.0,0.0,1.0,3.3225949089158586,0.3340070533518153,3.773741921601468,True
OXFORD AVE,15,2,2.0,0,0.0,1.0,5,1715.5891363441638,2.0,25.0,0.0,0.0,4.0,10.40167304516051,0.2107331339837159,3.770510891513184,True
BARTLETT ST,13,2,2.0,3,3.0,1.0,5,1282.693398742385,2.0,25.0,0.0,0.0,3.0,10.40167304516051,0.2107331339837159,3.770510891513184,True
OLD BROADWAY,21,2,2.0,2,2.0,1.0,5,947.8897441204199,1.5,25.0,0.0,0.0,4.0,10.339017985575934,0.21173978581852873,3.765701882202707,True
EVELETH RD,9,3,3.0,1,1.0,1.0,3,1022.9770021544883,2.5,25.0,0.0,0.0,4.0,6.905295557923729,0.19440156098346054,3.759195552562147,True
SUNNYSIDE AVE,22,0,0.0,3,3.0,,9,2258.464118258122,2.0,25.0,0.0,0.0,5.0,15.108655534599325,0.248612432802005,3.7561996088242156,True
BIVONA ST,21,1,1.0,0,0.0,1.0,6,931.8003046673753,2.0,25.0,0.0,0.0,3.0,21.663563240730472,0.1333271776882383,3.7550145678690208,True
E 209 ST,17,6,6.0,2,2.0,1.0,4,764.7998338638838,1.0,20.0,0.0,0.0,3.0,1.8587813905608064,0.5444796244958114,3.745190846577481,True
RECTOR PL,10,4,4.0,0,0.0,1.0,2,1454.1814170931607,1.125,25.0,1.0,0.75,8.0,3.0234853167721663,0.26869646529112445,3.737613956311799,True
PARK ST,9,2,2.0,1,1.0,1.0,5,3844.7116547482324,1.8181818181818181,25.0,0.0,0.0,11.0,9.95321712003576,0.21815663664378762,3.735047097404792,True
PAERDEGAT 13 ST,5,3,3.0,0,0.0,1.0,3,474.8874290218579,2.0,25.0,0.0,0.0,1.0,6.6809557477984125,0.1996262487056767,3.734815387584596,True
ELMWOOD PARK DR,5,3,3.0,1,0.0,1.0,3,760.4455083823125,2.0,25.0,0.0,0.0,4.0,6.6809557477984125,0.1996262487056767,3.734815387584596,True
QUINN ST,5,3,3.0,0,0.0,1.0,3,550.4781004931945,2.0,25.0,0.0,0.0,2.0,6.6809557477984125,0.1996262487056767,3.734815387584596,True
BRUNSWICK AVE,24,0,0.0,2,1.0,,9,2258.3953919148926,2.0,25.0,0.0,0.0,6.0,14.750069411420647,0.2531265133154761,3.733633641274165,True
GILES PL,19,2,2.0,0,0.0,1.0,7,1650.6204379476524,1.5,25.0,0.0,0.0,4.0,6.715834072324597,0.3666672801021341,3.729142052712231,True
MELVILLE ST,18,1,1.0,0,0.0,1.0,7,2135.259675172482,1.8333333333333333,25.0,0.0,0.0,6.0,12.437149904813534,0.23816596166483964,3.7239398057848443,True
HEWITT PL,19,2,2.0,2,2.0,1.0,6,1398.9322189155732,1.0,25.0,0.0,0.0,4.0,7.714175895311029,0.30168573525491343,3.7238853563528114,True
ZOLLER RD,3,4,4.0,0,0.0,1.0,1,1165.6079125448725,2.6666666666666665,25.0,0.0,0.0,3.0,2.480986729717546,0.182927259892112,3.7221310647274746,True
MONTEREY AVE,15,3,3.0,1,1.0,1.0,4,1548.9784692321225,1.25,25.0,0.0,0.0,4.0,5.482142977625654,0.28839643964327316,3.715841197432791,True
93 RD,9,1,1.0,2,1.0,1.0,7,3300.0429890498604,2.0,25.0,0.0,0.0,9.0,12.32320988202622,0.2398398914024244,3.715757428432027,True
JUSTIN AVE,6,3,3.0,0,0.0,1.0,3,2285.494935906708,2.0,25.0,0.0,0.0,10.0,6.460377056731021,0.20504458686404484,3.709531583991232,True
HILBURN AVE,6,3,3.0,4,4.0,1.0,4,2066.4310796134714,1.3333333333333333,25.0,0.0,0.0,6.0,5.409496642638454,0.29114184255215037,3.70150529216098,True
OLD MILL RD,4,3,3.0,1,1.0,1.0,3,1798.7740158376305,1.8888888888888888,25.0,0.0,0.0,9.0,6.373816754063126,0.20725209647747347,3.6992305954104077,True
ROSS AVE,4,3,3.0,2,1.0,1.0,3,3395.740914753688,1.0769230769230769,25.0,1.0,0.75,13.0,6.372458105706274,0.2072871244437998,3.6990671430390374,True
SMART ST,13,3,3.0,1,1.0,1.0,5,2839.273845709071,1.0,25.0,0.0,0.0,5.0,4.9273485371323265,0.3604650449616371,3.6947417770941495,True
LUQUER ST,25,2,2.0,0,0.0,1.0,7,2126.038255267618,1.1428571428571428,25.0,0.0,0.0,7.0,6.519600927694492,0.3735806323318228,3.6884353724556016,True
96 PL,8,3,3.0,0,0.0,1.0,3,1153.2311438391775,1.6666666666666667,25.0,0.0,0.0,3.0,6.278413939349086,0.2097408375476131,3.687617285466847,True
KENSICO ST,5,3,3.0,1,1.0,1.0,3,1964.9115926790294,2.0,25.0,0.0,0.0,8.0,6.2683585946693405,0.21000663423919289,3.6863769879532464,True
RYERSON ST,15,5,2.0,2,0.0,0.4,6,2272.7102599541363,1.5,25.0,0.0,0.0,6.0,7.424978552865273,0.30979593190205107,3.6806362863335376,True
177 PL,8,1,1.0,1,1.0,1.0,7,2309.7080567175117,1.8333333333333333,25.0,0.0,0.0,6.0,11.809017680558089,0.24769634058949572,3.6773541248413975,True
NECKAR AVE,7,2,2.0,0,0.0,1.0,5,1563.9571125018558,1.8,25.0,0.0,0.0,5.0,9.262699552736677,0.23066841795731313,3.675275415929055,True
TRAFFIC AVE,19,2,2.0,4,4.0,1.0,5,2073.7031656409863,2.0,25.0,0.0,0.0,6.0,9.198074674517581,0.23191322269455844,3.669328694963457,True
HAIGHT ST,20,4,4.0,0,0.0,1.0,3,856.3713633522393,1.0,25.0,0.0,0.0,2.0,3.06032782434142,0.35253999764112304,3.6687279734098954,True
HOPKINS AVE,4,3,3.0,0,0.0,1.0,3,2098.179866506692,2.0,25.0,0.0,0.0,9.0,6.119661147557693,0.2140173520799106,3.6676616181868726,True
BEARD ST,18,3,3.0,2,1.0,1.0,3,2862.7756727678793,2.0,25.0,0.0,0.0,7.0,6.053950703959922,0.21583893849304683,3.659161478152803,True
BAY 47 ST,9,2,2.0,3,3.0,1.0,5,2082.2706488179715,1.5,25.0,0.0,0.0,4.0,8.968247783177118,0.23645112972188803,3.6476500605142714,True
WESTGATE ST,7,2,2.0,1,0.0,1.0,5,1344.7822345693287,2.0,25.0,0.0,0.0,4.0,8.960269087217691,0.23661185998865478,3.646882214748114,True
NEWARK AVE,8,2,2.0,0,0.0,1.0,5,1408.8636052417023,2.0,25.0,0.0,0.0,4.0,8.960269087217691,0.23661185998865478,3.646882214748114,True
NURGE AVE,19,2,2.0,2,2.0,1.0,5,1337.35306778154,2.0,25.0,0.0,0.0,6.0,8.960269087217691,0.23661185998865478,3.6468822147481137,True
166 PL,7,3,3.0,0,0.0,1.0,2,463.4906198732992,3.0,25.0,0.0,0.0,2.0,8.730300597455523,0.11288191770428203,3.646847320462773,True
RAMAPO AVE,2,4,4.0,0,0.0,1.0,1,2943.927545128677,2.0,25.0,0.0,0.0,4.0,2.2269852492661375,0.1996262487056767,3.6460597164111688,True
149 DR,2,4,4.0,0,0.0,1.0,1,1157.88832239272,2.0,25.0,0.0,0.0,4.0,2.2269852492661375,0.1996262487056767,3.6460597164111688,True
W 220 ST,14,5,5.0,3,3.0,1.0,2,503.2164874223177,1.0,25.0,0.0,0.0,3.0,1.6417627558892183,0.40357130274822384,3.6447118204566067,True
MACLAY AVE,10,3,3.0,2,2.0,1.0,4,1947.295753537581,1.2222222222222223,25.0,0.0,0.0,9.0,5.0923886384304025,0.3037643760195735,3.635593129143256,True
BAY 43 ST,12,1,1.0,5,1.0,1.0,7,3197.767636187649,1.2857142857142858,25.0,0.0,0.0,7.0,11.254191224680683,0.25677213078965483,3.6329905302858396,True
JANE ST,27,2,2.0,0,0.0,1.0,8,2111.3509841168607,1.0,23.333333333333332,0.0,0.0,6.0,5.725348679096218,0.4369757270380039,3.6278869475181375,True
CORTLANDT ST,12,2,2.0,2,2.0,1.0,6,2117.812170638084,1.7142857142857142,25.0,0.0,0.0,7.0,7.090962383724689,0.319723063227864,3.627698088102286,True
FRANKFORT ST,22,3,3.0,4,4.0,1.0,5,1666.9916734433234,1.1666666666666667,25.0,0.0,0.0,12.0,4.684930634833459,0.37217521329783176,3.6270894184111935,True
BAY 20 ST,23,1,1.0,2,2.0,1.0,8,3015.582130283493,1.0,25.0,0.0,0.0,4.0,8.86025309044229,0.33400705335181524,3.625379973338129,True
HERBERT ST,30,2,2.0,2,2.0,1.0,6,1813.2222793659098,1.2,25.0,0.0,0.0,5.0,7.065005505772602,0.32052122295759017,3.623441758997162,True
GRANITE ST,12,4,4.0,3,3.0,1.0,2,1149.1429541378507,1.5,25.0,0.0,0.0,2.0,2.7035280224346563,0.29123498383991603,3.6224220045648536,True
92 RD,8,3,3.0,0,0.0,1.0,4,3424.925461057615,1.5555555555555556,25.0,0.0,0.0,9.0,5.0248902400237085,0.3065937573019857,3.6208187068129885,True
MIDLAND RD,2,4,4.0,0,0.0,1.0,2,1602.9280451252018,2.0,25.0,0.0,0.0,5.0,2.69269385709471,0.2920645398006089,3.618182232993857,True
ALTER AVE,6,2,2.0,1,1.0,1.0,5,4089.354677310673,1.8,25.0,0.0,0.0,10.0,8.660133570535884,0.24282094919776315,3.6172199553814104,True
WOLCOTT ST,11,2,2.0,3,3.0,1.0,5,2989.6973572813235,1.5,25.0,0.0,0.0,6.0,8.618111169157332,0.24371639563419106,3.612942200053407,True
91 RD,13,2,1.0,3,3.0,0.5,7,3153.113810105253,1.8181818181818181,25.0,0.0,0.0,11.0,10.981980618010255,0.26147257479088865,3.610014173703887,True
MINFORD PL,16,3,3.0,0,0.0,1.0,4,1317.6180810173305,1.0,25.0,0.0,0.0,2.0,4.963030363605314,0.3092334702930189,3.607034691628238,True
KINGSBURY AVE,10,2,2.0,1,0.0,1.0,5,4462.56209309756,1.7142857142857142,25.0,0.0,0.0,14.0,8.53286869119201,0.24555324838544546,3.6041671283977723,True
41 DR,4,3,3.0,0,0.0,1.0,4,2082.0833109516275,1.8,25.0,0.0,0.0,5.0,4.904574521995524,0.31177003910886564,3.5937892732082934,True
HAMDEN AVE,7,2,2.0,4,3.0,1.0,5,3877.7613441931608,1.875,25.0,0.0,0.0,8.0,8.397743487799982,0.24852242114188017,3.5899827014327483,True
MARYLAND AVE,9,1,1.0,0,0.0,1.0,7,3789.215164744166,1.5,25.0,0.0,0.0,12.0,10.751152403225566,0.2655954045651654,3.589861267511279,True
73 RD,4,2,2.0,0,0.0,1.0,4,1351.0780268714843,2.4,25.0,0.0,0.0,5.0,12.286884349847634,0.15313502723622271,3.5752823150897903,True
BAY 44 ST,12,2,2.0,3,2.0,1.0,5,3002.1541590714032,1.4285714285714286,25.0,0.0,0.0,7.0,8.23476981188316,0.2522004638254214,3.572411838401668,True
NEAL DOW AVE,14,1,1.0,2,2.0,1.0,8,3143.6336219777777,1.3,25.0,0.0,0.0,10.0,8.47285027381978,0.34402494215029206,3.570846883148644,True
THORNHILL AVE,5,2,2.0,3,2.0,1.0,5,4573.23494108212,1.6842105263157894,25.0,0.0,0.0,19.0,8.185861411471938,0.2533255770447449,3.567036911579949,True
ELLWOOD ST,17,3,3.0,0,0.0,1.0,4,1300.0035360389002,1.0,25.0,0.0,0.0,5.0,4.784318528967495,0.3171214034565709,3.565845596119736,True
HAMPTON AVE,6,3,3.0,0,0.0,1.0,4,2625.200979217994,1.0,25.0,0.0,0.0,10.0,4.784318528967495,0.3171214034565709,3.565845596119736,True
HARRINGTON AVE,7,3,3.0,1,0.0,1.0,3,1598.385579664101,2.0,25.0,0.0,0.0,4.0,5.3761614523306145,0.23661185998865475,3.56222798086929,True
TUDOR RD,5,3,3.0,0,0.0,1.0,3,2971.8937944732183,2.0,25.0,0.0,0.0,5.0,5.3761614523306145,0.23661185998865475,3.56222798086929,True
WATSON PL,5,3,3.0,0,0.0,1.0,3,813.0095739672545,2.0,25.0,0.0,0.0,1.0,5.3761614523306145,0.23661185998865475,3.5622279808692894,True
CRANSTON ST,6,3,3.0,0,0.0,1.0,3,1092.5471365650506,2.0,25.0,0.0,0.0,5.0,5.3761614523306145,0.23661185998865475,3.5622279808692894,True
113 RD,8,1,1.0,0,0.0,1.0,6,2115.1594228252566,2.4,25.0,0.0,0.0,5.0,15.164966039619618,0.18016771618197194,3.552069581153458,True
67 PL,14,2,2.0,4,4.0,1.0,6,2247.3501725528035,1.0,25.0,0.0,0.0,4.0,6.645189817831717,0.3340070533518153,3.5515261633138273,True
WESTCOTT BLVD,8,1,1.0,2,2.0,1.0,6,2891.7248082433534,2.0,25.0,0.0,0.0,11.0,15.149603292885548,0.18031747426097203,3.551420727567855,True
MONUMENT WALK,16,2,2.0,4,4.0,1.0,5,2455.8874892249687,1.3,25.0,1.0,0.75,10.0,8.011577281060411,0.25741783847506344,3.54748722951637,True
BEDELL AVE,7,3,3.0,1,0.0,1.0,3,4537.783461657721,1.9,25.0,0.0,0.0,20.0,5.249968125187266,0.24092902470853603,3.542082626026661,True
MAYVILLE ST,5,2,2.0,1,0.0,1.0,5,2392.058003739789,1.8,25.0,0.0,0.0,10.0,7.932762725641744,0.25931216924791994,3.5384375720193626,True
SELOVER RD,13,2,2.0,0,0.0,1.0,5,1413.2767418478975,1.6666666666666667,25.0,0.0,0.0,3.0,7.894928495543017,0.26023146542289194,3.534045880958323,True
EASTBURN AVE,31,3,3.0,1,1.0,1.0,4,1407.2801745262252,1.2,25.0,0.0,0.0,5.0,4.631050733675255,0.32421401391007093,3.52880950525582,True
WINTER AVE,18,3,3.0,0,0.0,1.0,6,1622.9853983485596,1.0,20.0,0.0,0.0,2.0,4.185785034955992,0.4432658876655502,3.525618056100293,True
21 DR,11,3,3.0,0,0.0,1.0,4,1613.1548405202586,1.0,25.0,0.0,0.0,4.0,4.606674667031755,0.3253713849929506,3.5227659616452094,True
LESLIE RD,15,1,1.0,0,0.0,1.0,6,1572.7847326603437,2.3333333333333335,25.0,0.0,0.0,6.0,14.380260230438559,0.1881493761943482,3.517487615675061,True
SHELDON AVE,9,0,0.0,0,0.0,,8,9100.712195493745,2.0,25.0,0.0,0.0,14.0,16.809485994619752,0.20907915032687155,3.514513049186545,True
STRONGHURST AVE,10,2,2.0,1,0.0,1.0,5,2833.014497051609,1.5555555555555556,25.0,0.0,0.0,9.0,7.725411663419082,0.2644317044531775,3.51398036485401,True
DEAN AVE,12,3,3.0,0,0.0,1.0,3,2654.8138857776416,1.7142857142857142,25.0,0.0,0.0,7.0,5.078241129878764,0.24706343421163549,3.5134573906677167,True
MAPLE PKWY,14,1,1.0,1,1.0,1.0,7,4600.972056145697,1.2,25.0,0.0,0.0,10.0,9.928536191899687,0.28140842093901663,3.5125652710593513,True
MINERVA PL,14,4,4.0,0,0.0,1.0,3,617.339260482099,1.0,25.0,0.0,0.0,3.0,2.716230297128481,0.38021968242366216,3.511885491269072,True
COLONIAL AVE,10,2,2.0,0,0.0,1.0,5,3065.7258777450697,1.9,25.0,0.0,0.0,10.0,7.693827517619967,0.2652293171046058,3.5101699842097567,True
CRANDALL AVE,6,3,3.0,0,0.0,1.0,3,713.1391284685761,2.0,25.0,0.0,0.0,3.0,5.022132381304819,0.24913601835920163,3.5037860100734934,True
MANTON ST,20,1,1.0,0,0.0,1.0,6,1883.069125839806,2.0,25.0,0.0,0.0,7.0,13.868973997514274,0.19374175673291893,3.49325762962867,True
BRIGHTON 10 ST,10,3,3.0,1,1.0,1.0,5,1402.5427334016813,1.0,25.0,0.0,0.0,6.0,4.2445449484451485,0.3955169740904534,3.4922386521285844,True
W 203 ST,12,3,3.0,1,1.0,1.0,3,889.0712494421614,1.5,25.0,0.0,0.0,2.0,4.932446453011799,0.2525220951843733,3.48798542714615,True
KINGSBOROUGH 7 WALK,8,3,3.0,0,0.0,1.0,2,283.592476481577,2.0,25.0,1.0,0.75,1.0,6.187459861977716,0.15221144214304433,3.4851678623646976,True
BRISBIN ST,12,3,3.0,1,1.0,1.0,4,1465.4101224511824,1.0,25.0,0.0,0.0,4.0,4.430126545221145,0.33400705335181524,3.4776723532895257,True
LOUBET ST,5,3,3.0,2,1.0,1.0,4,3621.569422465441,1.0,25.0,0.0,0.0,6.0,4.430126545221145,0.33400705335181524,3.4776723532895257,True
DURLAND PL,3,4,4.0,0,0.0,1.0,1,407.077627702789,2.0,25.0,0.0,0.0,1.0,1.792053817443538,0.23661185998865475,3.4775737469904655,True
MEYER AVE,8,4,4.0,3,3.0,1.0,2,1492.5659823689764,1.6,25.0,0.0,0.0,10.0,2.3529066831072267,0.320715096978429,3.4717523071402123,True
ROFF ST,6,3,3.0,3,3.0,1.0,3,1445.5956378630449,2.0,25.0,0.0,0.0,6.0,4.81160987640943,0.2572325220914693,3.4660049775546122,True
175 PL,7,2,2.0,0,0.0,1.0,5,3658.3508497869702,1.5,25.0,0.0,0.0,8.0,7.3380442872863,0.2745581916682053,3.46560378656212,True
TENNYSON DR,5,2,2.0,1,0.0,1.0,4,4101.6518203114465,2.0,25.0,0.0,0.0,19.0,10.115575184448808,0.18008596877157076,3.4615012192299828,True
ARLO RD,5,2,2.0,1,1.0,1.0,4,2290.7056985086638,2.0,25.0,0.0,0.0,2.0,10.099735528590365,0.18031747426097205,3.460523852697274,True
HORNELL LOOP,7,2,2.0,0,0.0,1.0,4,1020.9927058861571,2.0,25.0,0.0,0.0,2.0,10.099735528590365,0.18031747426097205,3.460523852697274,True
LISK AVE,8,2,2.0,2,2.0,1.0,4,1646.968800344932,2.0,25.0,0.0,0.0,4.0,10.099735528590365,0.18031747426097205,3.460523852697274,True
ROYAL OAK RD,4,3,3.0,1,1.0,1.0,2,1653.248790081618,2.0,25.0,0.0,0.0,5.0,5.903340454407184,0.15837693783093035,3.4598221706496717,True
68 PL,8,3,3.0,1,0.0,1.0,4,1696.5785428290142,1.0,25.0,0.0,0.0,3.0,4.313051005066706,0.33999099124902826,3.4464255127731622,True
S 5 PL,7,3,3.0,0,0.0,1.0,2,228.65776403655676,2.0,25.0,0.0,0.0,1.0,5.657320798979029,0.16413382466851614,3.4361562261076255,True
89 RD,8,1,1.0,1,1.0,1.0,6,1709.6840899140286,2.3333333333333335,25.0,0.0,0.0,6.0,12.763370710755382,0.20704946487349138,3.4355996107704034,True
PELTON AVE,10,1,1.0,0,0.0,1.0,7,8253.703761483503,1.5454545454545454,25.0,0.0,0.0,11.0,9.065445733621562,0.30015853494068967,3.420912375047484,True
BUTTRICK AVE,10,1,1.0,0,0.0,1.0,6,1748.2297623796142,2.0,25.0,0.0,0.0,3.0,12.482007654192614,0.21073313398371588,3.419639457393023,True
DIGNEY AVE,20,2,2.0,2,2.0,1.0,7,1785.396560437171,1.0,25.0,0.0,0.0,3.0,5.357025090018447,0.4205583260255459,3.4118248522839156,True
ONSLOW PL,2,4,4.0,0,0.0,1.0,2,306.6308647827175,1.0,25.0,0.0,0.0,1.0,2.2150632726105726,0.33400705335181524,3.403818543265225,True
53 PL,11,4,4.0,5,3.0,1.0,2,780.6448955781832,1.0,25.0,0.0,0.0,2.0,2.2150632726105726,0.33400705335181524,3.403818543265225,True
112 PL,9,4,4.0,0,0.0,1.0,2,467.3630133198853,1.0,25.0,0.0,0.0,1.0,2.2150632726105726,0.33400705335181524,3.4038185432652246,True
YETMAN AVE,9,1,1.0,4,1.0,1.0,7,5924.198916737028,1.3333333333333333,25.0,0.0,0.0,9.0,8.884572189999286,0.30440906544238217,3.4001352517706795,True
MERRITT AVE,21,1,1.0,2,2.0,1.0,6,2449.0270550890446,2.0,25.0,0.0,0.0,5.0,12.13278466368185,0.21549166305049894,3.3990222815598914,True
SCRIBNER AVE,12,3,3.0,2,1.0,1.0,6,1561.9974965466222,1.0,20.0,0.0,0.0,2.0,3.8553825429677575,0.4636408060499971,3.3965902517026674,True
ROBINSON AVE,6,2,2.0,1,0.0,1.0,5,6091.03092189186,1.3333333333333333,25.0,0.0,0.0,9.0,6.821606703060759,0.2893299962916608,3.395035449516416,True
ALBION PL,5,3,3.0,4,2.0,1.0,3,1194.1083581990217,1.5,25.0,0.0,0.0,2.0,4.402826572371779,0.2745581916682053,3.3851575269345027,True
MADISON PL,7,2,2.0,0,0.0,1.0,5,2566.1547897272517,1.25,25.0,0.0,0.0,4.0,6.723244231593823,0.29232555282512374,3.3807249811287408,True
BRIAR PL,7,4,4.0,1,1.0,1.0,3,1107.5258449554738,1.0,25.0,0.0,0.0,3.0,2.4626441338338276,0.4035713027482239,3.3795672903036937,True
SPRATT AVE,6,2,2.0,0,0.0,1.0,4,2020.0746261190661,2.0,25.0,0.0,0.0,9.0,8.90794099706455,0.1996262487056767,3.379006347524148,True
EGGERT PL,11,3,3.0,0,0.0,1.0,4,1458.061103207191,1.5,25.0,0.0,0.0,2.0,4.056391045772203,0.35389026159841674,3.3738465035385503,True
BARROW ST,15,1,1.0,2,0.0,1.0,8,2458.353635843182,1.1111111111111112,23.333333333333332,0.0,0.0,9.0,7.242637827158584,0.380240601784175,3.3737043641194346,True
223 PL,9,2,2.0,0,0.0,1.0,4,2391.67315382139,1.8,25.0,0.0,0.0,5.0,8.830670110779955,0.2010218930420717,3.3731142364148843,True
STEPHEN ST,24,2,2.0,3,3.0,1.0,6,2250.1025303859633,1.0,25.0,0.0,0.0,4.0,5.731918624340828,0.3676587447994703,3.372072517118915,True
FIELDWAY AVE,8,2,2.0,4,3.0,1.0,4,2073.2550450454164,2.0,25.0,0.0,0.0,8.0,8.797465635570118,0.20162763533293998,3.3705569223569225,True
LATIMER PL,9,3,3.0,0,0.0,1.0,2,308.8128386868241,2.0,25.0,0.0,0.0,1.0,5.049867764295183,0.18031747426097205,3.3696269778266927,True
W ALLEY RD,9,2,2.0,23,23.0,1.0,3,1250.3004907360369,4.0,25.0,1.0,0.75,5.0,18.90967418916433,0.08098454945489401,3.3694223456385233,True
CASSIDY PL,4,2,2.0,3,0.0,1.0,4,2077.7047103458426,2.0,25.0,0.0,0.0,4.0,8.760689931221755,0.20230280172051365,3.3677065146498277,True
KENILWORTH AVE,10,2,2.0,0,0.0,1.0,4,1677.841656382495,2.0,25.0,0.0,0.0,7.0,8.739686384441022,0.20269043910904325,3.3660699927195905,True
DENMAN ST,15,3,3.0,0,0.0,1.0,6,1963.0447721026483,1.0,20.0,0.0,0.0,4.0,3.7734745800686165,0.4689848894591971,3.362747890432979,True
RUTHERFORD PL,7,3,3.0,4,4.0,1.0,4,1290.451224159079,1.0,25.0,0.0,0.0,5.0,4.011061685622589,0.356463984085714,3.3604070766134457,True
36 RD,14,3,3.0,0,0.0,1.0,4,646.9185931115613,1.0,25.0,0.0,0.0,2.0,3.993747831117406,0.3574569423993964,3.3552220612272596,True
W 214 ST,6,2,2.0,4,4.0,1.0,4,1008.5282463478912,1.6,24.0,1.0,0.75,5.0,8.447614477380798,0.20823903442595043,3.3426450131205567,True
DOANE AVE,3,3,3.0,6,6.0,1.0,2,2790.033782213639,2.0,25.0,0.0,0.0,4.0,4.7504148491667815,0.1895298542830546,3.3317558712974753,True
SHIRLEY AVE,3,4,3.0,0,0.0,0.75,2,4397.574503758192,1.75,25.0,0.0,0.0,12.0,4.717265610853433,0.1906078569529604,3.3273243179037895,True
PIKE SLIP,9,3,3.0,1,1.0,1.0,2,806.428199930816,3.0,25.0,0.0,0.0,5.0,4.673989346241375,0.19203377987984166,3.321462501637316,True
RICE AVE,5,2,2.0,0,0.0,1.0,4,2452.2637159606074,2.0,25.0,0.0,0.0,4.0,8.175704177262347,0.2136848044883725,3.31965413969633,True
LOCUST ST,11,4,4.0,2,2.0,1.0,2,549.7261631862814,1.0,25.0,0.0,0.0,1.0,2.040218549560947,0.35253999764112304,3.3090986520851002,True
E AVE,20,4,4.0,2,2.0,1.0,2,651.8030643423324,1.0,25.0,0.0,0.0,2.0,2.040218549560947,0.35253999764112304,3.3090986520851,True
MANSION ST,20,1,1.0,0,0.0,1.0,6,1203.760716677181,2.0,25.0,0.0,0.0,4.0,10.752322904661229,0.23661185998865475,3.3075152616818535,True
GRANGER ST,22,1,1.0,0,0.0,1.0,6,1563.6587717819355,2.0,25.0,0.0,0.0,3.0,10.752322904661229,0.23661185998865475,3.3075152616818535,True
RIDGEDALE ST,4,3,3.0,2,2.0,1.0,2,966.6438040121333,2.0,25.0,0.0,0.0,6.0,4.552442966406694,0.19615520438849451,3.3045197673769855,True
NORWAY AVE,14,1,1.0,5,4.0,1.0,6,2926.647191354804,1.8181818181818181,25.0,0.0,0.0,11.0,10.684740736844454,0.23775263649950032,3.3025726439988823,True
ADAMS AVE,9,0,0.0,0,0.0,,7,4741.052042448681,1.75,25.0,1.0,0.75,12.0,21.84714634961921,0.1510815534500866,3.3007008089518584,True
GRATTAN ST,17,1,1.0,0,0.0,1.0,7,1841.272330994278,1.0,25.0,0.0,0.0,4.0,8.061680667305572,0.3253713849929506,3.2976688190991577,True
CLARENCE AVE,12,1,1.0,1,1.0,1.0,6,3620.6125999581136,2.0,25.0,0.0,0.0,6.0,10.61009329990522,0.23902552724135018,3.2970576178484117,True
E 238 ST,11,1,1.0,1,1.0,1.0,8,2952.8845883470926,1.0,25.0,0.0,0.0,5.0,6.791271917512238,0.3955169740904534,3.290546344949458,True
PARKINSON AVE,10,2,2.0,3,2.0,1.0,4,3306.3543070020205,2.0,25.0,0.0,0.0,14.0,7.803139821983678,0.22162614453497254,3.286127504943609,True
MANN AVE,9,2,2.0,1,0.0,1.0,4,1855.5482968466845,2.0,25.0,0.0,0.0,3.0,7.741319527723842,0.22300131757061326,3.280321819276308,True
CASALS PL,12,3,3.0,0,0.0,1.0,2,417.49811841853256,2.0,25.0,0.0,0.0,4.0,4.30691803782068,0.20504458686404484,3.2679764691301094,True
239 ST,10,1,1.0,6,6.0,1.0,7,3985.5846787957644,1.2777777777777777,25.0,0.0,0.0,18.0,7.789387452581276,0.33295831095675893,3.2605829786424745,True
EAMES PL,5,3,3.0,1,1.0,1.0,3,486.7145248465175,1.0,25.0,0.0,0.0,2.0,3.8570879476555144,0.30168573525491343,3.258571207666579,True
BRISTOW ST,11,3,3.0,1,0.0,1.0,3,1256.8071787582935,1.0,25.0,0.0,0.0,3.0,3.8570879476555144,0.30168573525491343,3.258571207666579,True
BAY 22 ST,22,1,1.0,0,0.0,1.0,7,2510.7710725786646,1.0,25.0,0.0,0.0,4.0,7.752721454137004,0.33400705335181524,3.2554565950018857,True
WRIGHT AVE,6,2,2.0,1,1.0,1.0,4,1267.8952694633292,2.0,25.0,0.0,0.0,2.0,7.453880911532832,0.22962610050476365,3.2523534063326505,True
AMITY ST,20,1,1.0,0,0.0,1.0,6,1971.4470763815837,1.75,25.0,0.0,0.0,4.0,9.995297419040725,0.2500513508315902,3.24928627076305,True
MEISNER AVE,10,4,3.0,4,3.0,0.75,4,2873.200428953394,2.0,25.0,0.0,0.0,9.0,3.6427798260035202,0.3788491414260836,3.243516585207441,True
RIDGEWOOD PL,21,2,2.0,0,0.0,1.0,5,1606.4829227562395,1.0,25.0,0.0,0.0,4.0,5.869201754145017,0.32119970462249553,3.2427864605562213,True
NASSAU BLVD,17,2,1.0,6,6.0,0.5,5,1001.1060869884594,1.8,25.0,0.0,0.0,5.0,16.77956789714766,0.14200850721965472,3.2408328816451255,True
MARKET SLIP,7,2,2.0,1,1.0,1.0,3,392.66422529899614,2.0,25.0,0.0,0.0,2.0,12.280967027642532,0.11947390756287422,3.2283073043175214,True
DOBBIN ST,19,2,2.0,1,1.0,1.0,6,1321.994417880108,1.0,25.0,0.0,0.0,2.0,5.093453938134179,0.3955169740904534,3.2235135410990265,True
AUBREY AVE,6,2,2.0,1,1.0,1.0,4,1244.527968125909,2.0,25.0,0.0,0.0,1.0,7.168215269774152,0.23661185998865475,3.222861027803029,True
WANAMAKER PL,6,3,3.0,3,3.0,1.0,2,449.24610743138487,1.5,25.0,0.0,0.0,2.0,4.01268667021855,0.2168196651635125,3.219570384752339,True
TRYON AVE,27,2,2.0,1,1.0,1.0,4,1334.4426695314387,2.0,23.333333333333332,0.0,0.0,3.0,7.133177464310249,0.23749805914276167,3.219119685009047,True
ONEIDA AVE,12,2,2.0,0,0.0,1.0,5,2114.5408198555915,1.2857142857142858,25.0,0.0,0.0,7.0,5.705415691144049,0.32740154598927496,3.2131588258134793,True
JOLINE AVE,7,2,2.0,3,2.0,1.0,4,4628.021789059498,2.0,25.0,0.0,0.0,16.0,6.955158096834838,0.24210517626545633,3.1996694244574018,True
BAY 24 ST,4,3,3.0,0,0.0,1.0,3,2691.117912968421,1.5,25.0,0.0,0.0,6.0,3.5993225947549368,0.31645389421832015,3.189657969003228,True
ADA DR,7,1,1.0,2,1.0,1.0,5,3135.7620883401983,2.0,25.0,0.0,0.0,5.0,14.912766969758518,0.1569944670344263,3.1842274353914086,True
TYRELLAN AVE,11,3,3.0,3,3.0,1.0,2,2512.910640061538,2.15,25.0,0.0,0.0,20.0,3.813616191224941,0.22558447701423653,3.1835391829877935,True
MARTHA AVE,9,2,2.0,0,0.0,1.0,5,1617.6650234802837,1.0,25.0,0.0,0.0,7.0,5.537658181526432,0.33400705335181524,3.181602784977584,True
MILTON ST,15,2,2.0,1,1.0,1.0,5,1445.73983625519,1.0,25.0,0.0,0.0,2.0,5.537658181526432,0.33400705335181524,3.181602784977584,True
DAHLGREN PL,28,0,0.0,3,3.0,,7,2717.862355730576,2.125,27.5,0.0,0.0,8.0,17.307021239540067,0.18344411209221598,3.1748711442485504,True
WESTSIDE AVE,16,3,3.0,1,1.0,1.0,3,1232.282910104671,1.5,25.0,0.0,0.0,6.0,3.542952145354678,0.31987828482083674,3.1736786009958475,True
ANTHONY ST,16,1,1.0,1,1.0,1.0,6,2483.7699626459976,1.5714285714285714,25.0,0.0,0.0,7.0,9.094694174630696,0.26817240236560946,3.1707735832256185,True
SUMMIT AVE,26,1,1.0,2,2.0,1.0,7,3411.323926533706,1.375,25.0,0.0,0.0,8.0,7.1374897488906095,0.35264472015232234,3.1643533549352765,True
PHELAN PL,9,3,3.0,1,0.0,1.0,2,918.1001414701428,2.0,25.0,0.0,0.0,3.0,3.6792298698070325,0.2319132226945584,3.1575223880573544,True
HOWARD ST,31,3,3.0,2,2.0,1.0,4,977.7406231202639,1.0,25.0,0.0,0.0,4.0,3.395635958756119,0.3955169740904534,3.1564807372485957,True
NEW ST,8,2,2.0,0,0.0,1.0,5,2696.954446711944,1.4285714285714286,25.0,0.0,0.0,7.0,5.398638663528126,0.33968638730226136,3.154471289359655,True
KISSEL AVE,4,2,2.0,0,0.0,1.0,4,4070.7078227335,1.8,25.0,0.0,0.0,10.0,6.5568561787970205,0.25308990020330835,3.1532942755325672,True
PLATT ST,11,1,1.0,3,2.0,1.0,6,2065.5673210256605,1.7142857142857142,25.0,0.0,0.0,7.0,8.898441924803343,0.27247531462161445,3.152130448481341,True
SUNSET AVE,5,1,1.0,0,0.0,1.0,5,2272.5058699212896,2.0,25.0,0.0,0.0,8.0,13.761059162529001,0.16792738338690633,3.142931274409001,True
BURLING ST,20,2,2.0,2,0.0,1.0,5,2978.886541379513,1.1,25.0,0.0,0.0,10.0,5.333695139135026,0.34240622819468786,3.1414779785421896,True
CURTIS ST,13,2,2.0,1,0.0,1.0,5,2190.007368250057,1.25,25.0,0.0,0.0,4.0,5.3270976920362525,0.3426849689512761,3.140146369293306,True
JARDINE PL,4,3,3.0,0,0.0,1.0,2,389.93929943084726,2.0,25.0,0.0,0.0,1.0,3.584107634887076,0.23661185998865475,3.138206793924205,True
DESARC RD,7,3,3.0,0,0.0,1.0,2,1334.2764829357316,2.0,25.0,0.0,0.0,3.0,3.584107634887076,0.23661185998865475,3.138206793924205,True
STEWART ST,5,3,3.0,1,1.0,1.0,2,820.2913130358439,2.0,25.0,0.0,0.0,3.0,3.584107634887076,0.23661185998865475,3.138206793924205,True
IRWIN ST,5,2,2.0,3,3.0,1.0,4,1168.9827322238452,1.3333333333333333,25.0,0.0,0.0,3.0,6.4267210047895,0.2568981759960879,3.1372165517739923,True
BESSEMUND AVE,5,2,2.0,1,1.0,1.0,4,1431.3358041506926,2.0,25.0,0.0,0.0,6.0,6.415479835212573,0.2572325220914693,3.135805014255755,True
FORT PL,20,3,3.0,6,4.0,1.0,4,933.9549264398795,1.0,20.0,0.0,0.0,5.0,3.3304669887861076,0.4001593122353323,3.13223944294913,True
LOUIS PL,11,3,3.0,2,2.0,1.0,2,461.8178164752252,1.5,25.0,0.0,0.0,2.0,3.5271658691953442,0.23951676010038556,3.1262650610251725,True
NAPIER AVE,3,3,3.0,0,0.0,1.0,3,979.0778698026073,1.0,25.0,0.0,0.0,4.0,3.3225949089158586,0.3340070533518153,3.1077489749532834,True
WILLIAMS PL,11,3,3.0,0,0.0,1.0,3,623.1556230589136,1.0,25.0,0.0,0.0,2.0,3.3225949089158586,0.3340070533518153,3.1077489749532834,True
SILVER RD,7,3,3.0,0,0.0,1.0,3,1103.608799614798,1.0,25.0,0.0,0.0,4.0,3.3225949089158586,0.3340070533518153,3.1077489749532834,True
NORTON DR,6,2,2.0,0,0.0,1.0,5,2171.0643200851455,1.0,25.0,0.0,0.0,3.0,5.100546373902367,0.35253999764112304,3.093066611341733,True
CROMMELIN ST,8,2,2.0,0,0.0,1.0,3,923.0538067931302,2.0,25.0,0.0,0.0,4.0,8.716328771771991,0.16049238795729548,3.0779196428879763,True
W SERVICE RD,30,9,0.0,7,5.0,0.0,7,10455.929167525295,1.7272727272727273,27.727272727272727,0.0,0.0,11.0,14.684614346975703,0.20934578991477723,3.074162190061499,True
LOTT ST,20,2,2.0,0,0.0,1.0,5,1672.582402243693,1.0,25.0,0.0,0.0,4.0,4.992184788896758,0.3574569423993964,3.0695772257330183,True
GARFIELD ST,15,1,1.0,4,4.0,1.0,6,1303.8272605344114,1.75,25.0,0.0,0.0,4.0,8.07464879840065,0.29215242991018575,3.066875837213926,True
TOTTEN ST,7,2,2.0,2,2.0,1.0,4,1850.9359386410492,1.5,25.0,0.0,0.0,6.0,5.8704354298290395,0.2745581916682053,3.0626597525824137,True
OLIVE ST,29,2,2.0,1,1.0,1.0,5,1453.933256443822,1.1666666666666667,25.0,0.0,0.0,6.0,4.959509606665638,0.3589666180998329,3.062365154738731,True
28 RD,14,1,1.0,9,8.0,1.0,5,2336.2948219152518,1.8333333333333333,24.166666666666668,0.0,0.0,6.0,11.827904600933518,0.19015446671610634,3.0589744250433872,True
SUMNER PL,20,2,2.0,5,5.0,1.0,4,1134.7460075944696,1.6666666666666667,25.0,0.0,0.0,3.0,5.817397548226508,0.2763695678569053,3.0550125107413697,True
134 RD,17,0,0.0,1,1.0,,7,4171.801806536986,1.9444444444444444,25.0,0.0,0.0,18.0,14.11360304852311,0.21598619758957027,3.048343456739074,True
MAJOR AVE,9,1,1.0,4,4.0,1.0,6,6789.837399937266,1.7391304347826086,25.0,0.0,0.0,23.0,7.868553748964818,0.2975278358467579,3.043585932326638,True
GUERNSEY ST,31,1,1.0,0,0.0,1.0,7,1900.9802211102758,1.0,25.0,0.0,0.0,4.0,6.387594886844693,0.3783797998873037,3.038557075158155,True
LAFONTAINE AVE,20,1,1.0,2,2.0,1.0,6,1710.793264941311,1.0,25.0,0.0,0.0,4.0,7.781823228552781,0.2998495543577923,3.0335266728148755,True
BAYVIEW AVE,9,4,2.0,1,0.0,0.5,4,7007.201535618458,1.8571428571428572,25.0,0.0,0.0,14.0,5.647302027870043,0.28234347841739216,3.029791941387636,True
DELMAR AVE,5,2,2.0,6,1.0,1.0,3,4075.041807390338,2.0,25.0,0.0,0.0,14.0,7.930774150215971,0.17362920658773007,3.029755610153018,True
HYATT ST,12,3,3.0,2,1.0,1.0,2,772.0008432572779,1.3333333333333333,25.0,0.0,0.0,3.0,3.1031990836477155,0.26361380262450157,3.0272047028677376,True
PURITAN AVE,6,2,2.0,0,0.0,1.0,4,3205.872064269083,1.9,25.0,0.0,0.0,10.0,5.6195712299422915,0.2833419803544708,3.0255764803259164,True
E 190 ST,26,3,3.0,2,2.0,1.0,3,836.4770659154804,1.0,25.0,0.0,0.0,3.0,3.06032782434142,0.35253999764112304,3.0212679710510186,True
SWINNERTON ST,6,1,1.0,0,0.0,1.0,5,3711.109135671262,2.0,25.0,0.0,0.0,4.0,10.950862414027194,0.20230280172051365,3.013087345893055,True
COLLFIELD AVE,7,1,1.0,3,3.0,1.0,5,5742.684232198508,2.0,25.0,0.0,0.0,12.0,10.889617859729803,0.2032093709076023,3.0096630237922812,True
PINSON ST,30,2,2.0,3,3.0,1.0,4,1242.8489472034153,1.75,25.0,0.0,0.0,4.0,5.509127555972479,0.28738979835761774,3.008487460722091,True
DENKER PL,8,2,2.0,1,1.0,1.0,4,1365.6731217232289,1.0,25.0,0.0,0.0,7.0,5.505318184396929,0.2875314781596339,3.0078893189794935,True
WILCOX AVE,10,0,0.0,0,0.0,,7,4127.430059553635,2.0,25.0,0.0,0.0,8.0,13.107000769428318,0.22877881855057786,2.9986041507713255,True
OAKLAND PL,7,2,2.0,0,0.0,1.0,5,1463.7824064573106,1.0,25.0,0.0,0.0,4.0,4.669385967749253,0.37295212166744846,2.995553160221399,True
KOSSUTH PL,9,3,3.0,0,0.0,1.0,2,710.0437077100403,1.5,25.0,0.0,0.0,2.0,2.9352177149145198,0.2745581916682053,2.9822134929547963,True
208 PL,6,2,2.0,0,0.0,1.0,3,2105.8259532444968,2.0,25.0,0.0,0.0,4.0,7.237501494733193,0.187148359235598,2.980189811233309,True
OLIVER PL,5,3,3.0,1,0.0,1.0,2,1145.9038200374941,1.3333333333333333,25.0,0.0,0.0,3.0,2.9209950049486326,0.27552671106559534,2.978232013555743,True
OAKVILLE ST,3,2,2.0,0,0.0,1.0,3,1913.7402297866943,2.0,25.0,0.0,0.0,4.0,7.125622273750173,0.1895298542830546,2.971458442653849,True
WATKINS AVE,3,2,2.0,2,2.0,1.0,3,1011.9551160016649,2.0,25.0,0.0,0.0,2.0,7.125622273750173,0.1895298542830546,2.971458442653849,True
269 ST,7,0,0.0,0,0.0,,7,3347.360140808037,2.0,25.0,0.0,0.0,6.0,12.544376722104767,0.23661185998865472,2.968148308615593,True
COLLEGE RD,4,4,3.0,0,0.0,0.75,2,1648.610080262234,1.75,25.0,0.0,0.0,4.0,2.8812870918249667,0.2782672165173997,2.966966089477448,True
JACQUES AVE,7,2,2.0,1,0.0,1.0,4,2456.1999683312497,1.25,25.0,0.0,0.0,4.0,5.172463851818763,0.30047479301150565,2.9532454192117266,True
SEABURY PL,7,2,2.0,5,5.0,1.0,4,870.8625670431206,1.0,25.0,0.0,0.0,2.0,5.142783930207353,0.30168573525491343,2.9481330807319317,True
BARUCH DR,19,2,2.0,0,0.0,1.0,4,1452.1419761336635,1.0,25.0,0.0,0.0,10.0,5.142783930207353,0.30168573525491343,2.9481330807319317,True
BRIGHTON 14 ST,14,2,2.0,0,0.0,1.0,4,1498.797672780935,1.0,25.0,0.0,0.0,6.0,5.142783930207353,0.30168573525491343,2.9481330807319317,True
130 RD,4,2,2.0,0,0.0,1.0,3,1594.2387793102027,2.0,25.0,0.0,0.0,5.0,6.6809557477984125,0.1996262487056767,2.9344416362902725,True
43 RD,17,3,2.0,1,0.0,0.6666666666666666,4,1762.9965102749143,1.2,25.0,0.0,0.0,5.0,5.0279272267021735,0.3064653217096046,2.9279546916445525,True
PAIDGE AVE,14,2,2.0,0,0.0,1.0,3,1214.6095728836845,2.0,25.0,0.0,0.0,5.0,6.592581384060717,0.20176234416704028,2.9266099858260004,True
RENSSELAER AVE,5,2,2.0,0,0.0,1.0,3,9231.960106172823,2.0,25.0,0.0,0.0,13.0,6.545073869768641,0.20292964964793972,2.922330248016156,True
SNEDEN AVE,5,2,2.0,0,0.0,1.0,3,1625.2572337992158,1.8333333333333333,25.0,1.0,0.75,6.0,6.475787687669099,0.20465649828367397,2.91599903521954,True
WIRT AVE,3,2,2.0,1,1.0,1.0,3,1984.999000934834,2.0,25.0,0.0,0.0,6.0,6.460377056731021,0.20504458686404484,2.9145761708552764,True
CRAFTON AVE,3,2,2.0,3,3.0,1.0,3,1917.3932144293549,2.0,25.0,0.0,0.0,4.0,6.460377056731021,0.20504458686404484,2.9145761708552764,True
RYE AVE,4,2,2.0,0,0.0,1.0,3,1963.158290920527,2.0,25.0,0.0,0.0,5.0,6.4164050807113675,0.20616007627891383,2.9104864083180377,True
HAWTHORNE AVE,7,5,2.0,0,0.0,0.4,3,2799.746068279845,2.0,25.0,0.0,0.0,8.0,6.405419646300279,0.2064406542851749,2.9094577141829934,True
SEGUINE PL,4,2,2.0,0,0.0,1.0,3,1017.4913674138712,2.0,25.0,0.0,0.0,3.0,6.387117325944151,0.20690981221635743,2.9077376220822324,True
CAMBRIDGE AVE,12,1,1.0,1,1.0,1.0,5,3454.634321193605,1.9285714285714286,25.0,0.0,0.0,14.0,9.234928454769594,0.23120170381229044,2.9039294895150425,True
LAREDO AVE,3,2,2.0,0,0.0,1.0,3,2068.3586338040427,2.0,25.0,0.0,0.0,3.0,6.241003827096307,0.21073313398371588,2.8937200277209376,True
HOPKINS ST,12,2,2.0,0,0.0,1.0,3,1598.3996971813417,2.0,25.0,0.0,0.0,2.0,6.241003827096307,0.21073313398371588,2.8937200277209376,True
FAIRFIELD AVE,7,1,1.0,0,0.0,1.0,5,1850.7065714240518,2.0,25.0,0.0,0.0,6.0,9.079046589194958,0.23424145636087043,2.8924476390603497,True
E 191 ST,15,2,2.0,1,1.0,1.0,5,1279.631444572051,1.0,25.0,0.0,0.0,3.0,4.2445449484451485,0.3955169740904534,2.887755626219038,True
COFFEY ST,13,1,1.0,0,0.0,1.0,6,2904.979677172838,1.0,25.0,0.0,0.0,6.0,6.645189817831717,0.3340070533518153,2.8855332166656424,True
BAY 7 ST,17,1,1.0,0,0.0,1.0,6,2351.3393986529077,1.0,25.0,0.0,0.0,3.0,6.645189817831717,0.3340070533518153,2.8855332166656424,True
BARKER ST,7,1,1.0,1,1.0,1.0,5,1199.0048773715384,2.0,25.0,0.0,0.0,2.0,8.960269087217691,0.23661185998865478,2.8834940747367686,True
N 13 ST,11,1,1.0,2,1.0,1.0,5,971.9446144498356,2.0,25.0,0.0,0.0,2.0,8.960269087217691,0.23661185998865478,2.8834940747367686,True
HARKNESS AVE,7,2,2.0,2,2.0,1.0,3,965.0060285579018,2.4,25.0,0.0,0.0,5.0,6.101619957217374,0.2145144102802662,2.8798565863162557,True
WALLOON ST,3,2,2.0,0,0.0,1.0,3,501.19376741863914,2.0,25.0,0.0,0.0,3.0,6.095438760251593,0.21468524173584025,2.879230260258943,True
NOEL RD,7,2,2.0,1,1.0,1.0,3,931.3600096714447,2.0,25.0,0.0,0.0,5.0,6.066392331840925,0.21549166305049894,2.876273646204197,True
REGINA AVE,12,3,3.0,1,1.0,1.0,3,498.5988216376163,1.0,25.0,0.0,0.0,2.0,2.673690313980859,0.3839465093810451,2.874714535075726,True
BARNWELL AVE,5,2,2.0,0,0.0,1.0,3,1029.62298146586,2.0,25.0,0.0,0.0,2.0,6.022864641720828,0.21671153633783166,2.8718011769864615,True
PILGRIM AVE,7,2,2.0,0,0.0,1.0,4,3029.997056848475,1.0,25.0,0.0,0.0,6.0,4.724983906166742,0.31983004075078475,2.8715317137545413,True
FOLIN ST,8,3,3.0,0,0.0,1.0,2,631.4695703968066,1.0,25.0,0.0,0.0,2.0,2.5713919651036763,0.30168573525491343,2.8706950698561395,True
NATICK ST,3,2,2.0,0,0.0,1.0,3,2842.345973265193,2.0,25.0,0.0,0.0,7.0,5.991804376439337,0.21759048536326964,2.8685786517446594,True
HORATIO ST,30,0,0.0,1,1.0,,8,1999.0131486570451,1.1666666666666667,25.0,0.0,0.0,6.0,8.061469307546082,0.3553424036087949,2.864581880361952,True
HICKORY AVE,6,2,2.0,5,1.0,1.0,3,1985.3031473178967,2.0,25.0,0.0,0.0,3.0,5.95043097471729,0.21877241134881134,2.864245310205937,True
150 RD,5,2,2.0,1,1.0,1.0,3,1559.2329217577094,1.8,25.0,0.0,0.0,5.0,5.882206030372236,0.2207497109726657,2.856995859141011,True
HASSOCK ST,17,2,2.0,1,0.0,1.0,3,821.6290410356369,1.5,25.0,0.0,0.0,4.0,5.835553744010245,0.22212249499484157,2.851962767306362,True
LIGHTHOUSE AVE,4,2,2.0,2,2.0,1.0,3,2858.970579845624,2.0,25.0,0.0,0.0,4.0,5.805989645792882,0.22300131757061326,2.8487407056719243,True
GATES PL,8,2,2.0,4,3.0,1.0,3,634.4092475471476,2.0,25.0,0.0,0.0,1.0,5.805989645792882,0.22300131757061326,2.8487407056719243,True
SANDS PL,4,2,2.0,0,0.0,1.0,3,713.2430296480934,2.0,25.0,0.0,0.0,2.0,5.805989645792882,0.22300131757061326,2.8487407056719243,True
AMHERST ST,6,1,1.0,0,0.0,1.0,5,2638.2038828794416,1.5,25.0,0.0,0.0,4.0,8.518487193218998,0.24586588218045344,2.8485394864232303,True
PAERDEGAT 2 ST,5,3,3.0,0,0.0,1.0,1,770.4756446613331,2.0,25.0,0.0,0.0,1.0,2.2269852492661375,0.1996262487056767,2.8456859651168456,True
THORNYCROFT AVE,5,2,2.0,0,0.0,1.0,3,4577.655971012811,1.7142857142857142,25.0,0.0,0.0,7.0,5.776464136019383,0.2238859610724366,2.8454973025482886,True
ROE ST,7,2,2.0,0,0.0,1.0,4,1595.6392749227418,1.3333333333333333,25.0,0.0,0.0,3.0,4.561319403929001,0.3275469822815521,2.838952441416128,True
LUDLUM AVE,5,3,3.0,0,0.0,1.0,2,764.2285789502027,2.0,25.0,0.0,0.0,3.0,2.476569632870167,0.3096597686294019,2.837914673620973,True
ODELL ST,21,1,1.0,1,1.0,1.0,6,1471.7680703381413,1.6666666666666667,20.0,0.0,0.0,3.0,6.285011448116354,0.3465154746629627,2.8313382505432303,True
FORDHAM ST,6,1,1.0,0,0.0,1.0,5,2345.439844254818,2.0,25.0,0.0,0.0,9.0,8.25299549084845,0.2517837430721895,2.826186353171535,True
JUNO ST,9,2,2.0,1,0.0,1.0,4,4003.0849883313595,1.0,25.0,0.0,0.0,7.0,4.480455371945188,0.33149890969089735,2.822268251336759,True
THROGS NECK BLVD,7,0,0.0,0,0.0,,6,2547.8468440353363,1.7142857142857142,25.0,0.0,0.0,7.0,18.365303679721098,0.15359393051751608,2.8207991773161645,True
N RAILROAD ST,5,4,2.0,1,0.0,0.5,3,3609.102664647194,1.7142857142857142,25.0,0.0,0.0,7.0,5.551466990897211,0.23086504875367306,2.8199096000005452,True
GARRETT ST,7,2,2.0,0,0.0,1.0,3,1134.5625179126307,2.0,25.0,0.0,0.0,5.0,5.547453346130184,0.23099349856596554,2.8194386594221523,True
150 DR,5,3,3.0,3,3.0,1.0,2,517.4556594427684,1.5,25.0,0.0,0.0,2.0,2.418374215877333,0.3147658655545989,2.8169240566317573,True
WITTHOFF ST,5,2,2.0,0,0.0,1.0,3,891.8910105774812,2.0,25.0,0.0,0.0,3.0,5.5188448047105485,0.2319132226945584,2.8160666388224276,True
NICOLLS AVE,12,4,2.0,0,0.0,0.5,4,1456.9546146036143,1.0,25.0,0.0,0.0,3.0,4.430126545221145,0.33400705335181524,2.8116794066413417,True
DANIELS ST,10,2,2.0,9,9.0,1.0,4,1599.5477063281232,1.0,25.0,0.0,0.0,5.0,4.430126545221145,0.33400705335181524,2.8116794066413417,True
CLYDE ST,7,2,2.0,1,1.0,1.0,4,2247.549371912015,1.0,25.0,0.0,0.0,4.0,4.430126545221145,0.33400705335181524,2.8116794066413417,True
DAVIS ST,11,2,2.0,0,0.0,1.0,4,702.2546512882316,1.0,25.0,0.0,0.0,2.0,4.430126545221145,0.33400705335181524,2.8116794066413417,True
WASHINGTON PARK,16,2,2.0,2,1.0,1.0,4,1350.3387111774616,1.0,25.0,0.0,0.0,2.0,4.430126545221145,0.33400705335181524,2.8116794066413413,True
BRIGHTON 12 ST,24,2,2.0,3,3.0,1.0,4,1469.9263451036882,1.0,25.0,0.0,0.0,2.0,4.430126545221145,0.33400705335181524,2.8116794066413413,True
LYME AVE,4,2,2.0,0,0.0,1.0,4,1664.4287645017173,1.0,25.0,0.0,0.0,3.0,4.430126545221145,0.33400705335181524,2.8116794066413413,True
CARTERET ST,3,2,2.0,0,0.0,1.0,3,2894.8495832075687,1.8,25.0,0.0,0.0,5.0,5.43667288173019,0.23459613458184028,2.8062301738761364,True
ELK DR,8,2,2.0,0,0.0,1.0,3,843.1984166407119,1.3333333333333333,25.0,0.0,0.0,3.0,5.433616784076709,0.23469711389789336,2.8058599494541694,True
52 RD,9,1,1.0,0,0.0,1.0,5,2843.075838854473,1.375,25.0,0.0,0.0,8.0,8.019128260001139,0.25723780032896565,2.805585113829573,True
VAN DYKE ST,9,2,2.0,0,0.0,1.0,4,2733.999689483194,1.0,25.0,0.0,0.0,8.0,4.386164134877267,0.3362291881758511,2.8022980299241156,True
DILLON ST,8,2,2.0,1,1.0,1.0,3,935.5620990616094,2.0,25.0,0.0,0.0,3.0,5.3761614523306145,0.23661185998865475,2.7988398408579447,True
PENROD ST,6,2,2.0,6,6.0,1.0,3,1519.9152314840728,2.0,25.0,0.0,0.0,3.0,5.3761614523306145,0.23661185998865475,2.7988398408579447,True
116 DR,14,2,2.0,0,0.0,1.0,3,1819.599062829042,2.0,25.0,0.0,0.0,2.0,5.3761614523306145,0.23661185998865475,2.7988398408579447,True
HAUGHWOUT AVE,3,2,2.0,2,2.0,1.0,3,972.186369222945,2.0,25.0,0.0,0.0,4.0,5.3761614523306145,0.23661185998865475,2.7988398408579442,True
FIEDLER AVE,8,2,2.0,1,1.0,1.0,3,550.9389631122764,2.0,25.0,0.0,0.0,4.0,5.3761614523306145,0.23661185998865475,2.7988398408579442,True
REMSEN PL,4,2,2.0,0,0.0,1.0,3,767.4102090054912,2.0,25.0,0.0,0.0,3.0,5.3761614523306145,0.23661185998865475,2.7988398408579442,True
209 PL,8,2,2.0,6,4.0,1.0,3,1688.107495160716,1.8333333333333333,25.0,0.0,0.0,6.0,5.364013735987598,0.2370207005968458,2.797340892521193,True
CHISHOLM ST,18,1,1.0,2,2.0,1.0,5,3162.4921729847083,1.5,25.0,0.0,0.0,4.0,7.9247265042392625,0.2595068896827661,2.797014237018945,True
VIREO AVE,16,1,1.0,3,0.0,1.0,6,2171.620671256824,1.2857142857142858,25.0,0.0,0.0,7.0,6.064397823097902,0.35465056196432626,2.7960915339725814,True
LEROY ST,9,1,1.0,4,3.0,1.0,6,2042.1933657659374,1.1428571428571428,24.285714285714285,0.0,0.0,7.0,6.057481381093923,0.35491178436261617,2.7949597413447527,True
JONES ST,7,2,2.0,2,2.0,1.0,3,952.7371424840466,1.6666666666666667,25.0,0.0,0.0,3.0,5.115680416873657,0.24569955156595355,2.7655212812486805,True
65 DR,3,2,2.0,0,0.0,1.0,3,2475.0045010523554,1.8571428571428572,25.0,0.0,0.0,7.0,5.106549775177577,0.2460307831257599,2.7643068740060928,True
BELAIR RD,8,1,1.0,0,0.0,1.0,5,2102.893881516564,1.5,25.0,0.0,0.0,6.0,7.5327960201176385,0.2693719124717205,2.7597517577267325,True
DEWITT PL,18,0,0.0,0,0.0,,6,2061.9295232533937,2.727272727272727,24.09090909090909,0.0,0.0,11.0,15.973119923481601,0.17262577269081367,2.7573721690740416,True
GRAVES ST,7,2,2.0,1,1.0,1.0,3,2636.8495387390794,2.0,25.0,0.0,0.0,5.0,5.036218511533109,0.24861243280200498,2.7548416706707286,True
PACIFIC AVE,3,2,2.0,0,0.0,1.0,3,3837.752230938696,1.4285714285714286,25.0,0.0,0.0,7.0,4.990384018781836,0.2503242397110868,2.7485656059457475,True
CHANDLER ST,10,2,2.0,1,0.0,1.0,3,1057.4066811041,2.0,25.0,0.0,0.0,2.0,4.9517972945090705,0.2517837430721895,2.7432145716018557,True
HUSSON ST,7,2,1.0,1,0.0,0.5,5,3372.122996347316,1.4545454545454546,25.0,0.0,0.0,11.0,7.338853723300054,0.27453622296456576,2.7402449591196714,True
W 212 ST,10,3,3.0,0,0.0,1.0,2,627.1138531613216,1.0,25.0,0.0,0.0,1.0,2.2150632726105726,0.33400705335181524,2.73782559661704,True
FLATLANDS 2 ST,2,3,3.0,1,1.0,1.0,2,773.1989820234671,1.0,25.0,0.0,0.0,1.0,2.2150632726105726,0.33400705335181524,2.73782559661704,True
MOLINE ST,5,2,2.0,0,0.0,1.0,3,1025.481060928691,1.75,25.0,0.0,0.0,4.0,4.900162274137687,0.2537636190853374,2.7359556746199414,True
ARION PL,15,2,2.0,4,4.0,1.0,4,576.333541298825,1.0,25.0,0.0,0.0,1.0,4.080437099121894,0.35253999764112304,2.7334372900169375,True
SETON PL,14,2,2.0,2,2.0,1.0,4,1060.6059366747772,1.0,25.0,0.0,0.0,4.0,4.080437099121894,0.35253999764112304,2.7334372900169375,True
ESPLANADE,13,1,1.0,5,2.0,1.0,5,5023.7243071124285,1.2352941176470589,25.0,0.0,0.0,17.0,7.199325081836956,0.27837579067216084,2.7257420212901207,True
DOUGLAS AVE,10,1,1.0,3,1.0,1.0,7,4732.32459878715,1.2727272727272727,21.818181818181817,0.0,0.0,11.0,4.8826909460515955,0.4433025246094098,2.7212066986627703,True
FERRIS ST,6,2,2.0,0,0.0,1.0,3,1546.5296517631534,1.8333333333333333,25.0,0.0,0.0,6.0,4.794093466499883,0.25792996614071895,2.7206804332083188,True
CRAFT AVE,4,1,1.0,0,0.0,1.0,4,2696.8890128711973,2.0,25.0,0.0,0.0,9.0,12.033315024277153,0.155858988764388,2.719641322402766,True
GALWAY AVE,3,3,3.0,1,1.0,1.0,1,1430.0290523361905,2.0,25.0,0.0,0.0,4.0,1.792053817443538,0.23661185998865475,2.7141856069791204,True
HARVEST AVE,12,1,1.0,1,1.0,1.0,6,4018.5094263302994,1.3333333333333333,25.0,0.0,0.0,18.0,5.539402635470088,0.37563660106478425,2.7051657768525077,True
138 RD,9,1,1.0,0,0.0,1.0,4,1242.1173410944712,2.6666666666666665,25.0,0.0,0.0,3.0,11.601182456256355,0.1607314405398881,2.7039433276202733,True
WOOD RD,13,4,3.0,0,0.0,0.75,3,1132.68593716239,1.0,25.0,0.0,0.0,5.0,2.295867895722192,0.4205583260255459,2.70387138092408,True
COMMERCE ST,11,1,0.0,1,0.0,0.0,7,3995.906849504101,1.4545454545454546,23.636363636363637,0.0,0.0,11.0,8.673379880076878,0.3095269916517494,2.684645181733007,True
LYMAN PL,6,2,2.0,0,0.0,1.0,3,1471.143365593435,1.75,25.0,0.0,0.0,4.0,4.4174838471761575,0.27389672027880846,2.6621408970685456,True
BROOKS POND PL,2,3,3.0,0,0.0,1.0,1,393.30584081061335,2.0,25.0,0.0,0.0,1.0,1.65059909816969,0.2517837430721895,2.6602427900321763,True
DARTMOUTH LOOP,5,2,2.0,0,0.0,1.0,3,1167.0839455056737,1.0,25.0,0.0,0.0,1.0,4.403803066471562,0.27451402392984003,2.659877652511997,True
KRAMER ST,7,1,1.0,1,1.0,1.0,4,1930.8913988585916,2.0,25.0,0.0,0.0,7.0,10.487809160530208,0.17481167658090138,2.6585798264319203,True
94 DR,4,2,2.0,0,0.0,1.0,3,951.8901414735174,2.0,25.0,0.0,0.0,3.0,4.395026483634594,0.2749115077986526,2.658420341833691,True
NOELL AVE,10,4,2.0,1,1.0,0.5,3,1010.2006544587762,1.6666666666666667,25.0,0.0,0.0,3.0,4.363048161169881,0.2763695678569053,2.653074599127575,True
NELLIS ST,7,2,2.0,0,0.0,1.0,4,1521.667942987527,1.0,25.0,0.0,0.0,5.0,3.7355087741994026,0.37295212166744846,2.6472616795101396,True
ROCKWELL PL,41,2,2.0,2,1.0,1.0,4,1152.5460047516003,1.0,25.0,0.0,0.0,2.0,3.7355087741994026,0.37295212166744846,2.6472616795101396,True
GALE AVE,14,1,1.0,1,1.0,1.0,5,1117.9169756593444,1.25,25.0,0.0,0.0,4.0,6.465579814773453,0.30047479301150565,2.642268963531917,True
ELGAR PL,7,2,2.0,4,4.0,1.0,2,423.73227517079533,2.5,25.0,0.0,0.0,4.0,6.116291620987988,0.15371031362510465,2.632716476034454,True
82 DR,7,1,1.0,1,0.0,1.0,5,3237.149295470887,1.2222222222222223,25.0,0.0,0.0,9.0,6.365485798038003,0.3037643760195735,2.6298434454828974,True
S WILLIAM ST,7,3,3.0,0,0.0,1.0,3,565.5249819317991,1.0,25.0,0.0,0.0,3.0,2.1310199009928943,0.4388152765500311,2.6186782575377237,True
PIONEER ST,12,1,1.0,1,1.0,1.0,4,1569.0943970661287,1.25,25.0,1.0,0.75,4.0,9.643457476396463,0.18725158472673803,2.6185011099734097,True
STUYVESANT ST,6,3,2.0,0,0.0,0.6666666666666666,4,693.3549847124402,1.0,25.0,0.0,0.0,4.0,3.5649204186411456,0.38394650938104513,2.6008457321963916,True
EBBITTS AVE,6,2,2.0,6,1.0,1.0,2,1283.5024865834614,2.0,25.0,0.0,0.0,2.0,5.657320798979029,0.16413382466851614,2.6002900507761413,True
SANDERS ST,6,2,2.0,0,0.0,1.0,3,759.5942404678449,1.3333333333333333,25.0,0.0,0.0,3.0,4.0571224819788405,0.29114184255215037,2.5989144297587723,True
TAFT AVE,5,4,3.0,0,0.0,0.75,3,1163.7519873451872,1.0,20.0,0.0,0.0,2.0,2.092892517477996,0.4432658876655502,2.597910196551821,True
15 RD,7,0,0.0,0,0.0,,6,3236.3052533746586,1.8461538461538463,25.0,0.0,0.0,13.0,11.743646802935078,0.22105375885006717,2.595977268396373,True
URSINA RD,6,3,2.0,2,1.0,0.6666666666666666,2,754.8016280214828,2.6666666666666665,25.0,0.0,0.0,3.0,5.558853610885001,0.16655697470098668,2.592751890832688,True
JORDAN ST,7,1,1.0,0,0.0,1.0,5,3076.877490088883,1.1428571428571428,25.0,0.0,0.0,7.0,6.075583375847425,0.3137117232888264,2.592270007533215,True
FOCH AVE,7,1,1.0,1,0.0,1.0,4,2272.933754530677,1.875,25.0,0.0,0.0,8.0,9.013339904631636,0.19775351585569337,2.5846661398876325,True
SMITH PL,9,2,2.0,0,0.0,1.0,3,1192.5435451192748,1.5,25.0,0.0,0.0,4.0,3.969136974916396,0.295687379074363,2.582248951151449,True
TOMPKINS PL,4,2,2.0,0,0.0,1.0,3,948.4966248264526,1.5,25.0,0.0,0.0,2.0,3.969136974916396,0.295687379074363,2.582248951151449,True
COPLEY ST,3,3,3.0,0,0.0,1.0,1,1036.885914345734,1.0,25.0,0.0,0.0,1.0,1.4679343554905206,0.27451402392984003,2.579426495001039,True
BRANDT PL,9,3,3.0,0,0.0,1.0,1,342.47847944312605,1.5,25.0,0.0,0.0,2.0,1.4676088574572599,0.2745581916682053,2.57926945897509,True
REWE ST,11,1,1.0,0,0.0,1.0,4,958.0784605518271,2.0,25.0,0.0,0.0,1.0,8.90794099706455,0.1996262487056767,2.578632596229825,True
CONTINENTAL PL,6,1,1.0,2,0.0,1.0,4,2343.1224592775757,2.0,25.0,0.0,0.0,7.0,8.82374915581848,0.20114785013727268,2.573730322706189,True
WOEHRLE AVE,5,1,1.0,2,0.0,1.0,4,2551.121870074091,1.8888888888888888,25.0,0.0,0.0,9.0,8.687482345385815,0.20366037216862765,2.5656355155010298,True
BEEKMAN AVE,6,2,2.0,0,0.0,1.0,3,665.2618668588461,1.0,25.0,0.0,0.0,3.0,3.8570879476555144,0.30168573525491343,2.5602569429214923,True
WINFIELD AVE,4,1,1.0,0,0.0,1.0,4,897.8600447319072,2.0,25.0,0.0,0.0,3.0,8.516156434592201,0.20690981221635746,2.555166516470239,True
PORTAGE AVE,4,1,1.0,3,0.0,1.0,4,2737.1804462985842,2.0,25.0,0.0,0.0,11.0,8.507285369718417,0.20708089043728192,2.554615339128069,True
DEKALB ST,8,2,2.0,0,0.0,1.0,4,1008.3094117218861,1.0,25.0,0.0,0.0,4.0,3.395635958756119,0.3955169740904534,2.551997711339049,True
270 ST,10,0,0.0,1,1.0,,6,2860.4363171062105,2.0,25.0,0.0,0.0,8.0,10.752322904661229,0.23661185998865475,2.544127121670508,True
HAMPTON PL,6,1,1.0,0,0.0,1.0,4,1636.154683872538,1.8181818181818181,25.0,0.0,0.0,11.0,8.13722899762202,0.2144784669735127,2.5307819338488713,True
N OAK DR,10,1,1.0,0,0.0,1.0,4,863.9613025116364,2.0,25.0,0.0,0.0,3.0,8.127251680335457,0.21468524173584025,2.530115749904991,True
LANDER AVE,4,1,1.0,2,2.0,1.0,4,2864.9324071247906,2.0,25.0,0.0,0.0,5.0,8.088523109121233,0.21549166305049894,2.5275176333564278,True
DUBOIS AVE,6,2,2.0,0,0.0,1.0,3,2763.944632729923,1.1666666666666667,25.0,0.0,0.0,6.0,3.697909503653424,0.3106379425112709,2.527435114785233,True
AMSTEL BLVD,7,1,1.0,0,0.0,1.0,4,2097.125364937067,1.8181818181818181,25.0,0.0,0.0,11.0,8.0872653243686,0.21551795471702465,2.527432927244811,True
CHESTERTON AVE,6,1,1.0,2,2.0,1.0,4,2642.4791682110344,2.0,25.0,0.0,0.0,6.0,8.030486188961104,0.21671153633783166,2.523587463211668,True
JEFFERSON PL,13,1,1.0,0,0.0,1.0,5,776.093163384056,1.0,25.0,0.0,0.0,2.0,5.537658181526432,0.33400705335181524,2.5156098383293997,True
ERICSSON ST,10,1,1.0,1,1.0,1.0,5,2369.641630912387,1.0,25.0,0.0,0.0,4.0,5.537658181526432,0.33400705335181524,2.5156098383293997,True
SEABRING ST,13,1,1.0,1,1.0,1.0,5,1003.3673104066633,1.0,25.0,0.0,0.0,2.0,5.537658181526432,0.33400705335181524,2.5156098383293997,True
BAY 10 ST,10,1,1.0,2,0.0,1.0,5,3273.4516396676827,1.0,25.0,0.0,0.0,4.0,5.537658181526432,0.33400705335181524,2.5156098383293997,True
HARRISON ST,9,1,1.0,1,0.0,1.0,4,1709.1231851574228,1.5,25.0,0.0,0.0,4.0,7.902903507427917,0.21944234996926287,2.514789367281049,True
LANETT AVE,12,1,1.0,1,1.0,1.0,4,1520.8073112827,2.0,25.0,0.0,0.0,5.0,7.856781257544331,0.22044657756247218,2.511553961320152,True
GILLESPIE AVE,7,1,1.0,0,0.0,1.0,4,2137.8948726903873,2.0,25.0,0.0,0.0,6.0,7.837518555304134,0.2208687137991226,2.5101939288876594,True
LYNDALE AVE,5,1,1.0,0,0.0,1.0,4,4365.630756133175,2.0,25.0,0.0,0.0,7.0,7.576854469950574,0.22674427827308624,2.491264120096064,True
PAERDEGAT 12 ST,3,2,2.0,0,0.0,1.0,2,472.4756475471698,2.0,25.0,0.0,0.0,1.0,4.453970498532275,0.1996262487056767,2.4898769250563975,True
CARNEGIE AVE,2,2,2.0,0,0.0,1.0,2,1055.8447115462475,2.0,25.0,0.0,0.0,3.0,4.453970498532275,0.1996262487056767,2.4898769250563975,True
GOLD RD,7,1,1.0,0,0.0,1.0,4,1383.9463968662635,1.75,25.0,0.0,0.0,4.0,7.518159534729785,0.22811068646046007,2.486861845926004,True
LAWTON ST,15,3,3.0,2,2.0,1.0,2,596.1062691516324,1.0,25.0,0.0,0.0,1.0,1.6978179793780594,0.3955169740904534,2.4849649074886178,True
SUFFOLK AVE,2,2,2.0,0,0.0,1.0,2,2622.992194053074,2.0,25.0,0.0,0.0,10.0,4.3803449656108775,0.20230280172051365,2.4815504556044004,True
AINSWORTH AVE,2,2,2.0,0,0.0,1.0,2,1793.5308174399022,2.0,25.0,0.0,0.0,5.0,4.30691803782068,0.20504458686404484,2.4730210559941543,True
AVON RD,4,2,2.0,0,0.0,1.0,2,2840.1341590391266,2.0,25.0,0.0,0.0,4.0,4.30691803782068,0.20504458686404484,2.4730210559941543,True
W 263 ST,6,1,1.0,4,1.0,1.0,4,2725.6589372512335,2.0,25.0,0.0,0.0,9.0,7.294955907813668,0.2334607459022438,2.469625101659915,True
PRENTISS AVE,6,3,3.0,0,0.0,1.0,1,1504.8900626820132,1.4285714285714286,25.0,0.0,0.0,7.0,1.2592093834192961,0.3060891208712935,2.4671629305498155,True
KNEELAND AVE,5,1,1.0,0,0.0,1.0,4,1697.6625978242332,1.5,25.0,0.0,0.0,6.0,7.214759526575796,0.2354448096465963,2.4632328737340092,True
BARRETT AVE,10,0,0.0,4,3.0,,6,2635.978607308745,1.6666666666666667,25.0,0.0,0.0,9.0,9.390338298728187,0.2619408931853705,2.4597136012816536,True
ELMIRA AVE,5,1,1.0,2,2.0,1.0,4,2107.9960467751293,2.0,25.0,0.0,0.0,4.0,7.168215269774152,0.23661185998865475,2.459472887791684,True
CLAUDE AVE,13,1,1.0,1,0.0,1.0,4,1242.0425465707285,2.0,25.0,0.0,0.0,3.0,7.168215269774152,0.23661185998865475,2.459472887791684,True
205 PL,8,1,1.0,5,3.0,1.0,4,2189.1948010098486,2.0,25.0,0.0,0.0,4.0,7.168215269774152,0.23661185998865475,2.459472887791684,True
MAYFIELD RD,7,1,1.0,0,0.0,1.0,4,1397.252335120496,2.0,25.0,0.0,0.0,3.0,7.168215269774152,0.23661185998865475,2.4594728877916836,True
VESPA AVE,7,3,2.0,0,0.0,0.6666666666666666,2,1394.3598946995735,2.0,25.0,0.0,0.0,7.0,4.119034089845453,0.2124107675854687,2.4501056575638476,True
HICKSVILLE RD,8,2,1.0,2,1.0,0.5,4,2505.845267870499,1.6666666666666667,25.0,0.0,0.0,9.0,7.018944390751309,0.24043398881482114,2.4471588083229308,True
BAY 49 ST,11,0,0.0,4,3.0,,6,2165.7961378610053,1.4,25.0,0.0,0.0,5.0,9.200104249456206,0.26591687189657676,2.4464629431377976,True
NEGUNDO AVE,7,1,1.0,2,2.0,1.0,4,2165.9450218658562,2.0,25.0,0.0,0.0,7.0,7.005792000755307,0.24077668781329992,2.4460547056374744,True
WIMAN AVE,5,1,1.0,0,0.0,1.0,4,2945.563082216151,1.9,25.0,0.0,0.0,10.0,6.972433614017633,0.24165027171592512,2.443240205632686,True
PARKVIEW AVE,6,2,2.0,1,1.0,1.0,3,1769.05371245424,1.0,25.0,0.0,0.0,3.0,3.3225949089158586,0.3340070533518153,2.4417560283050985,True
GLEN AVE,11,2,2.0,0,0.0,1.0,3,1032.711848114179,1.0,25.0,0.0,0.0,2.0,3.3225949089158586,0.3340070533518153,2.4417560283050985,True
JACOBUS ST,10,2,2.0,2,2.0,1.0,3,853.614227618983,1.0,25.0,0.0,0.0,2.0,3.3225949089158586,0.3340070533518153,2.4417560283050985,True
LANDER ST,5,3,2.0,1,1.0,0.6666666666666666,3,853.7960475530056,1.0,25.0,0.0,0.0,2.0,3.3225949089158586,0.3340070533518153,2.4417560283050985,True
PRESCOTT AVE,6,2,2.0,0,0.0,1.0,3,2876.9050733280415,1.0,25.0,0.0,0.0,5.0,3.3225949089158586,0.3340070533518153,2.4417560283050985,True
FLATLANDS 3 ST,6,2,2.0,0,0.0,1.0,3,775.1074866233405,1.0,25.0,0.0,0.0,1.0,3.3225949089158586,0.3340070533518153,2.4417560283050985,True
MANILLA ST,9,2,2.0,0,0.0,1.0,3,1476.9891750869328,1.0,25.0,0.0,0.0,2.0,3.3225949089158586,0.3340070533518153,2.4417560283050985,True
STRYKER ST,5,2,2.0,1,1.0,1.0,3,1311.2022077073957,1.0,25.0,0.0,0.0,4.0,3.3225949089158586,0.3340070533518153,2.4417560283050985,True
OLCOTT ST,5,2,2.0,0,0.0,1.0,3,1807.0879632030515,1.0,25.0,0.0,0.0,4.0,3.3225949089158586,0.3340070533518153,2.4417560283050985,True
52 DR,5,1,1.0,1,1.0,1.0,4,2024.9607629719007,2.0,25.0,0.0,0.0,5.0,6.9409912082943706,0.2424795035172445,2.4405685985875336,True
BEEKMAN PL,12,1,1.0,0,0.0,1.0,5,802.6298343955186,1.3333333333333333,25.0,0.0,0.0,3.0,5.011769994229506,0.35655812793481667,2.4304291988475426,True
FRAME PL,17,2,2.0,1,1.0,1.0,2,733.0207255457935,2.0,25.0,0.0,0.0,2.0,3.9428447808934637,0.21981608016769413,2.427068524110264,True
29 RD,6,1,1.0,0,0.0,1.0,4,1630.2467279129196,1.8571428571428572,25.0,0.0,0.0,7.0,6.731522996964063,0.24815246201641458,2.4222915428003313,True
WOLVERINE ST,2,2,2.0,0,0.0,1.0,2,2435.4916668609158,2.0,25.0,0.0,0.0,5.0,3.8995080046312762,0.2217173492861749,2.421153879734718,True
HOOKER PL,10,0,0.0,8,6.0,,6,1932.2610243074307,1.4285714285714286,25.0,0.0,0.0,7.0,8.803011973167386,0.2746179456066246,2.4174650632217465,True
CHESHIRE PL,3,2,2.0,2,2.0,1.0,2,1291.934138376482,2.0,25.0,0.0,0.0,2.0,3.870659763861921,0.22300131757061326,2.4171595920675406,True
MATTHEWSON RD,12,2,2.0,0,0.0,1.0,2,892.7277273097881,1.0,25.0,1.0,0.75,6.0,3.823996511045278,0.22510997011462802,2.4105998000905884,True
XENIA ST,14,1,1.0,2,2.0,1.0,4,1988.6839632432716,1.75,25.0,0.0,0.0,4.0,6.533549698850249,0.2537636190853374,2.404213597968818,True
WHITMAN AVE,2,2,2.0,0,0.0,1.0,2,1077.0887713836373,2.0,25.0,0.0,0.0,5.0,3.7556141359528756,0.2282731330723511,2.4007595392800716,True
MINNIEFORD AVE,5,1,1.0,1,0.0,1.0,5,3671.256345649265,1.6666666666666667,25.0,0.0,0.0,12.0,4.797073289147855,0.36666491037805493,2.3922535372643043,True
RAPELYE ST,16,1,1.0,2,2.0,1.0,4,799.3684011122142,1.6666666666666667,25.0,0.0,0.0,3.0,6.315942796434413,0.26023146542289194,2.3833755840203934,True
BENTON AVE,6,2,2.0,1,1.0,1.0,2,1919.415860100926,1.8571428571428572,25.0,0.0,0.0,7.0,3.5984395960900852,0.2358917766040165,2.377058756115897,True
ASPEN PL,3,2,2.0,0,0.0,1.0,2,489.5083806802424,2.0,25.0,0.0,0.0,1.0,3.584107634887076,0.23661185998865475,2.3748186539128597,True
262 PL,4,2,2.0,0,0.0,1.0,2,397.14168339031187,2.0,25.0,0.0,0.0,1.0,3.584107634887076,0.23661185998865475,2.3748186539128597,True
169 PL,10,2,2.0,0,0.0,1.0,2,988.8811788095359,2.0,25.0,0.0,0.0,4.0,3.584107634887076,0.23661185998865475,2.3748186539128597,True
HENRY PL,4,2,2.0,1,1.0,1.0,2,1623.106493419219,2.0,25.0,0.0,0.0,7.0,3.584107634887076,0.23661185998865475,2.3748186539128597,True
CARLTON ST,2,2,2.0,2,2.0,1.0,2,1794.0444930323542,2.0,25.0,0.0,0.0,5.0,3.584107634887076,0.23661185998865475,2.3748186539128597,True
W 196 ST,10,2,2.0,0,0.0,1.0,2,591.8842189934402,2.0,25.0,0.0,0.0,1.0,3.584107634887076,0.23661185998865475,2.3748186539128597,True
BENJAMIN PL,2,2,2.0,0,0.0,1.0,2,1048.7288200026849,2.0,25.0,0.0,0.0,2.0,3.584107634887076,0.23661185998865475,2.3748186539128597,True
88 PL,3,2,2.0,0,0.0,1.0,2,610.1069134900663,2.0,25.0,0.0,0.0,1.0,3.584107634887076,0.23661185998865475,2.3748186539128597,True
MATHIAS AVE,5,2,2.0,0,0.0,1.0,2,1314.806001758061,2.0,25.0,0.0,0.0,2.0,3.584107634887076,0.23661185998865475,2.3748186539128597,True
FAYETTE ST,9,2,2.0,5,5.0,1.0,3,553.809094555556,1.0,25.0,0.0,0.0,1.0,3.06032782434142,0.35253999764112304,2.373807968692142,True
DINSMORE AVE,8,2,2.0,0,0.0,1.0,3,1014.0323581976652,1.0,25.0,0.0,0.0,3.0,3.06032782434142,0.35253999764112304,2.373807968692142,True
JUNIPER AVE,8,2,2.0,2,2.0,1.0,3,900.1109726919435,1.0,25.0,0.0,0.0,2.0,3.06032782434142,0.35253999764112304,2.373807968692142,True
103 RD,7,1,1.0,1,0.0,1.0,4,1785.910007354575,1.75,25.0,0.0,0.0,4.0,6.210422169448036,0.2634880013464751,2.372883723599228,True
HUNTERFLY PL,3,3,3.0,0,0.0,1.0,1,405.20267431339596,1.0,25.0,0.0,0.0,1.0,1.1075316363052863,0.33400705335181524,2.367902218280797,True
98 PL,7,1,1.0,1,1.0,1.0,4,1404.494583303847,1.6666666666666667,25.0,0.0,0.0,3.0,6.149030540784573,0.26542042434287855,2.366657871089483,True
RAYMOND PL,7,1,1.0,0,0.0,1.0,4,2071.4548658330195,1.5714285714285714,25.0,0.0,0.0,7.0,6.132010143875565,0.2659612037836331,2.3649155956949617,True
STONE ST,16,3,3.0,2,2.0,1.0,4,1074.8456211029659,1.0,25.0,0.0,0.0,6.0,1.837068618550307,0.5473923090675571,2.3634203058211285,True
W 250 ST,3,2,2.0,0,0.0,1.0,3,2706.5954166695483,1.4545454545454546,25.0,0.0,0.0,11.0,3.007342482150948,0.35653672951006715,2.359154594082652,True
PECK SLIP,14,2,2.0,0,0.0,1.0,3,1047.0003628732495,1.0,25.0,0.0,0.0,5.0,2.9823345348974013,0.35845475006571054,2.352122480187564,True
VIETOR AVE,9,3,3.0,0,0.0,1.0,3,801.6059855718491,1.0,20.0,0.0,0.0,1.0,1.684149469189968,0.4973421343123181,2.345572088570942,True
LIVINGSTON AVE,6,1,1.0,1,0.0,1.0,4,4678.653511323622,1.8,25.0,0.0,0.0,10.0,5.928301805799757,0.27260880305092183,2.3434984563527683,True
OUTLOOK AVE,8,1,1.0,0,0.0,1.0,4,1083.6325067624452,1.75,25.0,0.0,0.0,4.0,5.889978462901543,0.27389672027880846,2.3393490632227416,True
VEDDER AVE,5,1,1.0,0,0.0,1.0,4,1479.929211682802,1.5,25.0,0.0,0.0,4.0,5.8704354298290395,0.2745581916682053,2.337217944250619,True
W CLARKE PL,7,2,2.0,0,0.0,1.0,2,336.4268187344552,2.0,25.0,0.0,0.0,2.0,3.30119819633938,0.2517837430721895,2.327620552353111,True
WOODS PL,6,2,2.0,0,0.0,1.0,3,683.7328604426617,1.5,25.0,0.0,0.0,2.0,2.878214602424827,0.3666672801021342,2.3220125596170886,True
LONGSTREET AVE,12,0,0.0,1,1.0,,5,2888.8489593883937,1.5555555555555556,25.0,1.0,0.75,9.0,14.030755529872208,0.165232866549364,2.3183419560541254,True
HAROLD AVE,2,2,2.0,0,0.0,1.0,2,3994.0768384679327,1.875,25.0,0.0,0.0,16.0,3.2238378075217207,0.2562772376190733,2.3136417726054495,True
GOUVERNEUR AVE,9,0,0.0,0,0.0,,5,1776.109762737915,2.25,25.0,0.0,0.0,4.0,13.802517062328615,0.1675074785603755,2.3120248308972275,True
BAY 41 ST,6,1,1.0,3,1.0,1.0,4,4273.098900656452,1.1428571428571428,25.0,0.0,0.0,7.0,5.64235124807404,0.28252122461156665,2.3115627596829125,True
CHARLOTTE ST,7,1,1.0,2,1.0,1.0,4,1779.0341027987522,1.25,25.0,0.0,0.0,4.0,5.586006267330174,0.2845600408746237,2.304994130882755,True
FULLER PL,5,2,2.0,0,0.0,1.0,2,990.7711767763185,1.6666666666666667,25.0,0.0,0.0,3.0,3.1579713982172066,0.26023146542289194,2.301340593875859,True
TIEMANN PL,10,1,1.0,1,1.0,1.0,3,624.6904682961173,2.0,25.0,0.0,0.0,4.0,10.355383671127665,0.13861067946741437,2.296756087333359,True
LANGSTON AVE,5,1,1.0,0,0.0,1.0,3,1814.5863409951119,2.0,25.0,0.0,0.0,7.0,10.219908366271685,0.14019051566023405,2.2925437082077336,True
WILLIS AVE BRIDGE,229,110,2.0,28,3.0,0.01818181818181818,1,3987.811116626021,2.8518518518518516,25.0,1.0,0.75,27.0,4.768112657216687,0.10433741516737542,2.2888177195460844,True
VESTRY ST,11,0,0.0,0,0.0,,5,1381.255618030648,2.0,25.0,0.0,0.0,5.0,12.926158921000976,0.17685555782240403,2.286063046474672,True
BAILEY PL,3,2,2.0,0,0.0,1.0,2,978.9425793132739,1.5,25.0,0.0,0.0,4.0,2.9936124977994303,0.2706520531929323,2.268923262607574,True
MILLER ST,4,2,2.0,1,0.0,1.0,2,1002.531451371904,1.6666666666666667,25.0,0.0,0.0,3.0,2.9914221261486516,0.27079656393819374,2.2684737051733532,True
DRAPER PL,4,2,2.0,4,1.0,1.0,2,1463.4000347634724,1.6,25.0,0.0,0.0,10.0,2.972419941726539,0.27205674815580333,2.264553407187978,True
130 PL,10,1,1.0,2,2.0,1.0,3,4346.3085688196,2.6666666666666665,25.0,0.0,0.0,18.0,8.68572887128447,0.1609667908572913,2.2371471118098927,True
LITTLE LEAGUE PL,3,2,2.0,3,3.0,1.0,2,353.7273484695621,1.0,25.0,0.0,0.0,1.0,2.844026476183174,0.2808888649319308,2.2370776388675893,True
CURZON RD,8,2,2.0,0,0.0,1.0,3,916.5146944968344,1.3333333333333333,25.0,0.0,0.0,3.0,2.602125443177684,0.3903837379442295,2.23505998121903,True
NANSEN ST,7,2,1.0,1,1.0,0.5,4,2768.070603930095,1.2,25.0,0.0,0.0,5.0,5.0279272267021735,0.3064653217096046,2.234420013354157,True
MASON BLVD,6,0,0.0,2,2.0,,5,3323.269207032045,1.625,25.0,0.0,0.0,8.0,11.42004139670007,0.1956172769463256,2.2339574006367804,True
TANGLEWOOD DR,6,4,1.0,0,0.0,0.25,3,2663.867266504286,2.0,25.0,0.0,0.0,6.0,8.485981198468544,0.16413382466851614,2.228702725501244,True
BURBANK AVE,9,1,1.0,0,0.0,1.0,4,3153.373868199793,1.1666666666666667,25.0,0.0,0.0,6.0,4.930546004871232,0.3106379425112709,2.2209767238990956,True
VANDERBILT ST,10,0,0.0,3,0.0,,6,2219.592622816947,1.0,25.0,0.0,0.0,8.0,6.645189817831717,0.3340070533518153,2.219540270017458,True
ADLER PL,4,1,1.0,0,0.0,1.0,3,875.8893704691104,1.8,25.0,0.0,0.0,5.0,8.230405200342974,0.168372457545076,2.2174010926284438,True
SIMONSON PL,3,2,2.0,1,0.0,1.0,3,1154.8847570204068,1.0,25.0,0.0,0.0,4.0,2.5467269690670893,0.3955169740904534,2.21623979645906,True
CORNELIA AVE,3,2,2.0,0,0.0,1.0,2,1832.0103573380518,2.0,25.0,0.0,0.0,5.0,2.7471731655618834,0.2879403298010295,2.215141287710368,True
LANDING RD,19,3,1.0,8,4.0,0.3333333333333333,3,495.4381433599252,2.0,25.0,0.0,0.0,2.0,8.028310461435506,0.1718823510569397,2.2080425260696197,True
ROMA AVE,7,1,1.0,0,0.0,1.0,4,3370.6597930599646,1.25,25.0,0.0,0.0,8.0,4.789536749152095,0.3168853838820861,2.2008488074903343,True
STOCKTON ST,7,1,1.0,4,2.0,1.0,4,1243.7620764752949,1.0,25.0,0.0,0.0,2.0,4.784318528967495,0.3171214034565709,2.2000884030328782,True
CREAMER ST,9,1,1.0,0,0.0,1.0,4,1611.3608885512663,1.0,25.0,0.0,0.0,4.0,4.784318528967495,0.3171214034565709,2.2000884030328782,True
MEREDITH AVE,5,1,1.0,0,0.0,1.0,3,3595.5164126265786,1.8888888888888888,25.0,0.0,0.0,9.0,7.618750429134858,0.17946398400588023,2.187827321153171,True
ELMIRA LOOP,11,1,1.0,0,0.0,1.0,3,1077.771394349387,2.0,25.0,0.0,0.0,1.0,7.574801646442774,0.18031747426097203,2.1855516266534414,True
RHINE AVE,2,2,2.0,1,1.0,1.0,2,2181.311926913765,1.2,25.0,0.0,0.0,5.0,2.573999534605675,0.3014722509913182,2.173044931765542,True
MONSEY PL,3,2,2.0,0,0.0,1.0,2,762.9401732055982,1.0,25.0,0.0,0.0,1.0,2.5713919651036763,0.30168573525491343,2.1723808051110525,True
WELLMAN AVE,8,0,0.0,0,0.0,,5,1558.724081781118,2.0,25.0,0.0,0.0,4.0,9.857111952233659,0.21981608016769413,2.1667517111141303,True
STOBE AVE,8,0,0.0,0,0.0,,5,4269.183760579131,1.7142857142857142,25.0,0.0,0.0,7.0,9.815828868234846,0.2205366901791055,2.164750409965028,True
WESTPORT ST,3,1,1.0,0,0.0,1.0,3,1151.7313265314062,2.0,25.0,0.0,0.0,3.0,7.125622273750173,0.1895298542830546,2.1609882969369036,True
ROCKNE ST,4,1,1.0,5,3.0,1.0,3,1235.0566050076231,2.0,25.0,0.0,0.0,4.0,7.125622273750173,0.1895298542830546,2.1609882969369036,True
BIRCH RD,3,1,1.0,1,0.0,1.0,3,1215.505080286631,2.0,25.0,0.0,0.0,5.0,6.947203264011238,0.1934557336956113,2.1505205708762283,True
BAY 54 ST,11,2,2.0,0,0.0,1.0,1,246.436841319619,2.5,25.0,0.0,0.0,2.0,2.9480262246072906,0.1585416675251646,2.150301658506826,True
BISMARK AVE,8,1,1.0,1,1.0,1.0,4,1383.8219777654083,2.0,20.0,0.0,0.0,6.0,4.455510524325029,0.3327373136318667,2.1497772890905535,True
WEMPLE ST,3,2,2.0,1,0.0,1.0,2,1546.5182198963228,2.0,25.0,0.0,0.0,3.0,2.476569632870167,0.3096597686294019,2.147574442250375,True
MEAD ST,15,2,2.0,0,0.0,1.0,2,719.04922566062,1.5,25.0,0.0,0.0,2.0,2.474992850955091,0.30979593190205107,2.1471508529084447,True
KNOX PL,12,0,0.0,2,1.0,,5,2077.3426891463228,2.0,25.0,0.0,0.0,3.0,9.436873823016118,0.22737906512935419,2.145747547621079,True
E 114 ST,21,2,1.0,7,3.0,0.5,4,709.8191573763067,1.0,25.0,0.0,0.0,1.0,4.430126545221145,0.33400705335181524,2.145686459993157,True
HOYT AVE,11,5,1.0,0,0.0,0.2,4,1476.4809905339703,1.0,25.0,0.0,0.0,2.0,4.430126545221145,0.33400705335181524,2.145686459993157,True
FORREST ST,6,1,1.0,0,0.0,1.0,4,991.1145763837933,1.0,25.0,0.0,0.0,2.0,4.430126545221145,0.33400705335181524,2.145686459993157,True
BUTLER AVE,6,1,1.0,0,0.0,1.0,4,1899.1160074735744,1.2,25.0,0.0,0.0,5.0,4.395498184077473,0.33575491808175445,2.140055214641678,True
HASTINGS ST,12,0,0.0,1,1.0,,5,2559.8919501541054,1.7142857142857142,25.0,0.0,0.0,7.0,9.252444984828685,0.23086504875367303,2.136066162513152,True
LUTHERAN AVE,6,1,1.0,0,0.0,1.0,3,1337.0744909889386,2.0,25.0,0.0,0.0,3.0,6.6809557477984125,0.1996262487056767,2.1340678849959493,True
CATON PL,6,1,1.0,0,0.0,1.0,3,925.9450024097928,2.0,25.0,0.0,0.0,2.0,6.6809557477984125,0.1996262487056767,2.1340678849959493,True
DONGAN PL,6,2,2.0,0,0.0,1.0,2,530.4656167823642,1.0,25.0,0.0,0.0,1.0,2.3921592644837477,0.3171214034565709,2.124362096331583,True
STAGG WALK,4,2,2.0,1,0.0,1.0,3,1465.448844212851,1.1428571428571428,25.0,1.0,0.75,7.0,2.2925813776243382,0.42090745466616913,2.1231496829385814,True
LYMAN AVE,5,0,0.0,0,0.0,,5,1483.7552876265781,2.0,25.0,0.0,0.0,3.0,8.960269087217691,0.23661185998865478,2.1201059347254234,True
SOMERSET ST,9,0,0.0,1,1.0,,5,1422.026702753031,2.0,25.0,0.0,0.0,6.0,8.960269087217691,0.23661185998865478,2.1201059347254234,True
MILTON AVE,8,0,0.0,0,0.0,,5,3845.858427024916,1.625,25.0,0.0,0.0,8.0,8.926409721470577,0.23729639286573057,2.118204828146559,True
OLIVER ST,22,4,1.0,2,2.0,0.25,4,1182.6422219276574,1.0,25.0,0.0,0.0,4.0,4.254703600202459,0.3430540075715094,2.1165391135068736,True
ELKHART ST,3,1,1.0,0,0.0,1.0,3,1467.322510725912,2.0,25.0,0.0,0.0,3.0,6.387117325944151,0.20690981221635743,2.1146474342985897,True
PETRUS AVE,4,1,1.0,0,0.0,1.0,3,2215.7317377271456,2.0,25.0,0.0,0.0,5.0,6.32860666789661,0.20842407253935616,2.11060990268338,True
CUMMING ST,5,2,2.0,0,0.0,1.0,3,463.000232010424,1.0,20.0,0.0,0.0,1.0,2.2602208646406887,0.42437633863226853,2.1104315777719385,True
MENTONE AVE,9,1,1.0,2,0.0,1.0,4,2865.8113662512574,1.0,25.0,0.0,0.0,8.0,4.211027294204752,0.34538321131846317,2.1090349185036725,True
CONYINGHAM AVE,3,1,1.0,0,0.0,1.0,3,995.154154766107,2.0,25.0,0.0,0.0,4.0,6.241003827096307,0.21073313398371588,2.1044531617046536,True
KINGS COLLEGE PL,5,1,1.0,1,1.0,1.0,3,680.0260520457806,2.0,25.0,0.0,0.0,1.0,6.241003827096307,0.21073313398371588,2.1044531617046536,True
WARDWELL AVE,6,0,0.0,0,0.0,,6,2090.7357201138307,1.1666666666666667,25.0,0.0,0.0,6.0,5.6688017169065965,0.37023670784642976,2.098798485101687,True
GROVE AVE,3,1,1.0,6,6.0,1.0,3,1006.7252608051874,2.0,25.0,0.0,0.0,4.0,6.13177813294676,0.2136848044883725,2.0965830070164335,True
ANDREWS ST,3,2,2.0,0,0.0,1.0,1,939.6845470134548,2.0,25.0,0.0,0.0,1.0,2.5249338821475913,0.18031747426097205,2.09465475178286,True
BROOKSIDE ST,1,2,2.0,1,0.0,1.0,1,612.3407300234107,2.0,25.0,0.0,0.0,2.0,2.5249338821475913,0.18031747426097205,2.09465475178286,True
JARDINE AVE,2,2,2.0,0,0.0,1.0,1,1041.5548709145419,2.0,25.0,0.0,0.0,4.0,2.5249338821475913,0.18031747426097205,2.09465475178286,True
MCDONALD ST,3,1,1.0,0,0.0,1.0,3,958.2471119890923,2.0,25.0,0.0,0.0,2.0,6.022864641720828,0.21671153633783166,2.088512713324293,True
217 PL,12,0,0.0,1,1.0,,5,1394.3518693122658,2.0,25.0,0.0,0.0,5.0,8.393697519221847,0.248612432802005,2.0867775604578975,True
POPLE AVE,14,1,1.0,2,1.0,1.0,4,758.2660175420551,1.0,25.0,0.0,0.0,1.0,4.080437099121894,0.35253999764112304,2.0859772876580607,True
THORNTON ST,4,2,2.0,0,0.0,1.0,2,568.7115351722904,1.5,25.0,0.0,0.0,2.0,2.24980724992906,0.3305539830453787,2.0825747814576627,True
BASSETT AVE,9,0,0.0,6,3.0,,5,4631.79351019623,1.6428571428571428,25.0,0.0,0.0,14.0,8.306823583885057,0.25056099218443884,2.081365959079336,True
LODOVICK AVE,5,1,1.0,0,0.0,1.0,3,3019.8880095384643,1.8,25.0,0.0,0.0,5.0,5.882206030372236,0.2207497109726657,2.0777455701136764,True
PENDALE ST,5,1,1.0,1,0.0,1.0,3,2714.803724530654,2.0,25.0,0.0,0.0,9.0,5.854073235454603,0.22157550429499673,2.0755437250307,True
HERSCHELL ST,6,2,2.0,0,0.0,1.0,2,1112.8815922342058,1.0,25.0,0.0,0.0,3.0,2.2150632726105726,0.33400705335181524,2.0718326499688553,True
TRAFALGAR PL,5,2,2.0,0,0.0,1.0,2,365.5335614817104,1.0,25.0,0.0,0.0,1.0,2.2150632726105726,0.33400705335181524,2.0718326499688553,True
HARROD PL,3,2,2.0,2,2.0,1.0,2,413.279500442572,1.0,25.0,0.0,0.0,2.0,2.2150632726105726,0.33400705335181524,2.0718326499688553,True
DURYEA PL,4,2,2.0,0,0.0,1.0,2,369.50639425084523,1.0,25.0,0.0,0.0,1.0,2.2150632726105726,0.33400705335181524,2.0718326499688553,True
ROEBLING AVE,5,1,1.0,2,0.0,1.0,3,1166.599855880617,2.0,25.0,0.0,0.0,3.0,5.805989645792882,0.22300131757061326,2.0717420232425376,True
LEDYARD PL,6,1,1.0,0,0.0,1.0,3,419.9872056118294,2.0,25.0,0.0,0.0,1.0,5.805989645792882,0.22300131757061326,2.0717420232425376,True
ARNOW PL,6,1,1.0,0,0.0,1.0,3,702.3515488066681,2.0,25.0,0.0,0.0,2.0,5.805989645792882,0.22300131757061326,2.0717420232425376,True
BLACKFORD AVE,3,1,1.0,0,0.0,1.0,3,1070.8789645297597,2.0,25.0,0.0,0.0,3.0,5.805989645792882,0.22300131757061326,2.0717420232425376,True
BRIARWOOD RD,1,2,2.0,0,0.0,1.0,1,259.64820218525784,2.0,25.0,0.0,0.0,1.0,2.3752074245833907,0.1895298542830546,2.0711130085072105,True
ORANGE ST,6,2,2.0,1,1.0,1.0,4,972.7811446461643,1.0,20.0,0.0,0.0,3.0,2.1389008545970394,0.5095036308065413,2.0707704897393233,True
SENGER PL,2,2,2.0,0,0.0,1.0,2,393.97504864128655,2.0,25.0,0.0,0.0,1.0,2.2106487504333177,0.3344509681818416,2.0704516785287184,True
NOEL AVE,5,0,0.0,0,0.0,,5,1859.8966259829317,1.875,25.0,0.0,0.0,8.0,8.059594518804301,0.2562772376190733,2.0654906196089904,True
ROPES AVE,8,1,1.0,0,0.0,1.0,3,1318.8132553051125,2.0,25.0,0.0,0.0,4.0,5.698036099781081,0.2262702687185276,2.0630258907468084,True
MERRY AVE,5,1,1.0,1,0.0,1.0,3,1551.151758586197,2.0,25.0,0.0,0.0,3.0,5.662124293809671,0.22737906512935416,2.0600694634432934,True
75 PL,5,0,0.0,0,0.0,,5,2069.1849879550373,1.6,25.0,0.0,0.0,5.0,7.674316742039639,0.2657244427395247,2.0392535396850877,True
DUNTON ST,7,1,1.0,0,0.0,1.0,3,1300.45089416702,2.0,25.0,0.0,0.0,5.0,5.3761614523306145,0.23661185998865475,2.035451700846599,True
TROUTVILLE RD,3,1,1.0,0,0.0,1.0,3,688.0919927681717,2.0,25.0,0.0,0.0,1.0,5.3761614523306145,0.23661185998865475,2.035451700846599,True
RING PL,4,1,1.0,1,1.0,1.0,3,949.9614019800784,2.0,25.0,0.0,0.0,4.0,5.3761614523306145,0.23661185998865475,2.035451700846599,True
BREVOORT ST,10,1,1.0,0,0.0,1.0,3,1016.6833329289312,2.0,25.0,0.0,0.0,4.0,5.3761614523306145,0.23661185998865475,2.035451700846599,True
ABERDEEN RD,4,1,1.0,5,1.0,1.0,3,4184.729397440774,2.0,25.0,0.0,0.0,11.0,5.3761614523306145,0.23661185998865475,2.035451700846599,True
FERRIS PL,9,1,1.0,0,0.0,1.0,3,654.3774488519937,2.0,25.0,0.0,0.0,1.0,5.3761614523306145,0.23661185998865475,2.035451700846599,True
RADNOR ST,5,1,1.0,0,0.0,1.0,3,1229.4925812827582,2.0,25.0,0.0,0.0,3.0,5.3761614523306145,0.23661185998865475,2.035451700846599,True
W 227 ST,9,0,0.0,0,0.0,,5,1573.5766135197732,1.6666666666666667,25.0,0.0,0.0,6.0,7.582307266044715,0.26808450588705823,2.0326990969014487,True
CORNELL AVE,5,2,1.0,0,0.0,0.5,3,1969.4537089884159,1.9,25.0,0.0,0.0,10.0,5.27062410940248,0.24021161769198227,2.0258535258739507,True
DODWORTH ST,5,2,2.0,1,1.0,1.0,3,599.0471599760382,1.0,25.0,0.0,0.0,1.0,2.0493498052611825,0.44846034799372864,2.0221314308408527,True
E SERVICE RD,11,2,1.0,2,2.0,0.5,3,4466.986258107429,2.0,25.0,0.0,0.0,8.0,5.216368572626129,0.24210517626545633,2.0208046564757796,True
WEINER ST,3,1,1.0,1,0.0,1.0,3,1695.204307642059,2.0,25.0,0.0,0.0,5.0,5.205743406220778,0.24247950351724454,2.0198065730613393,True
AMHERST AVE,2,2,2.0,0,0.0,1.0,1,1590.6469195561936,2.0,25.0,0.0,0.0,4.0,2.080334609032102,0.2107331339837159,2.0169291639286913,True
4 PL,22,0,0.0,0,0.0,,6,1602.7312964993803,1.0,25.0,0.0,0.0,4.0,5.093453938134179,0.3955169740904534,2.0145474892799333,True
BELVIDERE ST,2,2,2.0,0,0.0,1.0,2,552.214350491712,1.0,25.0,0.0,0.0,1.0,2.040218549560947,0.35253999764112304,2.0141786473673458,True
NORWALK AVE,2,2,2.0,0,0.0,1.0,1,1469.64701597842,2.0,25.0,0.0,0.0,5.0,2.0511994719665885,0.21308855127733056,2.0109100213075246,True
174 PL,7,1,1.0,4,4.0,1.0,3,826.9849229773117,2.0,25.0,0.0,0.0,4.0,5.110274476975593,0.24589555462553866,2.0106982221791094,True
OCEANIC AVE,8,0,0.0,0,0.0,,5,2108.6419472396346,1.5,25.0,0.0,0.0,4.0,7.192523217379124,0.27856571252723134,2.00359035491787,True
SYBILLA ST,6,1,1.0,0,0.0,1.0,3,1343.7544398447797,1.8,25.0,0.0,0.0,5.0,5.0366703077244335,0.24859567582879727,2.003498783246795,True
WELLBROOK AVE,3,1,1.0,2,2.0,1.0,3,2558.601758899855,1.8,25.0,0.0,0.0,5.0,4.996943399180222,0.25007781883762686,1.9995468872844402,True
ALAMEDA AVE,11,2,2.0,1,0.0,1.0,3,4986.626473781678,1.0,25.0,0.0,0.0,24.0,1.9985694131045655,0.4546741434572393,1.9993495491286775,True
BASCOM AVE,4,1,1.0,1,1.0,1.0,3,1274.9391004957831,2.0,25.0,0.0,0.0,2.0,4.9517972945090705,0.2517837430721895,1.9949983146740453,True
MERLE PL,6,1,1.0,1,1.0,1.0,3,554.2603692523456,2.0,25.0,0.0,0.0,1.0,4.9517972945090705,0.2517837430721895,1.994998314674045,True
BELL AVE,5,1,1.0,0,0.0,1.0,3,1078.622430541539,2.0,25.0,0.0,0.0,2.0,4.9517972945090705,0.2517837430721895,1.994998314674045,True
EMERSON DR,5,3,3.0,1,1.0,1.0,2,1464.168181155317,1.0,25.0,0.0,0.0,10.0,1.047200468546638,0.5147566173359293,1.9947835188538798,True
211 PL,5,2,2.0,0,0.0,1.0,2,2235.4818383294246,1.4,25.0,0.0,0.0,5.0,1.9753016143868298,0.35995554353378306,1.9911096791822043,True
HURLBERT ST,2,2,2.0,1,0.0,1.0,1,1811.3612714505298,2.0,25.0,0.0,0.0,6.0,1.9353298819309606,0.22300131757061326,1.9855784784631572,True
OCEANVIEW PL,5,1,1.0,0,0.0,1.0,3,1494.8114997262257,1.8333333333333333,25.0,0.0,0.0,6.0,4.794093466499883,0.25792996614071895,1.9786103993490378,True
OXFORD ST,5,1,1.0,1,1.0,1.0,3,913.9292809522123,1.5,25.0,0.0,0.0,2.0,4.754835902543557,0.2595068896827661,1.9744057863382607,True
ASKE ST,9,2,2.0,2,2.0,1.0,3,586.8070133534895,1.0,20.0,0.0,0.0,2.0,1.9276912714838788,0.4636408060499971,1.9664747228263353,True
BARTON AVE,4,1,1.0,1,0.0,1.0,3,1131.8414831885254,1.5,25.0,0.0,0.0,2.0,4.578286743560024,0.26684371397718915,1.9548433243268983,True
BIJOU AVE,1,2,2.0,1,1.0,1.0,1,710.5851117718956,2.0,25.0,0.0,0.0,5.0,1.792053817443538,0.23661185998865475,1.9507974669677752,True
GEORGIA RD,3,2,2.0,1,1.0,1.0,1,549.5002919486436,2.0,25.0,0.0,0.0,1.0,1.792053817443538,0.23661185998865475,1.9507974669677752,True
OVID PL,2,2,2.0,0,0.0,1.0,1,508.27176545135393,2.0,25.0,0.0,0.0,2.0,1.792053817443538,0.23661185998865475,1.9507974669677752,True
MARS PL,2,2,2.0,0,0.0,1.0,1,311.62291111721817,2.0,25.0,0.0,0.0,1.0,1.792053817443538,0.23661185998865475,1.9507974669677752,True
MARNE PL,6,3,2.0,0,0.0,0.6666666666666666,1,818.89825048127,2.0,25.0,0.0,0.0,4.0,1.792053817443538,0.23661185998865475,1.9507974669677752,True
BETHUNE ST,31,1,1.0,1,0.0,1.0,4,1106.159270215427,1.0,25.0,0.0,0.0,4.0,3.395635958756119,0.3955169740904534,1.9475146854295022,True
KERMIT PL,14,1,1.0,0,0.0,1.0,4,917.3467433907985,1.0,25.0,0.0,0.0,3.0,3.395635958756119,0.3955169740904534,1.9475146854295022,True
N MARKET ST,6,0,0.0,0,0.0,,4,1018.8407107889064,2.0,25.0,0.0,0.0,3.0,15.726224851023995,0.12379007538929201,1.946750559897218,True
HOWE AVE,6,1,1.0,1,0.0,1.0,3,1931.2163088717366,1.6666666666666667,25.0,0.0,0.0,3.0,4.487133189222977,0.27079656393819374,1.9443036856364175,True
BATES RD,10,2,2.0,2,2.0,1.0,1,740.4841568479424,1.5,25.0,0.0,0.0,4.0,1.7635829345976721,0.23951676010038556,1.9433741504623934,True
MORELAND ST,4,1,1.0,0,0.0,1.0,3,2371.5312437160546,1.4,25.0,0.0,0.0,5.0,4.465011045191125,0.27177360820723034,1.9416985542294987,True
HAWTREE CREEK RD,9,0,0.0,2,2.0,,5,4267.781464977846,1.3333333333333333,25.0,0.0,0.0,12.0,6.449660574410091,0.3009932048645803,1.9413040065804232,True
MOSELY AVE,6,0,0.0,1,1.0,,4,4096.016534020251,2.0,25.0,1.0,0.75,13.0,15.06553782729745,0.12852108519534697,1.936239270615818,True
DE SALES PL,13,1,1.0,0,0.0,1.0,3,1107.174959625957,1.5,25.0,0.0,0.0,2.0,4.402826572371779,0.2745581916682053,1.934273910270913,True
FAIRFAX AVE,3,1,1.0,0,0.0,1.0,3,1641.1059719252762,1.5,25.0,0.0,0.0,4.0,4.402826572371779,0.2745581916682053,1.934273910270913,True
MINNA ST,8,0,0.0,1,0.0,,5,2553.2255209319505,1.2,25.0,0.0,0.0,5.0,6.284909033377717,0.3064653217096046,1.9261066688297022,True
HATTING PL,3,1,1.0,0,0.0,1.0,3,1143.863923443632,2.0,25.0,0.0,0.0,2.0,4.326194193255969,0.27806923552098783,1.924912276513036,True
FOAM PL,10,2,2.0,0,0.0,1.0,2,572.5761636014095,1.0,25.0,0.0,0.0,2.0,1.7824602093205728,0.38394650938104513,1.9164763567171506,True
OLEAN ST,2,2,2.0,0,0.0,1.0,2,863.1315664343995,1.0,25.0,0.0,0.0,2.0,1.7824602093205728,0.38394650938104513,1.9164763567171506,True
LOWELL ST,10,1,1.0,0,0.0,1.0,3,1011.5480493367827,2.0,25.0,0.0,0.0,3.0,4.25753768764619,0.28129200035592145,1.9163192923927994,True
MARGARET PL,2,2,2.0,0,0.0,1.0,1,740.3627398464046,2.0,25.0,0.0,0.0,2.0,1.65059909816969,0.2517837430721895,1.912026533104366,True
NEWTON ST,12,1,1.0,0,0.0,1.0,3,1684.8057421988026,1.4,25.0,0.0,0.0,5.0,4.196904915810171,0.28420088721490494,1.9085632134149417,True
FERN PL,9,1,1.0,0,0.0,1.0,3,1319.35234369423,1.75,25.0,0.0,0.0,4.0,4.131845666979359,0.28738979835761774,1.900060494720377,True
ROBERTSON PL,3,1,1.0,1,1.0,1.0,3,1735.742461202676,1.75,25.0,0.0,0.0,4.0,4.131845666979359,0.28738979835761774,1.900060494720377,True
WILLOW ST,11,1,1.0,0,0.0,1.0,5,3016.5017191140955,1.0,21.666666666666668,0.0,0.0,9.0,2.777925857135543,0.49993754412621916,1.8888518866548465,True
FREEDOM PL,6,1,1.0,0,0.0,1.0,3,1028.4985831930417,1.0,25.0,0.0,0.0,3.0,4.03802480802644,0.29211655805116504,1.887457350194735,True
145 PL,6,1,1.0,0,0.0,1.0,3,2109.2094952031584,1.6,25.0,0.0,0.0,5.0,4.025409730418364,0.2927639993058404,1.8857310522160846,True
ELIZABETH AVE,9,0,0.0,0,0.0,,4,2685.461988736852,2.625,25.0,0.0,0.0,8.0,12.243829283842896,0.1535908142024523,1.8805397086612587,True
IRVINE ST,5,2,2.0,0,0.0,1.0,2,479.2317401632707,1.0,25.0,0.0,0.0,1.0,1.6978179793780594,0.3955169740904534,1.8804818815790711,True
164 RD,3,1,1.0,0,0.0,1.0,3,909.1665426657764,2.0,25.0,0.0,0.0,3.0,3.984708586532303,0.29487260467787235,1.880108795115191,True
BRISTOL AVE,5,1,1.0,0,0.0,1.0,3,1343.4864562350701,1.5,25.0,0.0,0.0,2.0,3.969136974916396,0.295687379074363,1.877936330225812,True
LONGVIEW RD,3,1,1.0,1,0.0,1.0,3,2182.4617034687217,2.0,25.0,0.0,0.0,9.0,3.9395225740519115,0.29724942340791616,1.873771390231484,True
RUBY ST,12,2,0.0,0,0.0,0.0,4,4041.210613918077,1.9,25.0,1.0,0.75,10.0,11.657893809525566,0.16007470364692067,1.866133896707076,True
HILLCREST ST,7,1,0.0,1,0.0,0.0,5,3483.279981250613,1.1,25.0,0.0,0.0,10.0,5.682204503259993,0.3282998775551046,1.8654670426633198,True
CRIMMINS AVE,8,1,1.0,3,3.0,1.0,3,718.9956990892694,1.0,25.0,0.0,0.0,3.0,3.8570879476555144,0.30168573525491343,1.8619426781764055,True
DORAN AVE,10,0,0.0,0,0.0,,5,1989.427585667504,1.0,25.0,0.0,0.0,4.0,5.647827299666446,0.3296394564699145,1.8617467212979921,True
SEASIDE AVE,3,1,1.0,0,0.0,1.0,2,486.03039384037294,2.5,25.0,0.0,0.0,2.0,8.245467112784162,0.11873130081244189,1.8602637352946312,True
ANDERSON RD,7,0,0.0,0,0.0,,4,1304.3884200337304,3.0,25.0,0.0,0.0,4.0,11.414339515816327,0.1629337916330296,1.8597816162986733,True
BOROUGH PL,15,0,0.0,0,0.0,,5,1961.7517754408232,1.5,25.0,0.0,0.0,4.0,5.624518124822649,0.3305539830453787,1.859206868871051,True
PARROTT PL,8,0,0.0,0,0.0,,5,1255.4125919590351,1.0,25.0,0.0,0.0,3.0,5.537658181526432,0.33400705335181524,1.849616891681215,True
BEADEL ST,27,0,0.0,4,4.0,,5,1633.02543279028,1.0,25.0,0.0,0.0,4.0,5.537658181526432,0.33400705335181524,1.849616891681215,True
BRIGHTON 5 ST,26,0,0.0,4,4.0,,5,2022.184508218893,1.0,25.0,0.0,0.0,6.0,5.537658181526432,0.33400705335181524,1.849616891681215,True
DIKEMAN ST,8,0,0.0,1,0.0,,5,2826.937697486275,1.0,25.0,0.0,0.0,6.0,5.537658181526432,0.33400705335181524,1.849616891681215,True
S 6 ST,16,1,1.0,3,2.0,1.0,3,1456.7688461817056,1.2,25.0,0.0,0.0,5.0,3.77094542002663,0.3064653217096046,1.8491986795882167,True
COLONY AVE,4,1,1.0,0,0.0,1.0,3,2734.489238052274,1.25,25.0,0.0,0.0,8.0,3.7640440282874184,0.30685480384405983,1.8481601881164806,True
221 PL,5,2,1.0,0,0.0,0.5,3,1850.6126211225492,1.5,25.0,0.0,0.0,6.0,3.7124892764326365,0.30979593190205107,1.8403181431667688,True
PETER AVE,2,2,2.0,0,0.0,1.0,1,3170.3426888871413,1.2,25.0,0.0,0.0,5.0,1.4183623131285266,0.28140842093901663,1.8363222569788764,True
BRANDIS AVE,5,1,1.0,0,0.0,1.0,3,1048.5316899866084,1.0,25.0,0.0,0.0,3.0,3.677507053639553,0.31182393754693727,1.834910792275584,True
ROYCE ST,6,0,0.0,2,2.0,,4,6828.132816334809,2.0,25.0,0.0,0.0,12.0,10.502227267856822,0.17461359021077855,1.8338316084500155,True
AGUILAR AVE,14,0,0.0,2,2.0,,4,898.8062541778094,2.0,25.0,0.0,0.0,2.0,10.401367586932277,0.17600876230334347,1.8307318352380646,True
AVIATION RD,23,3,2.0,3,3.0,0.6666666666666666,1,19065.27299064575,1.46,25.0,0.0,0.0,50.0,1.3855663962380422,0.2861631795105719,1.8241717263493393,True
HALL PL,13,1,1.0,1,1.0,1.0,3,611.9769320049588,1.0,25.0,0.0,0.0,2.0,3.5882388967256214,0.3171214034565709,1.820785951410516,True
CABOT RD,4,2,2.0,0,0.0,1.0,1,247.37812661452813,2.0,25.0,0.0,0.0,1.0,1.3735865827809417,0.2879403298010295,1.8196303140541545,True
W 17 RD,5,7,2.0,0,0.0,0.2857142857142857,1,957.9140624258287,2.0,25.0,0.0,0.0,2.0,1.3735865827809417,0.2879403298010295,1.8196303140541545,True
AMERSFORT PL,11,1,1.0,0,0.0,1.0,3,1630.667345955078,1.25,25.0,0.0,0.0,4.0,3.573133833659141,0.31803564402888324,1.8183482759602942,True
39 RD,5,1,1.0,0,0.0,1.0,3,2137.480930249329,1.6666666666666667,24.166666666666668,0.0,0.0,6.0,3.557272818268784,0.31900132989039215,1.8157734299202932,True
ROCKAWAY BEACH DR,3,1,1.0,0,0.0,1.0,2,329.3494088650742,3.0,25.0,0.0,0.0,3.0,6.824792518731039,0.13998700037847994,1.815395232524169,True
KALMIA AVE,5,1,1.0,0,0.0,1.0,3,1880.7879111880784,1.3333333333333333,25.0,0.0,0.0,3.0,3.5257846349072093,0.3209359471573354,1.81061508411939,True
DARROW PL,13,2,1.0,2,1.0,0.5,2,667.8695011909356,2.0,25.0,0.0,0.0,6.0,6.640703763640125,0.14331148101675367,1.8083776103440425,True
DAHLIA AVE,11,1,1.0,2,2.0,1.0,2,572.1285326622876,2.0,25.0,0.0,0.0,1.0,6.588324986597131,0.14428644760925674,1.8063195604021474,True
RUTGERS SLIP,3,2,2.0,1,1.0,1.0,2,409.26392339249287,1.0,25.0,0.0,0.0,1.0,1.5305785971481278,0.4205583260255459,1.8025809206160532,True
ELVERTON AVE,4,0,0.0,2,0.0,,4,2830.7645399123653,2.0,25.0,0.0,0.0,7.0,9.500829698333563,0.1895298542830546,1.8006908682932778,True
ARBUTUS AVE,4,1,1.0,0,0.0,1.0,3,5540.9330360100175,1.7333333333333334,25.0,0.0,0.0,15.0,3.460926518084295,0.32499567458579404,1.7997904738508745,True
OVERBROOK ST,4,1,1.0,0,0.0,1.0,2,2106.6926242714057,2.0,25.0,0.0,0.0,9.0,6.344781491303064,0.14899963980228903,1.7963705170260977,True
DOUGLAS RD,8,2,0.0,1,0.0,0.0,6,9298.787524841568,1.2647058823529411,25.0,0.0,0.0,34.0,3.8931763914477067,0.46121579599700535,1.7955944483383028,True
ENRIGHT RD,7,1,1.0,0,0.0,1.0,3,2359.533154427087,1.375,25.0,0.0,0.0,8.0,3.4348708668587475,0.32665566778014965,1.795364368972176,True
RENWICK AVE,5,1,1.0,0,0.0,1.0,2,1988.0585869083072,2.7142857142857144,25.0,0.0,0.0,7.0,6.269063178228188,0.15052837539865596,1.793143520091568,True
KINGSBOROUGH 3 WALK,5,1,1.0,2,2.0,1.0,2,569.1479796049385,2.0,25.0,1.0,0.75,1.0,6.187459861977716,0.15221144214304433,1.789590746650786,True
57 PL,4,2,2.0,1,1.0,1.0,1,477.7951369541665,1.25,25.0,0.0,0.0,4.0,1.2931159629546907,0.30047479301150565,1.787599165285673,True
LOCUST PL,1,2,2.0,0,0.0,1.0,1,709.4488754813194,1.6666666666666667,25.0,0.0,0.0,3.0,1.2908250666196381,0.30084762908575624,1.786646402685469,True
RIVER RD,9,3,1.0,2,0.0,0.3333333333333333,4,4288.260768032155,1.0,25.0,0.0,0.0,12.0,2.759625437476038,0.446015308174142,1.7848198817669343,True
GREAT KILLS RD,7,1,1.0,1,1.0,1.0,3,2857.050230232984,1.2222222222222223,25.0,0.0,0.0,9.0,3.3520907978095886,0.3320439224532192,1.7809974544708174,True
JUMEL PL,13,1,1.0,2,2.0,1.0,3,757.403259848276,1.0,25.0,0.0,0.0,2.0,3.3225949089158586,0.3340070533518153,1.7757630816569137,True
MACY PL,6,1,1.0,1,1.0,1.0,3,425.10245605252805,1.0,25.0,0.0,0.0,1.0,3.3225949089158586,0.3340070533518153,1.7757630816569137,True
SLEIGHT AVE,3,1,1.0,1,0.0,1.0,3,2084.519212098806,1.0,25.0,0.0,0.0,3.0,3.3225949089158586,0.3340070533518153,1.7757630816569137,True
OAK TREE PL,5,1,1.0,3,0.0,1.0,3,732.540346038266,1.0,25.0,0.0,0.0,3.0,3.3225949089158586,0.3340070533518153,1.7757630816569137,True
PORTAL ST,10,1,1.0,0,0.0,1.0,3,736.5986498663867,1.0,25.0,0.0,0.0,2.0,3.3225949089158586,0.3340070533518153,1.7757630816569137,True
DORIS ST,11,1,1.0,1,1.0,1.0,3,758.3721936714621,1.0,25.0,0.0,0.0,2.0,3.3225949089158586,0.3340070533518153,1.7757630816569137,True
MAZEAU ST,7,1,1.0,0,0.0,1.0,3,773.2271266042821,1.0,25.0,0.0,0.0,3.0,3.3225949089158586,0.3340070533518153,1.7757630816569137,True
LANCASTER AVE,9,1,1.0,1,1.0,1.0,3,1465.6363978793227,1.0,25.0,0.0,0.0,4.0,3.3225949089158586,0.3340070533518153,1.7757630816569137,True
BODINE ST,5,1,1.0,0,0.0,1.0,3,1202.878269909615,1.0,25.0,0.0,0.0,2.0,3.3225949089158586,0.3340070533518153,1.7757630816569137,True
TONSOR ST,8,1,1.0,0,0.0,1.0,3,1070.1567979839772,1.0,25.0,0.0,0.0,3.0,3.3225949089158586,0.3340070533518153,1.7757630816569137,True
ADAMS PL,13,1,1.0,1,1.0,1.0,3,664.2137567174852,1.0,25.0,0.0,0.0,2.0,3.3225949089158586,0.3340070533518153,1.7757630816569137,True
SUMNER AVE,4,1,1.0,0,0.0,1.0,3,1037.435607193379,1.0,25.0,0.0,0.0,3.0,3.3225949089158586,0.3340070533518153,1.7757630816569137,True
CROWN AVE,5,0,0.0,3,3.0,,4,4949.831088479113,2.0,25.0,0.0,0.0,13.0,8.817278195788287,0.20126576047160363,1.7746162013650189,True
HILLMAN AVE,22,0,0.0,2,2.0,,4,3139.260443955405,1.8571428571428572,25.0,0.0,0.0,7.0,8.782301483678836,0.201905487741317,1.7731948645534674,True
PALERMO ST,4,0,0.0,0,0.0,,4,2092.652048408879,2.25,25.0,0.0,0.0,8.0,8.714757352994049,0.20315245680236402,1.7704243666972077,True
BENEDICT RD,2,2,2.0,2,0.0,1.0,2,3631.528357220241,1.2,25.0,0.0,0.0,10.0,1.458643694618784,0.43233197566112336,1.7659543589579323,True
MULBERRY AVE,6,0,0.0,3,2.0,,4,2207.644648082663,2.0,25.0,0.0,0.0,7.0,8.571951426189809,0.2058402538931776,1.764452657926896,True
CHAPPELL ST,5,1,1.0,0,0.0,1.0,2,338.7373516491646,2.0,25.0,0.0,0.0,1.0,5.657320798979029,0.16413382466851614,1.7644238754446575,True
DURANT AVE,4,0,0.0,1,0.0,,4,5564.176518028016,2.0,25.0,0.0,0.0,17.0,8.544867122608578,0.20635806013146943,1.763302203502677,True
SOUND ST,6,1,1.0,0,0.0,1.0,2,505.87622529739735,2.0,25.0,1.0,0.75,4.0,5.457323829537493,0.16913156902785365,1.7538741729549174,True
152 AVE,10,0,0.0,0,0.0,,4,1301.9503164102202,2.0,25.0,0.0,0.0,4.0,8.321338436128409,0.2107331339837159,1.753581727584493,True
FAIRWAY AVE,5,0,0.0,0,0.0,,4,1107.3140372067578,2.0,25.0,0.0,0.0,3.0,8.321338436128409,0.2107331339837159,1.753581727584493,True
DUNTON AVE,6,0,0.0,3,3.0,,4,2299.9302417816025,2.0,25.0,0.0,0.0,9.0,8.127251680335457,0.21468524173584025,1.7448009916408314,True
DRIGGS ST,4,1,1.0,0,0.0,1.0,3,1776.1172515220783,1.0,25.0,0.0,0.0,3.0,3.1473635044227635,0.3461657862459302,1.743343775864322,True
BARON BLVD,2,1,1.0,0,0.0,1.0,2,537.0369199933518,2.0,25.0,0.0,0.0,2.0,5.200683793466139,0.17600876230334347,1.7393571553156888,True
STAFF ST,10,1,1.0,0,0.0,1.0,2,459.74241947347525,2.0,20.0,0.0,0.0,1.0,5.157162740598969,0.17723084571067965,1.7367774682732822,True
MOULTRIE ST,4,1,1.0,0,0.0,1.0,3,1402.0133777303035,1.3333333333333333,25.0,0.0,0.0,3.0,3.10973306253434,0.34889320971536414,1.7360715398302309,True
RESERVOIR PL,5,3,2.0,1,1.0,0.6666666666666666,2,366.3873987110044,1.0,20.0,0.0,0.0,1.0,1.395261678318664,0.4432658876655502,1.7319401310345475,True
ROXBURY ST,4,1,1.0,0,0.0,1.0,2,981.8495096095347,2.0,25.0,0.0,0.0,1.0,5.049867764295183,0.18031747426097205,1.730261926348637,True
ABBOT ST,6,1,1.0,5,5.0,1.0,2,238.08493158668276,2.0,25.0,0.0,0.0,1.0,5.049867764295183,0.18031747426097205,1.730261926348637,True
ROWE ST,3,1,1.0,0,0.0,1.0,2,475.4306591718939,2.0,25.0,0.0,0.0,1.0,5.049867764295183,0.18031747426097205,1.730261926348637,True
FREEPORT LOOP,15,1,1.0,5,1.0,1.0,2,1160.2286508476764,2.0,25.0,0.0,0.0,2.0,5.049867764295183,0.18031747426097205,1.730261926348637,True
WENNER PL,4,1,1.0,0,0.0,1.0,2,413.9860523396364,2.0,25.0,0.0,0.0,1.0,5.049867764295183,0.18031747426097205,1.730261926348637,True
VINELAND AVE,5,0,0.0,0,0.0,,4,5559.30142460597,1.7777777777777777,25.0,0.0,0.0,9.0,7.787564553700998,0.2219710107470284,1.7286135752427416,True
WALCOTT AVE,2,1,1.0,0,0.0,1.0,2,2061.5988617633598,2.0,25.0,0.0,0.0,3.0,4.999755345029023,0.18179622818113192,1.7271404353735982,True
22 DR,4,1,1.0,0,0.0,1.0,3,1160.3794101960893,1.0,25.0,0.0,0.0,4.0,3.06032782434142,0.35253999764112304,1.7263479663332646,True
ERIKA LOOP,3,1,1.0,0,0.0,1.0,3,1269.0194214782505,1.0,25.0,0.0,0.0,5.0,3.06032782434142,0.35253999764112304,1.7263479663332646,True
234 PL,8,1,1.0,0,0.0,1.0,3,677.7904979237693,1.0,25.0,0.0,0.0,1.0,3.06032782434142,0.35253999764112304,1.7263479663332646,True
CLAVER PL,4,0,0.0,1,1.0,,4,610.241449875984,2.0,25.0,0.0,0.0,2.0,7.741319527723842,0.22300131757061326,1.7263244544175345,True
VIRGIL PL,9,0,0.0,1,0.0,,4,2579.9727884579697,2.0,25.0,0.0,0.0,3.0,7.741319527723842,0.22300131757061326,1.7263244544175345,True
FREEDOM AVE,2,1,1.0,0,0.0,1.0,2,2559.2366529249043,2.0,25.0,0.0,0.0,5.0,4.929733649173455,0.1839035725674133,1.7226920573213764,True
COMBS AVE,1,2,2.0,0,0.0,1.0,1,2137.9726454820584,2.0,25.0,0.0,0.0,7.0,1.1430638139133755,0.32701975477039824,1.7197649385720717,True
E 6 RD,3,2,2.0,1,1.0,1.0,1,859.4622858209335,2.0,25.0,0.0,0.0,4.0,1.1383352659957586,0.3279326992307888,1.7174319579460096,True
MANSION AVE,3,1,1.0,0,0.0,1.0,2,2058.9821734092375,1.6666666666666667,25.0,0.0,0.0,6.0,4.805196022974227,0.18777486577069677,1.7145201724451746,True
W 253 ST,5,2,1.0,0,0.0,0.5,3,2214.972586193327,1.2857142857142858,25.0,0.0,0.0,7.0,2.989227925258973,0.3579239944203178,1.711992404821133,True
SHOTWELL AVE,3,1,1.0,0,0.0,1.0,2,2112.3675107973813,2.0,25.0,0.0,0.0,5.0,4.7504148491667815,0.1895298542830546,1.7108155798635842,True
WOLCOTT AVE,2,1,1.0,0,0.0,1.0,2,998.7362430299571,2.0,25.0,0.0,0.0,1.0,4.7504148491667815,0.1895298542830546,1.7108155798635842,True
COOMBS ST,5,1,1.0,0,0.0,1.0,2,524.7206472085169,2.0,25.0,0.0,0.0,1.0,4.7504148491667815,0.1895298542830546,1.7108155798635842,True
DOROTHY ST,2,1,1.0,0,0.0,1.0,2,610.863105059395,2.0,25.0,0.0,0.0,1.0,4.7504148491667815,0.1895298542830546,1.7108155798635842,True
SHILOH ST,2,1,1.0,0,0.0,1.0,2,1200.087441408396,2.0,25.0,0.0,0.0,2.0,4.7504148491667815,0.1895298542830546,1.7108155798635842,True
DEPOT PL,16,1,1.0,0,0.0,1.0,2,513.613653168142,1.0,25.0,1.0,0.75,7.0,4.7071669469061135,0.19093870345215191,1.7078416503229257,True
EVERETT AVE,5,0,0.0,0,0.0,,4,3137.5418993271132,2.0,25.0,0.0,0.0,15.0,7.358459739614065,0.2319132226945584,1.706524112282059,True
133 RD,6,0,0.0,1,1.0,,4,2274.9940976601633,2.0,25.0,0.0,0.0,5.0,7.339399293753897,0.23237554713363726,1.7054969265182927,True
MICIELI PL,2,2,2.0,0,0.0,1.0,1,278.14553542957964,1.0,25.0,0.0,0.0,1.0,1.1075316363052863,0.33400705335181524,1.7019092716326125,True
S 11 ST,3,2,2.0,0,0.0,1.0,1,659.9482546985398,1.0,25.0,0.0,0.0,2.0,1.1075316363052863,0.33400705335181524,1.7019092716326125,True
WICKLOW PL,2,2,2.0,0,0.0,1.0,1,649.4084729725373,1.0,25.0,0.0,0.0,5.0,1.1075316363052863,0.33400705335181524,1.7019092716326125,True
E LAKE DR,4,4,2.0,1,1.0,0.5,1,603.9001315424256,2.0,25.0,0.0,0.0,9.0,1.1053243752166588,0.3344509681818416,1.7007748710825175,True
HERKIMER PL,10,1,1.0,0,0.0,1.0,3,1104.9865272728518,1.0,25.0,0.0,0.0,2.0,2.9305202420385044,0.3624951345380887,1.6998041948662512,True
JASMINE AVE,5,1,1.0,0,0.0,1.0,3,1272.716707166769,1.0,25.0,0.0,0.0,2.0,2.9305202420385044,0.3624951345380887,1.6998041948662512,True
LITHONIA AVE,7,0,0.0,1,1.0,,4,1867.6400666259397,2.0,25.0,0.0,0.0,7.0,7.168215269774152,0.23661185998865475,1.6960847477803387,True
BULWER PL,7,0,0.0,0,0.0,,4,919.604197277618,2.0,25.0,0.0,0.0,2.0,7.168215269774152,0.23661185998865475,1.6960847477803387,True
CYRUS AVE,6,0,0.0,0,0.0,,4,1642.3441365420072,2.0,25.0,0.0,0.0,13.0,7.168215269774152,0.23661185998865475,1.6960847477803387,True
RUTLEDGE AVE,5,0,0.0,2,2.0,,4,1222.8388195832565,2.0,25.0,0.0,0.0,2.0,7.168215269774152,0.23661185998865475,1.6960847477803387,True
15 DR,7,0,0.0,2,1.0,,4,4021.4619253804913,1.8888888888888888,25.0,0.0,0.0,9.0,7.133288916345065,0.2374952297006212,1.6941220897082665,True
HUBBARD PL,6,1,1.0,0,0.0,1.0,3,1272.567635388339,1.0,25.0,0.0,0.0,3.0,2.8874538863225645,0.3659233413561735,1.6906634327388481,True
PAERDEGAT 11 ST,4,1,1.0,0,0.0,1.0,2,474.1270236443516,2.0,25.0,0.0,0.0,1.0,4.453970498532275,0.1996262487056767,1.689503173762074,True
SCHOHARIE ST,2,1,1.0,2,2.0,1.0,2,655.3791623606928,2.0,25.0,0.0,0.0,3.0,4.453970498532275,0.1996262487056767,1.689503173762074,True
PAERDEGAT 5 ST,3,1,1.0,0,0.0,1.0,2,496.03410660250665,2.0,25.0,0.0,0.0,1.0,4.453970498532275,0.1996262487056767,1.689503173762074,True
CHARLESTON AVE,2,1,1.0,0,0.0,1.0,2,1405.3353220089994,2.0,25.0,0.0,0.0,4.0,4.453970498532275,0.1996262487056767,1.689503173762074,True
TAUNTON ST,2,1,1.0,0,0.0,1.0,2,978.0300725981203,2.0,25.0,0.0,0.0,2.0,4.453970498532275,0.1996262487056767,1.689503173762074,True
ONTARIO AVE,3,1,1.0,3,0.0,1.0,2,1893.673406724098,2.0,25.0,0.0,0.0,5.0,4.453970498532275,0.1996262487056767,1.689503173762074,True
16 RD,8,0,0.0,1,0.0,,4,3509.208653575158,1.7777777777777777,25.0,0.0,0.0,9.0,7.015562717031706,0.24052200858810485,1.687397236076288,True
OLD SLIP,15,1,1.0,2,2.0,1.0,3,863.0866683161204,1.0,25.0,0.0,0.0,3.0,2.844490647947058,0.3694085652220181,1.6813706438235534,True
PITNEY AVE,2,1,1.0,0,0.0,1.0,2,1498.2339913366495,2.0,25.0,0.0,0.0,7.0,4.327876761784695,0.20425443150582642,1.6797335760997834,True
WELDON ST,16,0,0.0,0,0.0,,5,1227.1744849245354,1.0,25.0,0.0,0.0,3.0,4.2445449484451485,0.3955169740904534,1.6787895743999446,True
TORRY AVE,3,1,1.0,1,1.0,1.0,2,1189.1764434407269,2.0,25.0,0.0,0.0,2.0,4.30691803782068,0.20504458686404484,1.6780656428581993,True
CLAY PIT RD,5,0,0.0,1,1.0,,4,5047.642791088409,1.6,25.0,1.0,0.75,5.0,6.850143652158054,0.24490772686283555,1.6776531105339114,True
BLVD,3,1,1.0,0,0.0,1.0,2,2277.7187680588095,2.0,25.0,0.0,0.0,14.0,4.275510717399287,0.20624017145813361,1.6755418919693832,True
CORBETT RD,6,0,0.0,0,0.0,,4,1551.413789838615,2.0,25.0,0.0,0.0,4.0,6.813699302634124,0.24589555462553866,1.675458369072864,True
WOODBINE AVE,3,1,1.0,0,0.0,1.0,2,2231.815892141851,2.0,25.0,0.0,0.0,3.0,4.2580782172961005,0.20690981221635746,1.6741283521269408,True
SHALER AVE,10,0,0.0,0,0.0,,4,1208.9733416134675,2.0,25.0,0.0,0.0,4.0,6.743146127572287,0.24783072967348085,1.6711588250911467,True
RAVENHURST AVE,2,1,1.0,0,0.0,1.0,2,2041.5620290195486,2.0,25.0,0.0,0.0,5.0,4.219071111931073,0.20842407253935616,1.6709319109424678,True
LIBRARY AVE,3,1,1.0,0,0.0,1.0,2,1313.589449631348,2.0,25.0,0.0,0.0,2.0,4.160669218064204,0.2107331339837159,1.6660577298085304,True
ORANGE AVE,2,1,1.0,0,0.0,1.0,2,1017.3037687111655,2.0,25.0,0.0,0.0,3.0,4.160669218064204,0.2107331339837159,1.6660577298085304,True
SERRELL AVE,3,1,1.0,0,0.0,1.0,2,1945.812153614489,2.0,25.0,0.0,0.0,3.0,4.160669218064204,0.2107331339837159,1.6660577298085304,True
86 DR,5,0,0.0,0,0.0,,4,1272.2443741839995,1.6666666666666667,25.0,0.0,0.0,3.0,6.56764392207756,0.25277926924879696,1.6601642313090685,True
BRYSON AVE,2,1,1.0,0,0.0,1.0,2,4342.423940883676,2.0,25.0,0.0,0.0,7.0,4.077466573586699,0.21411253637818448,1.6589241736897289,True
KERMIT AVE,2,1,1.0,0,0.0,1.0,2,936.2532837054841,2.0,25.0,0.0,0.0,2.0,3.9428447808934637,0.21981608016769413,1.646884604277958,True
CLIFFSIDE AVE,3,1,1.0,0,0.0,1.0,3,447.8677895747747,1.0,25.0,0.0,0.0,1.0,2.673690313980859,0.3839465093810451,1.6426075538378164,True
SOUTHGATE ST,4,2,2.0,0,0.0,1.0,1,1020.4939854018799,1.0,25.0,0.0,0.0,2.0,0.9984369577793515,0.3574569423993964,1.6419843373075693,True
SABLE AVE,5,1,1.0,0,0.0,1.0,2,500.2701274187841,2.0,25.0,0.0,0.0,2.0,3.870659763861921,0.22300131757061326,1.640160909638154,True
WHITEWOOD AVE,2,1,1.0,0,0.0,1.0,2,1354.8334173622197,2.0,25.0,0.0,0.0,6.0,3.870659763861921,0.22300131757061326,1.640160909638154,True
HOLDRIDGE AVE,3,1,1.0,0,0.0,1.0,2,2670.8338471777333,2.0,25.0,0.0,0.0,9.0,3.870659763861921,0.22300131757061326,1.640160909638154,True
MULFORD AVE,6,0,0.0,1,0.0,,4,3095.6137231084044,1.4285714285714286,25.0,0.0,0.0,7.0,6.259277919705974,0.2619701605689225,1.6397440416708853,True
ROMAN AVE,2,1,1.0,0,0.0,1.0,2,2255.551847630274,2.0,25.0,0.0,0.0,5.0,3.81306712874037,0.22560963155970376,1.6346550384678287,True
VICTOR ST,18,0,0.0,1,1.0,,5,1578.095483266189,1.0,25.0,0.0,0.0,3.0,3.965034684784107,0.41191369342166295,1.6332520815544205,True
BALTIC AVE,3,1,1.0,0,0.0,1.0,2,1242.196318327631,2.0,25.0,0.0,0.0,6.0,3.7508327349171453,0.22849763472126428,1.6285587734423943,True
SUMMIT ST,7,0,0.0,3,2.0,,4,2320.0619293894015,1.4285714285714286,25.0,0.0,0.0,7.0,6.063470092803985,0.2681613766267642,1.6259884872215302,True
ODER AVE,9,1,0.0,2,2.0,0.0,4,3245.265389076362,1.5,25.0,0.0,0.0,8.0,6.0457579931823116,0.2687358762935298,1.6247120721564607,True
DEISIUS ST,2,1,1.0,2,0.0,1.0,2,1699.7575295471725,2.0,25.0,0.0,0.0,7.0,3.7064809520798154,0.23060132815162282,1.624118102166674,True
MELVIN AVE,2,1,1.0,0,0.0,1.0,2,1970.7378820441197,1.6666666666666667,25.0,0.0,0.0,3.0,3.665982087199087,0.23255639130225556,1.6199911734754748,True
HARVARD AVE,3,1,1.0,0,0.0,1.0,2,1670.6787550936074,2.0,25.0,0.0,0.0,4.0,3.6554117790777823,0.2330721352461485,1.6189024933074325,True
AKRON ST,8,1,1.0,1,1.0,1.0,2,1269.613345608206,1.75,25.0,0.0,0.0,4.0,3.593749819350976,0.2361269230031854,1.612454163883414,True
KINSELLA ST,7,1,1.0,0,0.0,1.0,3,697.4978331391634,1.0,25.0,0.0,0.0,1.0,2.5467269690670893,0.3955169740904534,1.6117567705495133,True
ZION ST,3,1,1.0,2,2.0,1.0,2,831.3267217055825,2.0,25.0,0.0,0.0,1.0,3.584107634887076,0.23661185998865475,1.6114305139015146,True
BEDFORD PL,7,1,1.0,0,0.0,1.0,2,383.1678164956699,2.0,25.0,0.0,0.0,1.0,3.584107634887076,0.23661185998865475,1.6114305139015146,True
FRANKTON ST,5,1,1.0,0,0.0,1.0,2,692.270224574165,2.0,25.0,0.0,0.0,2.0,3.584107634887076,0.23661185998865475,1.6114305139015146,True
BAY ST LANDING,3,1,1.0,0,0.0,1.0,2,950.440166174644,2.0,25.0,0.0,0.0,2.0,3.584107634887076,0.23661185998865475,1.6114305139015146,True
MEADOW RD,3,1,1.0,0,0.0,1.0,2,503.68458713148596,2.0,25.0,0.0,0.0,2.0,3.584107634887076,0.23661185998865475,1.6114305139015146,True
NEPTUNE PL,2,1,1.0,0,0.0,1.0,2,610.8233193876073,2.0,25.0,0.0,0.0,1.0,3.584107634887076,0.23661185998865475,1.6114305139015146,True
PAUW ST,4,1,1.0,1,1.0,1.0,2,243.52394355743596,2.0,25.0,0.0,0.0,1.0,3.584107634887076,0.23661185998865475,1.6114305139015146,True
LYMAN ST,2,1,1.0,0,0.0,1.0,2,959.0297534584774,2.0,25.0,0.0,0.0,2.0,3.584107634887076,0.23661185998865475,1.6114305139015146,True
183 PL,9,1,1.0,1,1.0,1.0,2,550.8169428705854,2.0,25.0,0.0,0.0,1.0,3.584107634887076,0.23661185998865475,1.6114305139015146,True
DELONG ST,12,1,1.0,2,1.0,1.0,2,425.30728262458376,2.0,25.0,0.0,0.0,3.0,3.584107634887076,0.23661185998865475,1.6114305139015146,True
BABYLON AVE,2,1,1.0,0,0.0,1.0,2,743.936253723746,2.0,25.0,0.0,0.0,1.0,3.584107634887076,0.23661185998865475,1.6114305139015146,True
SAVO LOOP,2,1,1.0,0,0.0,1.0,2,1285.249663412474,2.0,25.0,0.0,0.0,3.0,3.584107634887076,0.23661185998865475,1.6114305139015146,True
PEROT ST,11,1,1.0,0,0.0,1.0,2,382.72022631865264,2.0,25.0,0.0,0.0,2.0,3.584107634887076,0.23661185998865475,1.6114305139015146,True
WHITAKER PL,3,1,1.0,0,0.0,1.0,2,706.1045295124661,2.0,25.0,0.0,0.0,3.0,3.584107634887076,0.23661185998865475,1.6114305139015146,True
HAMILTON ST,5,1,1.0,1,1.0,1.0,2,710.2919133212473,2.0,25.0,0.0,0.0,1.0,3.584107634887076,0.23661185998865475,1.6114305139015146,True
CHANNEL AVE,2,1,1.0,1,1.0,1.0,2,708.3176881075829,2.0,25.0,0.0,0.0,5.0,3.584107634887076,0.23661185998865475,1.6114305139015146,True
106 RD,7,1,1.0,0,0.0,1.0,2,797.5261558230678,2.0,25.0,0.0,0.0,1.0,3.584107634887076,0.23661185998865475,1.6114305139015146,True
ANKENER AVE,4,1,1.0,0,0.0,1.0,2,783.7205596965398,2.0,25.0,0.0,0.0,2.0,3.584107634887076,0.23661185998865475,1.6114305139015146,True
WESTBROOK AVE,2,1,1.0,0,0.0,1.0,2,968.2427862818067,2.0,25.0,0.0,0.0,3.0,3.584107634887076,0.23661185998865475,1.6114305139015146,True
HOXIE DR,3,1,1.0,1,1.0,1.0,2,956.3824757552818,2.0,25.0,0.0,0.0,3.0,3.584107634887076,0.23661185998865475,1.6114305139015146,True
BUD PL,7,1,1.0,0,0.0,1.0,2,323.00756400495004,2.0,25.0,0.0,0.0,1.0,3.584107634887076,0.23661185998865475,1.6114305139015146,True
HUSSON AVE,3,1,1.0,0,0.0,1.0,2,1212.28309651477,2.0,25.0,0.0,0.0,2.0,3.584107634887076,0.23661185998865475,1.6114305139015146,True
LORETTA RD,12,0,0.0,0,0.0,,4,748.0816895967569,2.0,25.0,0.0,0.0,2.0,5.768258924341292,0.27806923552098783,1.6039753493786986,True
KENILWORTH DR,3,1,1.0,0,0.0,1.0,2,765.9570862502494,2.0,25.0,0.0,0.0,2.0,3.5130310431860843,0.24024893646379442,1.6037530354259566,True
PARKCHESTER RD,9,1,1.0,2,1.0,1.0,3,1169.3846853705775,1.1666666666666667,24.583333333333332,0.0,0.0,12.0,2.514254577560312,0.398589117140187,1.6035653951952518,True
ISABELLA AVE,2,1,1.0,0,0.0,1.0,2,3862.7839590276094,2.0,25.0,0.0,0.0,15.0,3.5083007701858673,0.24049496275493726,1.6032337003040305,True
BEECHWOOD PL,3,1,1.0,2,2.0,1.0,2,1087.4499768816172,1.6666666666666667,25.0,0.0,0.0,3.0,3.495298828326062,0.24117381022557652,1.6018007260788132,True
MORLEY AVE,3,1,1.0,1,0.0,1.0,2,785.2334237841696,1.8,25.0,0.0,0.0,5.0,3.4640534282143536,0.24282094919776312,1.5983237923130114,True
VERA ST,2,1,1.0,0,0.0,1.0,2,957.4617222324067,1.6666666666666667,25.0,0.0,0.0,3.0,3.4528342828949263,0.2434178831242382,1.5970637287968419,True
181 PL,3,1,1.0,0,0.0,1.0,2,746.2738350251423,2.0,25.0,0.0,0.0,2.0,3.442185116386093,0.24398721174698548,1.59586193711703,True
141 RD,5,1,1.0,2,2.0,1.0,2,1841.639598813441,2.0,25.0,0.0,0.0,5.0,3.413912047358944,0.24551175646019144,1.5926437866875114,True
OAKLEY PL,2,1,1.0,0,0.0,1.0,2,907.7628882993405,2.0,25.0,0.0,0.0,4.0,3.406849651317062,0.24589555462553866,1.5918336299108933,True
BENTLEY ST,3,1,1.0,0,0.0,1.0,2,1737.3980342792734,1.8333333333333333,25.0,0.0,0.0,6.0,3.3740050515880253,0.24769634058949572,1.5880323638193308,True
FLORENCE PL,2,1,1.0,0,0.0,1.0,2,1363.6998853248533,2.0,25.0,0.0,0.0,4.0,3.336355770876332,0.24979327512085667,1.5836059598547125,True
MONTEREY ST,3,1,1.0,0,0.0,1.0,2,1134.66754169534,2.0,25.0,0.0,0.0,4.0,3.30119819633938,0.2517837430721895,1.5794042954253003,True
CLOVER PL,5,1,1.0,1,0.0,1.0,2,919.8641757655757,2.0,25.0,0.0,0.0,3.0,3.30119819633938,0.2517837430721895,1.5794042954253003,True
LOIS AVE,3,1,1.0,0,0.0,1.0,2,1114.7393485536493,1.9,25.0,0.0,0.0,10.0,3.2128446389690835,0.25692882641729586,1.5685435761341315,True
MULLER AVE,2,1,1.0,0,0.0,1.0,2,2077.046868112117,1.8571428571428572,25.0,0.0,0.0,7.0,3.2120582805447633,0.256975562580677,1.5684449211042355,True
135 RD,6,1,1.0,1,0.0,1.0,2,1275.6634169102335,1.75,25.0,0.0,0.0,4.0,3.2019912977562095,0.2575753859281862,1.5671787583300631,True
CAMERON PL,9,1,1.0,1,1.0,1.0,2,518.8862364893232,1.5,25.0,0.0,0.0,2.0,3.169890601695705,0.2595068896827661,1.5631015609979184,True
BATTERY RD,5,1,1.0,0,0.0,1.0,2,2090.6854855938423,2.0,25.0,0.0,0.0,8.0,3.1611737998805536,0.2600363922277685,1.5619838378981163,True
GRINNELL PL,5,1,1.0,0,0.0,1.0,2,926.5489148280819,2.0,25.0,0.0,0.0,2.0,3.1611737998805536,0.2600363922277685,1.5619838378981163,True
GRIMSBY ST,2,1,1.0,1,1.0,1.0,2,2746.8813445679543,1.5,25.0,0.0,0.0,8.0,3.1551391080100224,0.26040423746264296,1.5612073560472706,True
GIRARD ST,2,1,1.0,2,0.0,1.0,2,1979.6033003093662,1.5,25.0,0.0,0.0,4.0,3.110951307656403,0.26312975034621255,1.5554540905766403,True
QUIMBY AVE,6,0,0.0,0,0.0,,4,4009.0958556117976,1.3333333333333333,25.0,0.0,0.0,6.0,5.1242034545502575,0.30244879989430595,1.549809185242982,True
NUGENT AVE,2,1,1.0,1,1.0,1.0,2,5889.173553925912,1.6818181818181819,23.40909090909091,0.0,0.0,22.0,3.0329401526966295,0.268083390142242,1.5449974880911994,True
BUCK ST,2,2,2.0,0,0.0,1.0,1,628.7296141614436,1.0,25.0,0.0,0.0,1.0,0.8489089896890297,0.3955169740904534,1.5447239666990822,True
MORTON PL,3,2,2.0,1,1.0,1.0,1,331.8672469004481,1.0,25.0,0.0,0.0,1.0,0.8489089896890297,0.3955169740904534,1.5447239666990822,True
GRASMERE AVE,4,1,1.0,0,0.0,1.0,2,742.5707764452402,2.0,25.0,0.0,0.0,5.0,3.022140650189353,0.268783884656055,1.5435188192788152,True
PINE PL,3,1,1.0,0,0.0,1.0,2,469.4017229896871,2.0,25.0,0.0,0.0,2.0,3.022140650189353,0.268783884656055,1.5435188192788152,True
N BRIDGE ST,12,4,1.0,2,0.0,0.25,2,1709.3948370353035,2.0,25.0,0.0,0.0,2.0,3.022140650189353,0.268783884656055,1.5435188192788152,True
SHERMAN ST,5,0,0.0,0,0.0,,4,2412.7376959141448,1.2,25.0,0.0,0.0,5.0,5.0279272267021735,0.3064653217096046,1.5408853350637617,True
HUNTER ST,10,0,0.0,0,0.0,,4,1854.7442540209502,1.25,25.0,0.0,0.0,8.0,5.018725371049891,0.30685480384405983,1.5400199892807207,True
RIVER ST,7,1,1.0,3,2.0,1.0,2,2279.497628452826,1.75,25.0,0.0,0.0,8.0,2.9769239488680617,0.27175699265854236,1.5372429070590345,True
ALVERSON AVE,3,2,1.0,0,0.0,0.5,2,4877.69020221089,1.3529411764705883,25.0,0.0,0.0,17.0,2.9766269441216164,0.2717767388914968,1.5372012248784377,True
CAMBRIDGE PL,8,1,1.0,2,2.0,1.0,3,1614.5813138715525,1.0,20.0,0.0,0.0,2.0,2.2602208646406887,0.42437633863226853,1.534807916404207,True
HIAWATHA AVE,5,0,0.0,0,0.0,,4,786.9577004682969,2.0,25.0,0.0,0.0,2.0,4.953139265740334,0.3096597686294019,1.5337879590183576,True
HASPEL ST,4,0,0.0,2,2.0,,4,1306.0824337025147,1.1666666666666667,25.0,0.0,0.0,6.0,4.930546004871232,0.3106379425112709,1.5316146664103663,True
FLATLANDS 7 ST,2,1,1.0,0,0.0,1.0,2,1044.069426265739,1.5,25.0,0.0,0.0,2.0,2.9352177149145198,0.2745581916682053,1.5313298762912069,True
FREEBORN ST,6,0,0.0,1,1.0,,4,3402.037426341899,1.2857142857142858,25.0,0.0,0.0,7.0,4.917412816630824,0.31120938854164726,1.5303450358705382,True
SUNFIELD AVE,3,1,1.0,0,0.0,1.0,2,744.3716691857105,1.3333333333333333,25.0,0.0,0.0,3.0,2.9209950049486326,0.27552671106559534,1.5292854356869339,True
146 PL,5,0,0.0,0,0.0,,4,2018.2767248763837,1.4,25.0,0.0,0.0,5.0,4.892006083731425,0.31232086526237185,1.5278755729397857,True
GOODWIN AVE,2,1,1.0,0,0.0,1.0,2,1969.1801251714262,1.6666666666666667,25.0,0.0,0.0,3.0,2.908698774113254,0.2763695678569053,1.5275062553706849,True
CROSS ST,3,1,1.0,1,1.0,1.0,2,773.0157712314262,2.0,25.0,0.0,0.0,3.0,2.884129462170646,0.27806923552098783,1.5239184391683613,True
BAYPORT PL,12,0,0.0,0,0.0,,4,1297.3682038740722,1.25,25.0,0.0,0.0,4.0,4.814916676521202,0.31574244394310724,1.5202735588272278,True
QUINLAN AVE,2,1,1.0,0,0.0,1.0,2,2151.3751258982866,1.3333333333333333,25.0,0.0,0.0,3.0,2.8486163063692027,0.2805632608828645,1.5186538190361798,True
EDWARDS AVE,5,1,1.0,1,1.0,1.0,2,1467.9195835930773,2.0,25.0,0.0,0.0,3.0,2.8383584584307933,0.28129200035592145,1.5171155281432258,True
STARBUCK ST,2,1,1.0,0,0.0,1.0,2,822.1732630153194,2.0,25.0,0.0,0.0,2.0,2.815517301019783,0.28292836403782556,1.513661339859896,True
HANOVER ST,25,3,2.0,0,0.0,0.6666666666666666,2,437.5234150380984,1.0,25.0,0.0,0.0,4.0,1.047200468546638,0.5147566173359293,1.509540136189809,True
CHATHAM ST,2,1,1.0,0,0.0,1.0,2,540.6324690988138,2.0,25.0,0.0,0.0,1.0,2.7471731655618834,0.2879403298010295,1.5030816175113975,True
PUTNAM ST,4,2,1.0,0,0.0,0.5,2,153.33012616907868,2.0,25.0,0.0,0.0,1.0,2.7471731655618834,0.2879403298010295,1.5030816175113975,True
BAY VIEW PL,3,1,1.0,0,0.0,1.0,2,1003.999931062631,1.0,25.0,1.0,0.75,3.0,2.738030825262769,0.2886242738721853,1.5016378849089418,True
LYNHURST AVE,7,0,0.0,1,0.0,,4,2173.8247792049688,1.375,23.75,0.0,0.0,8.0,4.582934968100998,0.32650651151079907,1.4963581089155122,True
CAMPBELL AVE,3,1,1.0,0,0.0,1.0,2,972.0447163187898,1.3333333333333333,25.0,0.0,0.0,3.0,2.704748321319227,0.29114184255215037,1.4963235673565651,True
69 DR,6,1,1.0,6,6.0,1.0,2,335.0030577343392,1.3333333333333333,25.0,0.0,0.0,3.0,2.704748321319227,0.29114184255215037,1.4963235673565651,True
SIGOURNEY ST,3,1,1.0,0,0.0,1.0,2,937.0388690345951,1.5,25.0,0.0,0.0,2.0,2.7035280224346563,0.29123498383991603,1.4961269560846016,True
ERICSSON PL,27,1,1.0,2,2.0,1.0,2,496.43123312915327,1.5,25.0,0.0,0.0,2.0,2.7035280224346563,0.29123498383991603,1.4961269560846016,True
RAMBLEWOOD AVE,2,1,1.0,0,0.0,1.0,2,1892.963707501654,1.3333333333333333,25.0,0.0,0.0,3.0,2.6332695796923438,0.2966999488882078,1.4845910008153829,True
HENSHAW ST,10,2,1.0,3,3.0,0.5,3,432.83385772779883,1.0,20.0,0.0,0.0,1.0,2.092892517477996,0.4432658876655502,1.4844419718829216,True
DICKIE AVE,5,0,0.0,0,0.0,,4,2704.809537702975,1.375,25.0,0.0,0.0,8.0,4.447016162723006,0.33316113655794655,1.481572959064355,True
59 RD,8,0,0.0,1,0.0,,4,2568.000972916331,1.0,25.0,0.0,0.0,7.0,4.430126545221145,0.33400705335181524,1.479693513344972,True
BRIGHTON 13 ST,13,0,0.0,2,1.0,,4,1167.5591283236104,1.0,25.0,0.0,0.0,2.0,4.430126545221145,0.33400705335181524,1.479693513344972,True
BOLTON ST,14,0,0.0,0,0.0,,4,818.6624580006087,1.0,25.0,0.0,0.0,1.0,4.430126545221145,0.33400705335181524,1.479693513344972,True
W 211 ST,15,0,0.0,2,2.0,,4,848.1044169391948,1.0,25.0,0.0,0.0,2.0,4.430126545221145,0.33400705335181524,1.479693513344972,True
LINDBERGH AVE,3,1,1.0,1,1.0,1.0,2,1391.0500612101423,1.0,25.0,0.0,0.0,2.0,2.5713919651036763,0.30168573525491343,1.4740665403659658,True
MEAGHER AVE,6,0,0.0,0,0.0,,4,2584.3576905383743,1.4,25.0,0.0,0.0,10.0,4.3744969911032054,0.33682389197269785,1.473435101966238,True
POPPENHUSEN AVE,6,0,0.0,2,2.0,,4,1217.8276457557104,1.0,25.0,0.0,0.0,3.0,4.313051005066706,0.33999099124902826,1.466398486520247,True
DOOLEY ST,2,1,1.0,2,2.0,1.0,2,943.7796070455317,1.2,25.0,0.0,0.0,5.0,2.5139636133510868,0.3064653217096046,1.4639773458222762,True
GIFFORD AVE,2,2,2.0,0,0.0,1.0,1,909.2449072400095,1.0,25.0,0.0,0.0,2.0,0.7446062677604253,0.42724914794004926,1.4636340975713633,True
BRIGHTON 15 ST,7,0,0.0,1,1.0,,3,1365.7646868183183,1.75,25.0,1.0,0.75,8.0,11.653167399336521,0.1251051728324081,1.457871521538979,True
PILOT ST,2,1,1.0,0,0.0,1.0,2,1171.4934853401169,2.0,25.0,0.0,0.0,2.0,2.476569632870167,0.3096597686294019,1.457234210879777,True
MULDOON AVE,1,2,2.0,1,0.0,1.0,1,5009.202483420908,1.1428571428571428,25.0,0.0,0.0,7.0,0.7303736339295853,0.4319783328659957,1.45154891902219,True
REDDING ST,3,1,1.0,3,2.0,1.0,2,1077.0411862802675,1.0,25.0,0.0,0.0,4.0,2.436771311985601,0.3131335864750909,1.449901353866573,True
NICHOLAS ST,8,1,1.0,1,1.0,1.0,2,534.1582047626474,1.3333333333333333,25.0,0.0,0.0,3.0,2.420722266519665,0.3145565884440302,1.4468975492828962,True
STACK DR,2,1,1.0,0,0.0,1.0,2,854.3682738180205,1.0,25.0,0.0,0.0,3.0,2.3921592644837477,0.3171214034565709,1.4414834997881536,True
AMETHYST ST,16,0,0.0,2,2.0,,4,1479.3955149893243,1.0,25.0,0.0,0.0,3.0,4.080437099121894,0.35253999764112304,1.4385172852991834,True
WILLARD AVE,5,0,0.0,0,0.0,,4,2067.791389524265,1.0,25.0,0.0,0.0,7.0,4.030863682059431,0.3553350708415744,1.4323072320173174,True
PAERDEGAT 10 ST,3,0,0.0,1,1.0,,3,474.7196806102625,2.0,25.0,0.0,0.0,1.0,9.882487479895698,0.14428644760925674,1.425909012017106,True
PLYMOUTH AVE,3,1,1.0,0,0.0,1.0,2,1158.428532586452,1.3333333333333333,25.0,0.0,0.0,3.0,2.2806597019645003,0.3275469822815521,1.419476220708064,True
DEBS PL,4,0,0.0,1,0.0,,3,532.1937204213972,2.0,25.0,0.0,0.0,3.0,9.56922415587506,0.14830935690822158,1.4192054806684498,True
CENTRE MALL,3,0,0.0,0,0.0,,3,1516.9290189307924,2.0,25.0,1.0,0.75,4.0,9.281189792966575,0.15221144214304433,1.4127032831907453,True
CEDAR LAWN AVE,4,0,0.0,0,0.0,,3,799.3158964402422,2.6666666666666665,25.0,0.0,0.0,3.0,9.06594192134926,0.15526421244167346,1.4076163324602446,True
11 PL,3,1,1.0,1,0.0,1.0,2,261.01548113852573,1.0,25.0,0.0,0.0,1.0,2.2150632726105726,0.33400705335181524,1.4058397033206707,True
FISHER AVE,2,1,1.0,0,0.0,1.0,2,1827.752735590609,1.0,25.0,0.0,0.0,4.0,2.2150632726105726,0.33400705335181524,1.4058397033206707,True
FLATLANDS 10 ST,2,1,1.0,0,0.0,1.0,2,774.3207506060504,1.0,25.0,0.0,0.0,1.0,2.2150632726105726,0.33400705335181524,1.4058397033206707,True
OVERBAUGH PL,2,1,1.0,1,1.0,1.0,2,459.9916798213007,1.0,25.0,0.0,0.0,1.0,2.2150632726105726,0.33400705335181524,1.4058397033206707,True
RODMAN PL,4,2,1.0,0,0.0,0.5,2,323.17260416245153,1.0,25.0,0.0,0.0,1.0,2.2150632726105726,0.33400705335181524,1.4058397033206707,True
63 PL,2,1,1.0,0,0.0,1.0,2,736.8384170999417,1.0,25.0,0.0,0.0,2.0,2.2150632726105726,0.33400705335181524,1.4058397033206707,True
54 PL,4,1,1.0,3,3.0,1.0,2,917.2051362656912,1.0,25.0,0.0,0.0,4.0,2.2150632726105726,0.33400705335181524,1.4058397033206707,True
EVERITT PL,9,1,1.0,0,0.0,1.0,2,533.7140398644862,1.0,25.0,0.0,0.0,2.0,2.2150632726105726,0.33400705335181524,1.4058397033206707,True
ACADEMY PL,7,1,1.0,0,0.0,1.0,2,509.9167499300453,1.0,25.0,0.0,0.0,1.0,2.2150632726105726,0.33400705335181524,1.4058397033206707,True
GOBLE PL,11,1,1.0,0,0.0,1.0,2,628.2912625044326,1.0,25.0,0.0,0.0,2.0,2.2150632726105726,0.33400705335181524,1.4058397033206707,True
HOXIE ST,4,1,1.0,0,0.0,1.0,2,586.5581570915573,1.0,25.0,0.0,0.0,1.0,2.2150632726105726,0.33400705335181524,1.4058397033206707,True
REISS PL,2,1,1.0,0,0.0,1.0,2,400.39910679294667,1.0,25.0,0.0,0.0,1.0,2.2150632726105726,0.33400705335181524,1.4058397033206707,True
WHEATLEY ST,4,1,1.0,0,0.0,1.0,2,480.57638403853605,1.0,25.0,0.0,0.0,2.0,2.2150632726105726,0.33400705335181524,1.4058397033206707,True
WINDOM AVE,2,1,1.0,0,0.0,1.0,2,766.2797888612198,1.0,25.0,0.0,0.0,1.0,2.2150632726105726,0.33400705335181524,1.4058397033206707,True
BILLS PL,2,1,1.0,0,0.0,1.0,2,278.9427598002828,1.0,25.0,0.0,0.0,1.0,2.2150632726105726,0.33400705335181524,1.4058397033206707,True
KANE PL,3,1,1.0,0,0.0,1.0,2,403.74164956942934,1.0,25.0,0.0,0.0,1.0,2.2150632726105726,0.33400705335181524,1.4058397033206707,True
GERANIUM AVE,5,1,1.0,2,0.0,1.0,2,877.3608425070892,1.0,25.0,0.0,0.0,1.0,2.2150632726105726,0.33400705335181524,1.4058397033206707,True
EDSALL AVE,7,0,0.0,1,0.0,,4,3930.0230334911744,1.2727272727272727,25.0,0.0,0.0,22.0,3.798021474763534,0.36907919946850426,1.4017707254699132,True
RAILROAD AVE,3,1,1.0,1,0.0,1.0,2,7180.464939815108,1.263157894736842,25.0,0.0,0.0,19.0,2.191338974737044,0.33640666773734484,1.4007743746369137,True
NAUTILUS AVE,2,1,1.0,0,0.0,1.0,2,1485.1888561439673,1.0,25.0,0.0,0.0,3.0,2.156525502533353,0.33999099124902826,1.3932082520110953,True
TUDOR CITY PL,7,0,0.0,0,0.0,,3,771.2513503571632,1.2,25.0,1.0,0.75,5.0,8.412388110322631,0.16533230089360676,1.3908394822896613,True
SUNBURY RD,7,0,0.0,2,0.0,,3,877.0321231438036,2.6666666666666665,25.0,0.0,0.0,3.0,8.338280416327501,0.16655697470098668,1.3887987603519925,True
FORDHAM PL,2,1,1.0,0,0.0,1.0,2,996.1344162930882,1.75,25.0,0.0,0.0,4.0,2.1355551757253277,0.3421871521895914,1.388572391735601,True
SINCLAIR AVE,4,0,0.0,1,0.0,,3,8948.600440053042,2.0,25.0,0.0,0.0,18.0,8.053628904507715,0.17143463420372798,1.380670925256851,True
40 DR,5,1,1.0,0,0.0,1.0,3,382.1135333571611,1.0,20.0,0.0,0.0,1.0,1.76473928739773,0.4856604684249673,1.3714036405405574,True
CUTHBERT RD,9,0,0.0,0,0.0,,4,1320.423731853713,1.0,25.0,0.0,0.0,3.0,3.5649204186411456,0.38394650938104513,1.3687387509584819,True
SPENCER PL,6,0,0.0,0,0.0,,4,662.5837484752321,1.0,25.0,0.0,0.0,2.0,3.5649204186411456,0.38394650938104513,1.3687387509584819,True
JARRETT PL,2,1,1.0,0,0.0,1.0,2,379.1649530194867,1.0,25.0,0.0,0.0,1.0,2.040218549560947,0.35253999764112304,1.3667186450084687,True
BIRCH AVE,2,1,1.0,0,0.0,1.0,2,570.2256439428159,1.0,25.0,0.0,0.0,2.0,2.040218549560947,0.35253999764112304,1.3667186450084687,True
LISPENARD ST,5,1,1.0,0,0.0,1.0,2,1017.6282328607344,1.0,25.0,0.0,0.0,2.0,2.040218549560947,0.35253999764112304,1.3667186450084687,True
CROTON LOOP,6,0,0.0,1,0.0,,3,1081.7258181341533,2.0,25.0,0.0,0.0,2.0,7.574801646442774,0.18031747426097203,1.3658691009144137,True
MITCHELL PL,3,1,1.0,0,0.0,1.0,2,605.3767165381315,1.5,25.0,0.0,0.0,2.0,2.0281955228861017,0.35389026159841674,1.3638683825684834,True
BRIDGETOWN ST,4,0,0.0,5,5.0,,3,1720.3223322666374,2.0,25.0,0.0,0.0,4.0,7.462094042582899,0.18254383118128603,1.362159235168133,True
MORANI ST,7,0,0.0,0,0.0,,3,2534.304735887892,1.8571428571428572,25.0,0.0,0.0,7.0,7.440588057208132,0.1829749079720636,1.3614409150256932,True
VILLAGE RD,4,0,0.0,0,0.0,,4,3422.9048395470336,1.0,25.0,0.0,0.0,15.0,3.4857561544297715,0.3892718919049215,1.3569068929541008,True
FLOYD ST,3,1,1.0,0,0.0,1.0,2,1041.9948817193958,1.0,25.0,0.0,0.0,3.0,1.9824591232736277,0.35912266545157046,1.3528233390472382,True
CLIFF ST,5,0,0.0,0,0.0,,3,1712.3092304781226,1.6,25.0,1.0,0.75,5.0,7.135120034982603,0.1893253303217265,1.3508589575082501,True
TOKEN ST,5,0,0.0,3,1.0,,3,1083.9906298860271,2.0,25.0,0.0,0.0,3.0,7.125622273750173,0.1895298542830546,1.3505181512199584,True
FRASER ST,3,0,0.0,0,0.0,,3,942.9716565050171,2.0,25.0,0.0,0.0,3.0,7.125622273750173,0.1895298542830546,1.3505181512199584,True
MACON AVE,4,0,0.0,0,0.0,,3,1318.7300831547961,2.0,25.0,0.0,0.0,2.0,7.125622273750173,0.1895298542830546,1.3505181512199584,True
LADD AVE,4,0,0.0,0,0.0,,3,1386.5580723964817,2.0,25.0,0.0,0.0,4.0,7.125622273750173,0.1895298542830546,1.3505181512199584,True
CREST RD,2,1,1.0,3,2.0,1.0,1,1799.2313022857263,2.5,25.0,0.0,0.0,4.0,3.618077642436554,0.13308810160076673,1.348434983275292,True
FLETCHER ST,5,0,0.0,0,0.0,,5,1679.8956367021633,1.0,25.0,0.0,0.0,6.0,2.618001171366595,0.5147566173359293,1.347633427154169,True
BARBARA ST,3,0,0.0,0,0.0,,3,3092.3005131949994,2.0,25.0,0.0,0.0,5.0,7.03632176616977,0.19147467464433768,1.3472774208702283,True
LAMPORT PL,2,1,1.0,0,0.0,1.0,2,672.5608094270735,1.0,25.0,0.0,0.0,2.0,1.953680161359003,0.3624951345380887,1.345704418398138,True
PONTON AVE,4,1,1.0,1,1.0,1.0,2,497.16674829603824,1.0,25.0,0.0,0.0,2.0,1.953680161359003,0.3624951345380887,1.345704418398138,True
CORBIN AVE,6,0,0.0,5,2.0,,3,4102.792922512353,2.0,25.0,0.0,0.0,13.0,6.954052035902961,0.19330203600842585,1.3442324170485813,True
BAYFIELD AVE,7,0,0.0,0,0.0,,4,1937.2273742743214,1.0,25.0,0.0,0.0,5.0,3.395635958756119,0.3955169740904534,1.3430316595199556,True
CHEEVER PL,8,0,0.0,0,0.0,,4,743.0369112665502,1.0,25.0,0.0,0.0,1.0,3.395635958756119,0.3955169740904534,1.3430316595199556,True
CANAL AVE,5,0,0.0,1,1.0,,3,646.8235754485175,2.0,25.0,0.0,0.0,4.0,6.90271275756544,0.19446015561277433,1.3423025969864582,True
ARNOLD AVE,6,1,1.0,0,0.0,1.0,2,1012.212526216166,1.0,25.0,0.0,0.0,5.0,1.9364454084914304,0.3645452890240167,1.3413767620937218,True
BRIGHTON 1 PL,12,0,0.0,0,0.0,,4,1020.8872467785476,1.0,25.0,0.0,0.0,5.0,3.328296956920221,0.40031577089265874,1.3323697620692085,True
MARGINAL ST,23,4,1.0,2,2.0,0.25,2,1023.6810020775891,1.0,25.0,1.0,0.75,3.0,1.8979724072239157,0.36920656511616945,1.33153730804024,True
PROVIDENCE ST,3,0,0.0,0,0.0,,3,1678.467798091543,2.0,25.0,0.0,0.0,6.0,6.533770715837882,0.2032093709076023,1.3277234368199302,True
WHITMAN DR,4,0,0.0,2,0.0,,3,4571.928449385108,2.0,25.0,0.0,0.0,5.0,6.504397246604999,0.20393990043378907,1.3265061268544351,True
LEGGETT PL,3,0,0.0,0,0.0,,3,1138.6490760333886,2.0,25.0,0.0,0.0,2.0,6.460377056731021,0.20504458686404484,1.324665344583366,True
SPEEDWELL AVE,2,1,1.0,0,0.0,1.0,1,963.0399182706055,2.0,25.0,0.0,0.0,4.0,3.1767269774459357,0.14882652432458676,1.3239547104568419,True
KINGSBOROUGH 6 WALK,2,1,1.0,1,1.0,1.0,1,393.21507437639906,2.0,25.0,1.0,0.75,1.0,3.093729930988858,0.15221144214304433,1.318689652253871,True
MADISON AVE BRIDGE,68,31,1.0,17,0.0,0.03225806451612903,1,4098.101422788169,2.0384615384615383,25.0,1.0,0.75,26.0,3.0727461055971683,0.1530917643221882,1.3173203582978152,True
FOREST ST,4,0,0.0,1,1.0,,3,1884.7584493425363,2.0,25.0,0.0,0.0,7.0,6.241003827096307,0.21073313398371588,1.3151862956883698,True
KOCH BLVD,2,2,1.0,0,0.0,0.5,1,3055.7959162166426,2.0,25.0,0.0,0.0,9.0,2.9825533939517035,0.1569944670344263,1.3112499134507407,True
ARCHER RD,3,1,1.0,0,0.0,1.0,2,851.3984907144704,1.0,25.0,0.0,0.0,1.0,1.7824602093205728,0.38394650938104513,1.3004228660981958,True
ETON PL,2,1,1.0,1,1.0,1.0,1,726.8397269879067,2.0,25.0,0.0,0.0,2.0,2.8286603994895145,0.16413382466851614,1.3001450253880706,True
DELANOY AVE,6,0,0.0,1,1.0,,3,1605.7267427628174,2.0,25.0,0.0,0.0,3.0,5.805989645792882,0.22300131757061326,1.2947433408131508,True
DWIGHT AVE,5,0,0.0,0,0.0,,3,953.0218010229676,2.0,25.0,0.0,0.0,4.0,5.805989645792882,0.22300131757061326,1.2947433408131508,True
N 15 ST,5,0,0.0,0,0.0,,3,1348.1087571362698,1.0,25.0,1.0,0.75,4.0,5.7359947665679165,0.22510997011462805,1.2912296104797665,True
KILDARE RD,3,0,0.0,0,0.0,,3,2231.2779906092114,1.6,25.0,0.0,0.0,5.0,5.722123972961623,0.22553258221583036,1.2905253953811409,True
MERIDIAN RD,51,16,1.0,6,0.0,0.0625,1,13341.399012592614,2.0392156862745097,25.0,1.0,0.75,51.0,2.674979801591129,0.17194213936454686,1.287999610477983,True
S GREENLEAF AVE,4,0,0.0,0,0.0,,3,3189.432101134663,1.9333333333333333,25.0,0.0,0.0,15.0,5.656854125955295,0.22754269946086944,1.2871758582762252,True
KEARNEY ST,4,0,0.0,0,0.0,,3,595.4310209619067,1.6666666666666667,25.0,0.0,0.0,3.0,5.627714311940494,0.22845173473976868,1.2856610971826297,True
GREENCROFT AVE,4,0,0.0,0,0.0,,3,3167.825101208147,2.0,25.0,0.0,0.0,6.0,5.590410683649624,0.22962610050476365,1.2837042055066332,True
ADMIRAL AVE,4,0,0.0,0,0.0,,3,1367.7804249924973,2.0,25.0,0.0,0.0,4.0,5.483117668616673,0.23307213524614853,1.277961942830372,True
KIRSHON AVE,4,0,0.0,1,0.0,,3,2067.4243236097523,2.0,25.0,0.0,0.0,5.0,5.461699338444477,0.23377247040000693,1.276794946930249,True
136 RD,7,0,0.0,0,0.0,,3,1822.7378513710792,2.0,25.0,0.0,0.0,3.0,5.447427953516975,0.23424145636087043,1.2760134572527322,True
HORNADAY PL,3,1,1.0,0,0.0,1.0,2,574.730333832358,1.0,25.0,0.0,0.0,2.0,1.6978179793780594,0.3955169740904534,1.2759988556695245,True
FARRAGUT AVE,3,1,1.0,1,0.0,1.0,1,514.5233501976439,2.0,25.0,0.0,0.0,3.0,2.5249338821475913,0.18031747426097205,1.2749722260438325,True
DELMAR LOOP,7,1,1.0,1,0.0,1.0,1,1059.7332236222835,2.0,25.0,0.0,0.0,2.0,2.5249338821475913,0.18031747426097205,1.2749722260438325,True
245 PL,1,1,1.0,0,0.0,1.0,1,443.37207317819536,2.0,25.0,0.0,0.0,1.0,2.5249338821475913,0.18031747426097205,1.2749722260438325,True
CEDRIC RD,3,0,0.0,0,0.0,,3,522.9235802689597,2.0,25.0,0.0,0.0,2.0,5.3761614523306145,0.23661185998865475,1.272063560835254,True
CANEY RD,6,0,0.0,2,2.0,,3,1870.1554099722005,2.0,25.0,0.0,0.0,4.0,5.3761614523306145,0.23661185998865475,1.272063560835254,True
EMERSON AVE,4,0,0.0,0,0.0,,3,2305.8613190372616,2.0,25.0,0.0,0.0,4.0,5.3761614523306145,0.23661185998865475,1.272063560835254,True
126 PL,3,0,0.0,1,1.0,,3,437.1354368754248,2.0,25.0,0.0,0.0,1.0,5.3761614523306145,0.23661185998865475,1.272063560835254,True
LUCERNE ST,3,0,0.0,0,0.0,,3,1180.618357766135,2.0,25.0,0.0,0.0,2.0,5.3761614523306145,0.23661185998865475,1.272063560835254,True
POMPEII AVE,4,0,0.0,2,1.0,,3,1529.787575654822,2.0,25.0,0.0,0.0,2.0,5.3761614523306145,0.23661185998865475,1.272063560835254,True
COLLINS PL,6,0,0.0,1,1.0,,3,883.9697842834875,2.0,25.0,0.0,0.0,2.0,5.3761614523306145,0.23661185998865475,1.272063560835254,True
IRWIN PL,5,0,0.0,0,0.0,,3,1174.0925969781276,2.0,25.0,0.0,0.0,5.0,5.3761614523306145,0.23661185998865475,1.272063560835254,True
OHM AVE,4,0,0.0,0,0.0,,3,1941.6450759601078,2.0,25.0,0.0,0.0,3.0,5.3761614523306145,0.23661185998865475,1.272063560835254,True
HILLMEYER AVE,5,1,0.0,0,0.0,0.0,3,1559.0096252443764,2.0,25.0,0.0,0.0,3.0,5.3761614523306145,0.23661185998865475,1.272063560835254,True
SIEGFRIED PL,3,0,0.0,0,0.0,,3,613.7633918339861,2.0,25.0,0.0,0.0,2.0,5.3761614523306145,0.23661185998865475,1.272063560835254,True
DENIS ST,5,0,0.0,2,2.0,,3,1042.4662556814624,2.0,25.0,0.0,0.0,3.0,5.3761614523306145,0.23661185998865475,1.272063560835254,True
DAVIES RD,3,0,0.0,0,0.0,,3,698.5126944555145,2.0,25.0,0.0,0.0,1.0,5.3761614523306145,0.23661185998865475,1.272063560835254,True
RUSCOE ST,5,0,0.0,0,0.0,,3,791.3414149343696,2.0,25.0,0.0,0.0,3.0,5.3761614523306145,0.23661185998865475,1.272063560835254,True
SAGAMORE AVE,10,0,0.0,1,1.0,,3,1250.427963889164,2.0,25.0,0.0,0.0,5.0,5.3761614523306145,0.23661185998865475,1.272063560835254,True
RAINBOW AVE,6,0,0.0,5,1.0,,3,704.3823612629478,2.0,25.0,0.0,0.0,1.0,5.3761614523306145,0.23661185998865475,1.272063560835254,True
DORSET ST,3,0,0.0,0,0.0,,3,412.12871385787753,2.0,25.0,0.0,0.0,1.0,5.3761614523306145,0.23661185998865475,1.272063560835254,True
GOODWIN PL,10,1,0.0,0,0.0,0.0,3,667.1020823424307,2.0,25.0,0.0,0.0,1.0,5.3761614523306145,0.23661185998865475,1.272063560835254,True
TURIN DR,4,0,0.0,0,0.0,,3,738.4256415273853,2.0,25.0,0.0,0.0,2.0,5.3761614523306145,0.23661185998865475,1.272063560835254,True
88 DR,3,0,0.0,0,0.0,,3,2391.7157776930344,2.0,25.0,0.0,0.0,4.0,5.3761614523306145,0.23661185998865475,1.272063560835254,True
ROBERTS DR,4,0,0.0,1,1.0,,3,851.9585319002363,2.0,25.0,0.0,0.0,1.0,5.3761614523306145,0.23661185998865475,1.272063560835254,True
FARADAY AVE,7,0,0.0,0,0.0,,3,905.4683782445185,2.0,25.0,0.0,0.0,3.0,5.3761614523306145,0.23661185998865475,1.272063560835254,True
144 DR,5,0,0.0,3,3.0,,3,1381.7591584840316,2.0,25.0,0.0,0.0,9.0,5.3761614523306145,0.23661185998865475,1.272063560835254,True
RICHLAND AVE,5,0,0.0,0,0.0,,3,2250.2353456425203,2.0,25.0,0.0,0.0,8.0,5.3761614523306145,0.23661185998865475,1.272063560835254,True
GRAFF AVE,4,0,0.0,0,0.0,,3,2718.6637924250813,1.3333333333333333,25.0,1.0,0.75,6.0,5.368518601005269,0.23686892122943048,1.2716352096202495,True
ELVIRA AVE,3,0,0.0,0,0.0,,3,1738.734714703718,2.0,25.0,0.0,0.0,10.0,5.354811021163272,0.23733136677762387,1.270864618488563,True
PURVES ST,8,1,1.0,3,0.0,1.0,1,611.4652219594625,2.0,25.0,0.0,0.0,3.0,2.4748618104088584,0.18329699611427264,1.2703377395316016,True
KEATING ST,3,0,0.0,0,0.0,,3,1210.987654462652,2.0,25.0,0.0,0.0,5.0,5.333474279594682,0.23805479720535774,1.2696591380289035,True
TILLMAN ST,4,0,0.0,2,1.0,,3,2790.6799705543226,1.6666666666666667,25.0,0.0,0.0,9.0,5.306769832677571,0.23896645966344274,1.2681399991637197,True
BOGOTA ST,1,1,1.0,0,0.0,1.0,1,846.3400165894847,2.0,25.0,0.0,0.0,4.0,2.449886571967412,0.18482025035620725,1.2679683992191202,True
HIGH ST,3,1,1.0,0,0.0,1.0,2,1144.3068472696066,1.0,25.0,0.0,0.0,3.0,1.6697525142887788,0.3995089855300629,1.267572147539719,True
GLADWIN AVE,3,0,0.0,0,0.0,,3,1596.023860480406,2.0,25.0,0.0,0.0,4.0,5.269546564779127,0.24024893646379442,1.2660029578346266,True
UXBRIDGE ST,2,1,1.0,0,0.0,1.0,1,743.0317337474245,2.0,25.0,0.0,0.0,1.0,2.3752074245833907,0.1895298542830546,1.2606428627902648,True
ELWOOD AVE,1,1,1.0,0,0.0,1.0,1,780.734705018454,2.0,25.0,0.0,0.0,1.0,2.3752074245833907,0.1895298542830546,1.2606428627902648,True
FORRESTAL AVE,1,1,1.0,0,0.0,1.0,1,1236.5214600667728,2.0,25.0,0.0,0.0,2.0,2.3752074245833907,0.1895298542830546,1.2606428627902648,True
CANTERBURY AVE,2,1,1.0,1,0.0,1.0,1,1327.2176872615125,2.0,25.0,0.0,0.0,3.0,2.3752074245833907,0.1895298542830546,1.2606428627902648,True
CAESAR PL,1,1,1.0,0,0.0,1.0,1,852.2552440683145,2.0,25.0,0.0,0.0,1.0,2.3752074245833907,0.1895298542830546,1.2606428627902648,True
RUPERT AVE,2,1,1.0,0,0.0,1.0,1,1657.9347349052873,2.0,25.0,0.0,0.0,3.0,2.3752074245833907,0.1895298542830546,1.2606428627902648,True
PERKIOMEN AVE,2,1,1.0,0,0.0,1.0,1,891.6079158491004,2.0,25.0,0.0,0.0,2.0,2.3752074245833907,0.1895298542830546,1.2606428627902648,True
DIERAUF ST,1,1,1.0,0,0.0,1.0,1,647.6910358808618,2.0,25.0,0.0,0.0,1.0,2.3752074245833907,0.1895298542830546,1.2606428627902648,True
HUXLEY AVE,9,0,0.0,0,0.0,,3,1491.7042965238152,2.0,25.0,0.0,0.0,8.0,5.16327767457914,0.24398721174698548,1.2597737232960233,True
MAITLAND AVE,3,0,0.0,1,1.0,,3,658.7840227418756,2.0,25.0,0.0,0.0,2.0,5.16327767457914,0.24398721174698548,1.2597737232960233,True
MIRIAM ST,4,0,0.0,0,0.0,,3,335.94880918687875,2.0,25.0,0.0,0.0,1.0,4.9517972945090705,0.2517837430721895,1.2467820577462347,True
CODY AVE,10,0,0.0,1,1.0,,3,889.4333595663694,2.0,25.0,0.0,0.0,1.0,4.9517972945090705,0.2517837430721895,1.2467820577462347,True
MARENGO ST,3,0,0.0,0,0.0,,3,2029.3206103748207,2.0,25.0,0.0,0.0,3.0,4.9517972945090705,0.2517837430721895,1.2467820577462347,True
BARROW PL,1,1,1.0,0,0.0,1.0,1,641.8393769587593,2.0,25.0,0.0,0.0,2.0,2.2269852492661375,0.1996262487056767,1.2449384625281987,True
BELFAST AVE,1,1,1.0,0,0.0,1.0,1,1433.1204430432113,2.0,25.0,0.0,0.0,3.0,2.2269852492661375,0.1996262487056767,1.2449384625281987,True
VENICE AVE,3,1,1.0,0,0.0,1.0,1,383.00510477015,2.0,25.0,0.0,0.0,1.0,2.2269852492661375,0.1996262487056767,1.2449384625281987,True
WALKER PL,1,1,1.0,0,0.0,1.0,1,559.0763336329135,2.0,25.0,0.0,0.0,1.0,2.2269852492661375,0.1996262487056767,1.2449384625281987,True
LUCILLE AVE,1,1,1.0,0,0.0,1.0,1,1135.0249801345685,2.0,25.0,0.0,0.0,2.0,2.2269852492661375,0.1996262487056767,1.2449384625281987,True
MOBILE AVE,2,1,1.0,0,0.0,1.0,1,1184.9665002671877,2.0,25.0,0.0,0.0,2.0,2.2269852492661375,0.1996262487056767,1.2449384625281987,True
MANHATTAN ST,4,0,0.0,0,0.0,,3,3322.4916547430853,1.75,25.0,0.0,0.0,4.0,4.900162274137687,0.2537636190853374,1.2434829127906166,True
GIEGERICH PL,5,0,0.0,2,0.0,,3,2017.5210075727978,2.0,25.0,0.0,0.0,3.0,4.881622606152495,0.25448211644440083,1.242285652496519,True
ELSON ST,1,1,1.0,0,0.0,1.0,1,1729.0891003872189,2.0,25.0,0.0,0.0,8.0,2.1901724828054387,0.20230280172051365,1.2407752278022002,True
AUGUSTINA AVE,9,0,0.0,0,0.0,,3,1585.4759369185356,1.75,25.0,0.0,0.0,4.0,4.802986946634315,0.2575753859281862,1.237131216387374,True
BELMONT PL,6,0,0.0,1,1.0,,4,1235.3727770611654,1.0,20.0,0.0,0.0,3.0,2.790523356637328,0.4432658876655502,1.236943812731296,True
REDGRAVE AVE,2,1,1.0,1,0.0,1.0,1,1782.1384685898995,2.0,25.0,0.0,0.0,5.0,2.15345901891034,0.20504458686404484,1.2365105279970772,True
JULIANA PL,2,1,1.0,0,0.0,1.0,1,261.99525648980915,2.0,25.0,0.0,0.0,1.0,2.15345901891034,0.20504458686404484,1.2365105279970772,True
SUNSET BLVD,1,1,1.0,0,0.0,1.0,1,920.2434115124695,2.0,25.0,0.0,0.0,4.0,2.15345901891034,0.20504458686404484,1.2365105279970772,True
MALONE AVE,1,1,1.0,0,0.0,1.0,1,2469.692557878843,2.0,25.0,0.0,0.0,4.0,2.15345901891034,0.20504458686404484,1.2365105279970772,True
FLINT ST,1,1,1.0,0,0.0,1.0,1,1241.1111472195116,2.0,25.0,0.0,0.0,3.0,2.15345901891034,0.20504458686404484,1.2365105279970772,True
CAMP RD,3,0,0.0,1,0.0,,3,1557.0657699015137,1.625,25.0,0.0,0.0,16.0,4.78181870703715,0.258420963469289,1.23572219740801,True
MARTIN AVE,1,1,1.0,0,0.0,1.0,1,2757.3153398529053,2.0,25.0,0.0,0.0,5.0,2.1388016935704557,0.2061600762789138,1.2347754440130414,True
TELEPORT DR,7,0,0.0,5,5.0,,3,9084.059634246372,1.945945945945946,25.0,0.0,0.0,37.0,4.752489665722319,0.2596017457126385,1.233754613702788,True
S SERVICE RD,2,1,1.0,2,0.0,1.0,1,7868.4114144138475,2.0,25.0,0.0,0.0,18.0,2.1290391086480502,0.20690981221635746,1.2336092699552916,True
DELAWARE ST,1,1,1.0,0,0.0,1.0,1,1282.2879860239382,2.0,25.0,0.0,0.0,4.0,2.0985775283615777,0.20928462120433086,1.2299153818867428,True
KINGHORN ST,3,0,0.0,2,2.0,,3,3786.1809528895087,1.7,25.0,0.0,0.0,10.0,4.688281799539763,0.2622247934483223,1.229383726511843,True
JACOBUS PL,10,1,1.0,3,2.0,1.0,1,320.90115908764835,2.0,25.0,0.0,0.0,1.0,2.080334609032102,0.2107331339837159,1.2276622979124072,True
ELMIRA ST,1,1,1.0,0,0.0,1.0,1,1208.2735996145916,2.0,25.0,0.0,0.0,3.0,2.080334609032102,0.2107331339837159,1.2276622979124072,True
ENDEAVOR PL,1,1,1.0,0,0.0,1.0,1,617.0460214105786,2.0,25.0,0.0,0.0,5.0,2.080334609032102,0.2107331339837159,1.2276622979124072,True
URBANA ST,1,1,1.0,0,0.0,1.0,1,790.630268722806,2.0,25.0,0.0,0.0,3.0,2.080334609032102,0.2107331339837159,1.2276622979124072,True
HEATHCOTE AVE,3,1,1.0,1,1.0,1.0,1,584.2614780223649,2.0,25.0,0.0,0.0,1.0,2.080334609032102,0.2107331339837159,1.2276622979124072,True
SEDGWICK PL,7,1,1.0,1,1.0,1.0,2,448.3350489842662,1.0,25.0,0.0,0.0,1.0,1.5305785971481278,0.4205583260255459,1.2231392466415991,True
MARY ST,3,1,1.0,0,0.0,1.0,2,691.5863698260282,1.0,25.0,0.0,0.0,3.0,1.5305785971481278,0.4205583260255459,1.2231392466415991,True
SAPPHIRE ST,5,0,0.0,2,2.0,,3,2732.102635369638,2.0,25.0,0.0,0.0,6.0,4.533210975284029,0.268783884656055,1.2184540559023052,True
PENDLETON PL,5,0,0.0,0,0.0,,3,1421.234965301858,2.0,25.0,0.0,0.0,2.0,4.533210975284029,0.268783884656055,1.2184540559023052,True
HOME PL,1,1,1.0,0,0.0,1.0,1,1587.1333596718055,2.0,25.0,0.0,0.0,4.0,2.007621547240276,0.21671153633783166,1.2183632135495432,True
W 20 RD,3,1,1.0,0,0.0,1.0,1,415.50325934175805,2.0,25.0,0.0,0.0,3.0,1.98347699157243,0.21877241134881134,1.2151576329523752,True
CRANFORD ST,2,1,1.0,0,0.0,1.0,1,1371.4002167567596,2.0,25.0,0.0,0.0,4.0,1.9714223904467318,0.21981608016769413,1.213534262055132,True
71 DR,4,0,0.0,1,0.0,,3,658.7405828398432,1.5,25.0,0.0,0.0,2.0,4.402826572371779,0.2745581916682053,1.2088321019391184,True
HAGAMAN PL,3,0,0.0,0,0.0,,3,959.5082444838209,1.5,25.0,0.0,0.0,2.0,4.402826572371779,0.2745581916682053,1.2088321019391184,True
OAK ST,5,1,1.0,2,0.0,1.0,2,1998.5592032289526,1.0,25.0,0.0,0.0,5.0,1.4809613033605693,0.42860930626497873,1.2061444905736736,True
DE COSTA AVE,4,0,0.0,0,0.0,,3,2423.456183290453,1.8571428571428572,25.0,0.0,0.0,7.0,4.362323661491505,0.27640278080454705,1.2057583908057254,True
BOGERT AVE,1,1,1.0,0,0.0,1.0,1,1264.5652279844103,2.0,25.0,0.0,0.0,5.0,1.906533564370185,0.22560963155970376,1.2045227034540624,True
PEARSALL ST,4,0,0.0,0,0.0,,3,1170.4040136385731,2.0,25.0,0.0,0.0,2.0,4.326194193255969,0.27806923552098783,1.202981512034024,True
KREISCHER ST,3,0,0.0,1,1.0,,3,1569.8747962352525,2.0,25.0,0.0,0.0,2.0,4.326194193255969,0.27806923552098783,1.202981512034024,True
ANDROVETTE AVE,3,1,1.0,2,2.0,1.0,2,2574.74217247274,1.0,25.0,0.0,0.0,4.0,1.4685983220749697,0.4306635443376493,1.2018082142554818,True
ROSE ST,9,2,0.0,0,0.0,0.0,3,1088.2484848497343,2.0,25.0,0.0,0.0,10.0,4.284979074038493,0.27999496965579235,1.1997725858111132,True
210 PL,4,0,0.0,4,2.0,,3,4118.382978820839,1.4285714285714286,25.0,0.0,0.0,7.0,4.256185696209691,0.2813562135731093,1.1975042917495866,True
WAVE ST,8,0,0.0,2,2.0,,3,973.3036357076189,1.6666666666666667,25.0,0.0,0.0,3.0,4.239528473189715,0.28214976559279914,1.1961819649344758,True
SENECA ST,4,0,0.0,0,0.0,,3,1117.592804060278,1.5,25.0,0.0,0.0,2.0,4.228484644246693,0.2826783672685853,1.1953011352559402,True
BARUCH PL,3,0,0.0,0,0.0,,3,632.1402658809257,1.8181818181818181,25.0,0.0,0.0,11.0,4.172327520147827,0.28539720788560585,1.1907706246344638,True
KING RD,6,0,0.0,2,2.0,,3,1408.8100183915162,1.5714285714285714,25.0,0.0,0.0,7.0,4.162949833892081,0.2858563317120787,1.1900055686177975,True
MANGIN ST,2,1,1.0,0,0.0,1.0,1,657.6685829780017,1.9,25.0,0.0,0.0,10.0,1.798277514307888,0.23598621290742716,1.188382487450673,True
DOGWOOD DR,4,0,0.0,2,1.0,,3,1607.7736217512959,1.2857142857142858,25.0,0.0,0.0,7.0,4.136221578996324,0.2871730677577603,1.1878114397662214,True
CAMP ST,2,1,1.0,0,0.0,1.0,1,455.0305284333078,2.0,25.0,0.0,0.0,2.0,1.792053817443538,0.23661185998865475,1.1874093269564299,True
BURNSIDE AVE,4,3,1.0,1,0.0,0.3333333333333333,1,1352.1172671767054,2.0,25.0,0.0,0.0,2.0,1.792053817443538,0.23661185998865475,1.1874093269564299,True
BOSS ST,1,1,1.0,0,0.0,1.0,1,385.5097569092658,2.0,25.0,0.0,0.0,1.0,1.792053817443538,0.23661185998865475,1.1874093269564299,True
161 PL,5,1,1.0,5,5.0,1.0,1,455.9001455531654,2.0,25.0,0.0,0.0,1.0,1.792053817443538,0.23661185998865475,1.1874093269564299,True
KINGSLEY PL,1,1,1.0,0,0.0,1.0,1,455.9089739386989,2.0,25.0,0.0,0.0,1.0,1.792053817443538,0.23661185998865475,1.1874093269564299,True
HAMLIN PL,1,1,1.0,0,0.0,1.0,1,1044.613911955737,2.0,25.0,0.0,0.0,3.0,1.792053817443538,0.23661185998865475,1.1874093269564299,True
CROTONA PL,3,1,1.0,1,0.0,1.0,1,472.6179826655753,2.0,25.0,0.0,0.0,1.0,1.792053817443538,0.23661185998865475,1.1874093269564299,True
ADELE ST,1,1,1.0,0,0.0,1.0,1,265.3529814833202,2.0,25.0,0.0,0.0,1.0,1.792053817443538,0.23661185998865475,1.1874093269564299,True
ARTHUR ST,3,2,1.0,0,0.0,0.5,1,484.4466711132625,2.0,25.0,0.0,0.0,2.0,1.792053817443538,0.23661185998865475,1.1874093269564299,True
AVA PL,4,1,1.0,0,0.0,1.0,1,416.97588325289365,2.0,25.0,0.0,0.0,1.0,1.792053817443538,0.23661185998865475,1.1874093269564299,True
RAE AVE,1,1,1.0,0,0.0,1.0,1,893.615940196185,2.0,25.0,0.0,0.0,1.0,1.792053817443538,0.23661185998865475,1.1874093269564299,True
HASKIN ST,1,1,1.0,0,0.0,1.0,1,415.62167503009783,2.0,25.0,0.0,0.0,1.0,1.792053817443538,0.23661185998865475,1.1874093269564299,True
SPA PL,2,1,1.0,0,0.0,1.0,1,392.8241944902296,2.0,25.0,0.0,0.0,2.0,1.792053817443538,0.23661185998865475,1.1874093269564299,True
DUMFRIES PL,1,1,1.0,0,0.0,1.0,1,515.6596731598981,2.0,25.0,0.0,0.0,1.0,1.792053817443538,0.23661185998865475,1.1874093269564299,True
GORSLINE ST,3,1,1.0,0,0.0,1.0,1,859.8308214297449,2.0,25.0,0.0,0.0,1.0,1.792053817443538,0.23661185998865475,1.1874093269564299,True
KRUSER ST,1,1,1.0,1,0.0,1.0,1,1551.3056899216022,2.0,25.0,0.0,0.0,6.0,1.792053817443538,0.23661185998865475,1.1874093269564299,True
VERVEELEN PL,2,1,1.0,0,0.0,1.0,1,265.4550239214524,2.0,25.0,0.0,0.0,1.0,1.792053817443538,0.23661185998865475,1.1874093269564299,True
UTTER AVE,1,1,1.0,0,0.0,1.0,1,1519.6746991568864,2.0,25.0,0.0,0.0,3.0,1.792053817443538,0.23661185998865475,1.1874093269564299,True
SUMMERFIELD PL,1,1,1.0,0,0.0,1.0,1,601.3225454126803,2.0,25.0,0.0,0.0,1.0,1.792053817443538,0.23661185998865475,1.1874093269564299,True
DAVENPORT AVE,3,1,1.0,2,2.0,1.0,1,2572.896354037249,2.0,25.0,0.0,0.0,7.0,1.792053817443538,0.23661185998865475,1.1874093269564299,True
PECONIC ST,1,1,1.0,0,0.0,1.0,1,794.6555962058385,2.0,25.0,0.0,0.0,2.0,1.792053817443538,0.23661185998865475,1.1874093269564299,True
PORTER RD,1,1,1.0,0,0.0,1.0,1,659.4733227379772,2.0,25.0,0.0,0.0,1.0,1.792053817443538,0.23661185998865475,1.1874093269564299,True
FELTON ST,1,1,1.0,3,2.0,1.0,1,1320.2119549782053,2.0,25.0,0.0,0.0,5.0,1.792053817443538,0.23661185998865475,1.1874093269564299,True
BROWNELL ST,4,0,0.0,0,0.0,,3,619.5452592302154,1.6666666666666667,25.0,0.0,0.0,3.0,4.116585245861231,0.288148184432101,1.186186564654888,True
GILBERT PL,4,0,0.0,0,0.0,,3,822.1608249013931,1.25,25.0,0.0,0.0,4.0,4.111607233219241,0.28839643964327316,1.185772887271958,True
ELBE AVE,1,1,1.0,0,0.0,1.0,1,1723.8045848692896,1.75,25.0,0.0,0.0,4.0,1.7639779905304527,0.23947596441079524,1.1829543660709017,True
DEVONSHIRE RD,5,0,0.0,1,1.0,,3,674.661067707223,1.3333333333333333,25.0,0.0,0.0,3.0,4.0571224819788405,0.29114184255215037,1.181198114863073,True
BLAIR AVE,4,0,0.0,0,0.0,,3,952.806264841761,1.5,25.0,0.0,0.0,2.0,4.055292033651984,0.29123498383991603,1.1810429098867758,True
ANDROVETTE ST,1,1,1.0,0,0.0,1.0,1,1578.1618752932072,2.0,25.0,0.0,0.0,3.0,1.7446949741867135,0.2414835883796936,1.1798316146149308,True
BEACH RD,3,0,0.0,2,2.0,,3,3578.211874244799,1.125,25.0,0.0,0.0,8.0,4.0394445930761425,0.2920438699264486,1.179695031315425,True
MAGAW PL,2,1,1.0,0,0.0,1.0,2,476.6415147663625,1.0,20.0,0.0,0.0,1.0,1.395261678318664,0.4432658876655502,1.1752060187000977,True
CURTIS PL,3,1,1.0,1,1.0,1.0,2,587.2086031633388,1.0,20.0,0.0,0.0,1.0,1.395261678318664,0.4432658876655502,1.1752060187000977,True
PINEWOOD AVE,1,1,1.0,0,0.0,1.0,1,1444.188557695669,1.75,25.0,0.0,0.0,4.0,1.7148175636714962,0.24466159078304656,1.17488840224753,True
HATFIELD PL,5,0,0.0,7,5.0,,3,1935.8903753200325,1.1666666666666667,25.0,0.0,0.0,6.0,3.944032458863151,0.29701048011715475,1.1714189742045868,True
WINCHESTER AVE,4,0,0.0,0,0.0,,3,4933.919920712262,1.1428571428571428,25.0,0.0,0.0,7.0,3.93679853015161,0.29739393537992237,1.1707800076796815,True
STEVENSON PL,2,1,1.0,0,0.0,1.0,1,1356.417434304184,1.6666666666666667,25.0,0.0,0.0,3.0,1.6840787594213442,0.24801971549388707,1.169665019287093,True
INDUSTRIAL LOOP,6,0,0.0,1,1.0,,3,4307.61594456469,1.25,25.0,0.0,0.0,4.0,3.8793478888640722,0.30047479301150565,1.1656462539260535,True
STRATTON ST,20,1,1.0,5,0.0,1.0,2,427.53870213288457,1.0,25.0,0.0,0.0,1.0,1.366233203507455,0.44846034799372864,1.1642410698918113,True
PLATTSBURG ST,1,1,1.0,0,0.0,1.0,1,1128.137020174279,2.0,25.0,0.0,0.0,4.0,1.65059909816969,0.2517837430721895,1.1638102761765554,True
STEPHANIE DR,1,1,1.0,2,2.0,1.0,1,252.88694262712477,2.0,25.0,0.0,0.0,2.0,1.65059909816969,0.2517837430721895,1.1638102761765554,True
AGAR PL,2,1,1.0,0,0.0,1.0,1,1090.3130424483631,2.0,25.0,0.0,0.0,2.0,1.65059909816969,0.2517837430721895,1.1638102761765554,True
GLENWOOD PL,1,1,1.0,0,0.0,1.0,1,464.4799960487012,2.0,25.0,0.0,0.0,1.0,1.65059909816969,0.2517837430721895,1.1638102761765554,True
E 53 PL,6,0,0.0,0,0.0,,3,771.4641623406882,1.0,25.0,0.0,0.0,1.0,3.8570879476555144,0.30168573525491343,1.163628413431319,True
CROSS BAY PKWY,20,7,1.0,0,0.0,0.14285714285714285,1,2333.586265617309,1.5833333333333333,25.0,0.0,0.0,12.0,1.6455701708918775,0.25235902367472424,1.1629154580397991,True
PINEAPPLE ST,14,1,1.0,1,0.0,1.0,3,1127.5529059034018,0.75,21.25,0.0,0.0,4.0,1.2780138860141381,0.5659440763364062,1.1573403119289662,True
REEDER ST,6,1,1.0,0,0.0,1.0,1,981.3920804803938,2.0,25.0,0.0,0.0,3.0,1.6038699588031433,0.2572325220914693,1.1553349925182042,True
LANGHAM ST,4,1,1.0,0,0.0,1.0,1,972.2471797867669,1.5,25.0,0.0,0.0,2.0,1.5849453008478525,0.2595068896827661,1.1517973356575761,True
19 RD,8,0,0.0,0,0.0,,3,862.2076810781335,1.25,25.0,0.0,0.0,4.0,3.7257345271530724,0.3090349399313435,1.1513821457988824,True
FINGAL ST,1,1,1.0,0,0.0,1.0,1,571.4120534906682,2.0,25.0,0.0,0.0,2.0,1.5805868999402768,0.2600363922277685,1.150973722835174,True
BOYD ST,3,0,0.0,0,0.0,,3,1040.7410964346234,2.0,25.0,0.0,0.0,5.0,3.7148544493052507,0.3096597686294019,1.1503409692637683,True
WOODLAWN AVE,1,1,1.0,0,0.0,1.0,1,984.8063098861271,1.8,25.0,0.0,0.0,5.0,1.5603263326553716,0.2625264918322832,1.1471005063932638,True
POWERS AVE,7,0,0.0,0,0.0,,3,718.1882237165004,1.0,25.0,0.0,0.0,2.0,3.5882388967256214,0.3171214034565709,1.1379073548670868,True
BOYNTON PL,6,0,0.0,0,0.0,,3,692.1340936489295,1.0,25.0,0.0,0.0,1.0,3.5882388967256214,0.3171214034565709,1.1379073548670868,True
HALE ST,4,1,1.0,0,0.0,1.0,1,689.6815022867734,2.0,25.0,0.0,0.0,1.0,1.5110703250946764,0.268783884656055,1.13736746731138,True
KALVER PL,1,1,1.0,3,3.0,1.0,1,224.72005594718576,2.0,25.0,0.0,0.0,1.0,1.5110703250946764,0.268783884656055,1.13736746731138,True
ELY ST,1,1,1.0,0,0.0,1.0,1,450.8413151122533,2.0,25.0,0.0,0.0,1.0,1.5110703250946764,0.268783884656055,1.13736746731138,True
DASH PL,3,0,0.0,0,0.0,,3,893.1048500366262,1.5,25.0,0.0,0.0,2.0,3.542952145354678,0.31987828482083674,1.1333134554583584,True
ELK ST,2,1,1.0,0,0.0,1.0,2,452.5148503033639,1.0,25.0,0.0,0.0,2.0,1.2852167225555773,0.4636235444945514,1.132233187860336,True
58 DR,4,0,0.0,0,0.0,,3,1119.7880885039576,1.3333333333333333,25.0,0.0,0.0,3.0,3.5257846349072093,0.3209359471573354,1.1315510312767252,True
W END DR,3,1,1.0,0,0.0,1.0,1,619.4429810625434,1.6666666666666667,25.0,0.0,0.0,3.0,1.454349387056627,0.2763695678569053,1.1255683437568897,True
OSBORNE PL,9,0,0.0,0,0.0,,3,745.1702002437903,1.0,25.0,0.0,0.0,2.0,3.4550060002738165,0.3253713849929506,1.1241600874680464,True
RIDGECREST AVE,5,0,0.0,0,0.0,,3,4337.418777154034,1.1,25.0,0.0,0.0,10.0,3.437362910533934,0.3264961678372151,1.1222858177551056,True
NICOLE LOOP,1,1,1.0,0,0.0,1.0,1,1336.1151699442557,1.3333333333333333,25.0,0.0,0.0,3.0,1.4243081531846014,0.2805632608828645,1.1190452790766576,True
WATERLOO PL,9,0,0.0,7,7.0,,3,818.8456853580157,1.5,25.0,0.0,0.0,2.0,3.37471087489359,0.3305539830453787,1.1155241213226308,True
GREENFIELD AVE,9,0,0.0,0,0.0,,3,2812.273949607956,1.2857142857142858,25.0,0.0,0.0,14.0,3.3575492771302153,0.3316831551108016,1.113642537678541,True
BREHAUT AVE,4,0,0.0,0,0.0,,3,2186.9667927424803,1.5,25.0,0.0,0.0,4.0,3.3328580602009557,0.3333213502759227,1.110912748904175,True
HOGAN PL,14,0,0.0,2,2.0,,3,382.66868179487903,1.0,25.0,0.0,0.0,2.0,3.3225949089158586,0.3340070533518153,1.109770135008729,True
DOMINICK ST,9,0,0.0,0,0.0,,3,844.2893668709363,1.0,25.0,0.0,0.0,3.0,3.3225949089158586,0.3340070533518153,1.109770135008729,True
76 DR,5,0,0.0,1,1.0,,3,676.0978941963888,1.0,25.0,0.0,0.0,1.0,3.3225949089158586,0.3340070533518153,1.109770135008729,True
VANDERVEER PL,4,0,0.0,1,1.0,,3,462.0263225994925,1.0,25.0,0.0,0.0,1.0,3.3225949089158586,0.3340070533518153,1.109770135008729,True
MARAN PL,8,0,0.0,0,0.0,,3,677.1386617890573,1.0,25.0,0.0,0.0,2.0,3.3225949089158586,0.3340070533518153,1.109770135008729,True
VISITATION PL,5,0,0.0,0,0.0,,3,561.5282899015724,1.0,25.0,0.0,0.0,1.0,3.3225949089158586,0.3340070533518153,1.109770135008729,True
RIVERTON ST,4,0,0.0,1,1.0,,3,1039.837609727344,1.0,25.0,0.0,0.0,2.0,3.3225949089158586,0.3340070533518153,1.109770135008729,True
AUBURN PL,21,0,0.0,1,1.0,,3,539.3918339296836,1.0,25.0,0.0,0.0,2.0,3.3225949089158586,0.3340070533518153,1.109770135008729,True
WALBROOKE AVE,4,0,0.0,0,0.0,,3,1395.495883166585,1.0,25.0,0.0,0.0,5.0,3.3225949089158586,0.3340070533518153,1.109770135008729,True
GUNTHER PL,5,0,0.0,0,0.0,,3,402.6359752694904,1.0,25.0,0.0,0.0,1.0,3.3225949089158586,0.3340070533518153,1.109770135008729,True
HAUSMAN ST,10,0,0.0,2,1.0,,3,1545.014685442603,1.0,25.0,0.0,0.0,2.0,3.3225949089158586,0.3340070533518153,1.109770135008729,True
FAIRVIEW PL,8,0,0.0,1,1.0,,3,326.6195162877916,1.0,25.0,0.0,0.0,1.0,3.3225949089158586,0.3340070533518153,1.109770135008729,True
SIMONSON ST,5,0,0.0,1,1.0,,3,670.4367446269063,1.0,25.0,0.0,0.0,1.0,3.3225949089158586,0.3340070533518153,1.109770135008729,True
HAY ST,1,1,1.0,0,0.0,1.0,1,427.9156590317687,2.0,25.0,0.0,0.0,2.0,1.3735865827809417,0.2879403298010295,1.107570643855184,True
BLOOMFIELD AVE,2,1,1.0,0,0.0,1.0,1,1986.3740951396812,2.0,25.0,0.0,0.0,1.0,1.3735865827809417,0.2879403298010295,1.107570643855184,True
FEDERAL PL,5,1,1.0,2,2.0,1.0,1,309.06086287241476,2.0,25.0,0.0,0.0,1.0,1.3735865827809417,0.2879403298010295,1.107570643855184,True
COX PL,2,1,1.0,1,1.0,1.0,1,341.7844452034911,2.0,25.0,0.0,0.0,1.0,1.3735865827809417,0.2879403298010295,1.107570643855184,True
COMELY ST,1,1,1.0,0,0.0,1.0,1,513.5812580163517,2.0,25.0,0.0,0.0,1.0,1.3735865827809417,0.2879403298010295,1.107570643855184,True
CHAPEL ST,6,1,1.0,1,1.0,1.0,2,515.724392637257,1.0,25.0,0.0,0.0,1.0,1.2050142036514815,0.4796793603529076,1.0983410820708035,True
MONROE PL,5,0,0.0,0,0.0,,3,1222.99171180995,1.5,22.5,0.0,0.0,2.0,3.218525093709186,0.34112292196804467,1.097912684393552,True
FONDA AVE,2,1,1.0,0,0.0,1.0,1,1002.9423553363663,1.6666666666666667,25.0,0.0,0.0,3.0,1.3314100338100232,0.29437660617260525,1.097559361004543,True
LLOYD RD,5,1,0.0,3,3.0,0.0,3,946.8634877686277,1.0,25.0,0.0,0.0,4.0,3.158270470653564,0.34538321131846317,1.090813597366602,True
LAKE PL,2,1,1.0,0,0.0,1.0,2,1668.9694574209877,1.0,25.0,0.0,0.0,8.0,1.1850949399403872,0.48384090685780334,1.0895565035955475,True
DUNCOMB AVE,12,1,0.0,0,0.0,0.0,3,998.7036312323837,1.0,25.0,0.0,0.0,3.0,3.1473635044227635,0.3461657862459302,1.0895095621102522,True
W 251 ST,1,1,1.0,2,2.0,1.0,1,331.86464613367576,1.0,25.0,0.0,0.0,2.0,1.2856959825518381,0.30168573525491343,1.0861904025555262,True
LEONA ST,1,1,1.0,0,0.0,1.0,1,574.1614085701221,1.0,25.0,0.0,0.0,1.0,1.2856959825518381,0.30168573525491343,1.0861904025555262,True
RENO AVE,2,1,1.0,0,0.0,1.0,1,2372.5623762952637,1.0,25.0,0.0,0.0,7.0,1.2856959825518381,0.30168573525491343,1.0861904025555262,True
HODGES PL,1,1,1.0,0,0.0,1.0,1,736.0073960985073,1.0,25.0,0.0,0.0,3.0,1.2856959825518381,0.30168573525491343,1.0861904025555262,True
FRISCO AVE,8,0,0.0,0,0.0,,3,1043.5256397735868,1.0,25.0,0.0,0.0,3.0,3.1037965712118103,0.34932741151246943,1.0842412220826998,True
61 DR,4,0,0.0,0,0.0,,3,1737.5265083604,1.0,25.0,0.0,0.0,4.0,3.06032782434142,0.35253999764112304,1.0788879639743876,True
GOUVERNEUR PL,7,0,0.0,1,1.0,,3,415.7158413984136,1.0,25.0,0.0,0.0,1.0,3.06032782434142,0.35253999764112304,1.0788879639743876,True
N ELLIOTT PL,7,0,0.0,1,1.0,,3,1164.8331179085415,1.0,25.0,0.0,0.0,2.0,3.06032782434142,0.35253999764112304,1.0788879639743876,True
MARINE TERMINAL RD,3,1,1.0,0,0.0,1.0,1,3459.866914309479,1.96,25.0,0.0,0.0,25.0,1.2528537308631704,0.30716493571001935,1.0776677999846243,True
BANYER PL,2,1,1.0,0,0.0,1.0,1,344.4762097738922,1.5,25.0,0.0,0.0,2.0,1.2374964254775456,0.30979593190205107,1.073575426454222,True
VANDERVEER ST,8,1,1.0,0,0.0,1.0,1,4851.485215430394,1.1666666666666667,25.0,0.0,0.0,12.0,1.232636501217808,0.3106379425112709,1.0722657240913207,True
W 61 DR,1,1,1.0,0,0.0,1.0,1,412.4149285873832,1.0,25.0,1.0,0.75,2.0,1.2145254911421566,0.3138165053827761,1.0673216399457552,True
PIERCE ST,3,0,0.0,0,0.0,,3,2322.529343251696,1.1111111111111112,25.0,0.0,0.0,9.0,2.952941572469872,0.3607356348147439,1.0652312527157675,True
HINCKLEY PL,3,0,0.0,0,0.0,,3,820.8416001491978,1.0,25.0,0.0,0.0,2.0,2.9305202420385044,0.3624951345380887,1.06229932940434,True
REDWOOD LOOP,3,0,0.0,0,0.0,,3,1730.7476101489822,1.1428571428571428,25.0,0.0,0.0,7.0,2.9134451809006765,0.36384664502591857,1.0600472545376416,True
EXCHANGE PL,7,0,0.0,1,1.0,,4,1060.5490165686483,1.0,25.0,0.0,0.0,4.0,2.0166349044484195,0.5242013102878286,1.0571226592840315,True
RODER AVE,3,0,0.0,3,3.0,,3,1151.313448376517,1.0,25.0,0.0,0.0,4.0,2.865959312170414,0.3676587447994703,1.0536950033589276,True
BLACKSTONE AVE,4,0,0.0,1,1.0,,3,1838.3742335154277,1.75,21.25,0.0,0.0,4.0,2.854603499768664,0.3685822388663708,1.0521561490205116,True
BRATTLE AVE,1,1,1.0,0,0.0,1.0,1,1141.874439788777,1.3333333333333333,25.0,0.0,0.0,3.0,1.1403298509822501,0.3275469822815521,1.045964619213256,True
HILLBROOK DR,1,1,1.0,0,0.0,1.0,1,760.413937152423,1.0,25.0,0.0,0.0,3.0,1.1369255315846711,0.3282058649602509,1.0449397625288892,True
JEROME RD,2,1,1.0,0,0.0,1.0,1,1846.5909551618565,1.0,25.0,0.0,0.0,3.0,1.1369255315846711,0.3282058649602509,1.0449397625288892,True
BEECHWOOD AVE,2,1,1.0,1,0.0,1.0,1,826.771963498278,2.0,20.0,0.0,0.0,2.0,1.1288092976309436,0.3297874511788532,1.042479689953847,True
E 14 RD,1,1,1.0,0,0.0,1.0,1,266.121913047542,1.5,25.0,0.0,0.0,2.0,1.12490362496453,0.3305539830453787,1.0412873907288316,True
W 14 RD,1,1,1.0,0,0.0,1.0,1,766.4309177795359,1.5,25.0,0.0,0.0,2.0,1.12490362496453,0.3305539830453787,1.0412873907288316,True
EVERDELL AVE,10,1,1.0,0,0.0,1.0,1,422.3093233756808,1.0,25.0,0.0,0.0,1.0,1.1075316363052863,0.33400705335181524,1.0359163249844276,True
ROCK ST,2,1,1.0,0,0.0,1.0,1,460.6083517995023,1.0,25.0,0.0,0.0,1.0,1.1075316363052863,0.33400705335181524,1.0359163249844276,True
CEDARCROFT RD,6,1,1.0,1,0.0,1.0,1,770.6903017394616,1.0,25.0,0.0,0.0,1.0,1.1075316363052863,0.33400705335181524,1.0359163249844276,True
RED CROSS PL,3,1,1.0,0,0.0,1.0,1,313.5575119500016,1.0,25.0,0.0,0.0,1.0,1.1075316363052863,0.33400705335181524,1.0359163249844276,True
ASH ST,4,1,1.0,2,1.0,1.0,1,748.0024696069067,1.0,25.0,0.0,0.0,6.0,1.1075316363052863,0.33400705335181524,1.0359163249844276,True
DILL PL,1,1,1.0,1,1.0,1.0,1,416.63429885546947,1.0,25.0,0.0,0.0,1.0,1.1075316363052863,0.33400705335181524,1.0359163249844276,True
OAKWOOD AVE,1,1,1.0,0,0.0,1.0,1,973.8706054883116,1.0,25.0,0.0,0.0,1.0,1.1075316363052863,0.33400705335181524,1.0359163249844276,True
ROHR PL,1,1,1.0,0,0.0,1.0,1,409.72763252999476,1.0,25.0,0.0,0.0,1.0,1.1075316363052863,0.33400705335181524,1.0359163249844276,True
CULLODEN PL,1,1,1.0,0,0.0,1.0,1,408.76671831830515,1.0,25.0,0.0,0.0,1.0,1.1075316363052863,0.33400705335181524,1.0359163249844276,True
GARRETT PL,1,1,1.0,0,0.0,1.0,1,345.10625560911774,1.0,25.0,0.0,0.0,1.0,1.1075316363052863,0.33400705335181524,1.0359163249844276,True
WALKER DR,1,1,1.0,0,0.0,1.0,1,463.8782253917952,1.0,25.0,0.0,0.0,1.0,1.1075316363052863,0.33400705335181524,1.0359163249844276,True
ACKERMAN ST,1,1,1.0,0,0.0,1.0,1,587.2871439149598,2.0,25.0,0.0,0.0,1.0,1.1053243752166588,0.3344509681818416,1.0352258392643592,True
E LOOP RD,4,1,1.0,1,0.0,1.0,1,2679.2843675692093,1.625,25.0,0.0,0.0,8.0,1.0865817760879348,0.33826849126230446,1.0292878867680764,True
26 RD,8,0,0.0,0,0.0,,3,626.44206636906,1.0,25.0,0.0,0.0,1.0,2.673690313980859,0.3839465093810451,1.0265540632188614,True
FLEET WALK,10,3,2.0,0,0.0,0.6666666666666666,3,912.1448541931613,0.2,25.0,1.0,0.75,5.0,0.6458002444822142,0.7206914773432332,1.0240397775780419,True
RITTER PL,11,0,0.0,0,0.0,,3,499.63032291234913,1.0,25.0,0.0,0.0,1.0,2.5467269690670893,0.3955169740904534,1.0072737446399667,True
BAKER AVE,6,0,0.0,0,0.0,,3,601.6011357211047,1.0,25.0,0.0,0.0,1.0,2.5467269690670893,0.3955169740904534,1.0072737446399667,True
RENWICK ST,8,0,0.0,0,0.0,,3,622.5229115252774,1.0,25.0,0.0,0.0,2.0,2.5467269690670893,0.3955169740904534,1.0072737446399667,True
HILLEL PL,7,0,0.0,1,1.0,,3,431.1099081065172,1.0,25.0,0.0,0.0,2.0,2.5467269690670893,0.3955169740904534,1.0072737446399667,True
WARSOFF PL,6,0,0.0,0,0.0,,3,809.4764857948081,1.0,25.0,0.0,0.0,1.0,2.5467269690670893,0.3955169740904534,1.0072737446399667,True
MEADOW DR,3,1,1.0,1,0.0,1.0,1,898.4870668076735,1.25,25.0,0.0,0.0,8.0,1.0158150191933335,0.35350348904057405,1.005590664464087,True
GRANT PL,1,1,1.0,0,0.0,1.0,1,1077.4515103199437,1.0,25.0,0.0,0.0,2.0,0.9768400806795015,0.3624951345380887,0.9916046419300246,True
BRYANT ST,2,0,0.0,0,0.0,,2,586.1929994659961,4.0,25.0,0.0,0.0,2.0,9.15389050928974,0.10822369548804116,0.9906678590082428,True
GRAVETT RD,6,0,0.0,0,0.0,,2,1063.4318135316018,2.5,25.0,0.0,0.0,2.0,8.617616165656568,0.11418941866116489,0.9840405802013803,True
KIMBERLY PL,9,1,1.0,4,4.0,1.0,2,517.1001235406511,1.0,25.0,0.0,0.0,2.0,0.9696742735224353,0.5339375044972298,0.9838079572825036,True
ERDMAN PL,6,0,0.0,0,0.0,,2,434.3597111071657,2.0,25.0,0.0,0.0,4.0,8.187311351761688,0.11947390756287422,0.9781700796288466,True
BANCROFT PL,1,1,1.0,0,0.0,1.0,1,397.55729891540454,1.0,25.0,0.0,0.0,1.0,0.9338771935498507,0.37295212166744846,0.9753393590438106,True
LORRAINE LOOP,1,1,1.0,0,0.0,1.0,1,1552.68947422847,1.0,25.0,0.0,0.0,4.0,0.9338771935498507,0.37295212166744846,0.9753393590438106,True
OCEANSIDE AVE,3,0,0.0,0,0.0,,3,7243.772058383934,1.5121951219512195,24.51219512195122,0.0,0.0,41.0,2.3061972047257475,0.4194647987442289,0.9673685463447887,True
FULLER ST,5,0,0.0,1,1.0,,3,641.0851860967872,1.0,25.0,0.0,0.0,1.0,2.295867895722192,0.4205583260255459,0.9655463590007175,True
PAERDEGAT 4 ST,2,0,0.0,0,0.0,,2,588.0303901991775,2.0,25.0,0.0,0.0,1.0,7.221187746910157,0.1333271776882383,0.9627805818524197,True
BURCHELL AVE,3,0,0.0,0,0.0,,2,1370.7013026808027,2.6666666666666665,25.0,0.0,0.0,3.0,6.783430291212068,0.14072046087994913,0.9545674369263698,True
DEPPE PL,2,0,0.0,0,0.0,,2,894.5621493662493,2.0,25.0,0.0,0.0,1.0,6.588324986597131,0.14428644760925674,0.950606008011404,True
TEN EYCK WALK,3,0,0.0,2,0.0,,2,1976.8179149631733,2.0,25.0,1.0,0.75,19.0,6.187459861977716,0.15221144214304433,0.9418021887938303,True
KINGSBOROUGH 2 WALK,3,0,0.0,0,0.0,,2,569.538776423935,2.0,25.0,1.0,0.75,1.0,6.187459861977716,0.15221144214304433,0.9418021887938303,True
LITTLE NASSAU ST,2,1,1.0,0,0.0,1.0,1,458.9552722170836,1.0,25.0,0.0,0.0,2.0,0.8489089896890297,0.3955169740904534,0.9402409407895356,True
STIER PL,2,1,1.0,0,0.0,1.0,1,178.0009688248693,1.0,25.0,0.0,0.0,1.0,0.8489089896890297,0.3955169740904534,0.9402409407895356,True
W 15 RD,1,1,1.0,0,0.0,1.0,1,737.0903049365962,1.0,25.0,0.0,0.0,1.0,0.8489089896890297,0.3955169740904534,0.9402409407895356,True
COUCH PL,1,1,1.0,0,0.0,1.0,1,396.0128928509876,1.0,25.0,0.0,0.0,1.0,0.8489089896890297,0.3955169740904534,0.9402409407895356,True
TENNEY PL,3,1,1.0,0,0.0,1.0,1,148.5472505412862,1.0,25.0,0.0,0.0,1.0,0.8489089896890297,0.3955169740904534,0.9402409407895356,True
BORAGE PL,2,1,1.0,0,0.0,1.0,1,454.7234210015308,2.0,25.0,0.0,0.0,2.0,0.8472171519849828,0.395994031138757,0.9394989041256734,True
SHILOH AVE,2,0,0.0,1,1.0,,2,1184.7500140294126,2.4,25.0,0.0,0.0,5.0,5.7312962427076535,0.1623592650256092,0.9305290456100502,True
CHISUM PL,8,0,0.0,0,0.0,,2,244.09201710069104,2.0,25.0,0.0,0.0,1.0,5.657320798979029,0.16413382466851614,0.9285577001131736,True
NEPONSIT AVE,2,0,0.0,0,0.0,,2,1935.993087213825,2.0,25.0,0.0,0.0,10.0,5.657320798979029,0.16413382466851614,0.9285577001131736,True
CRAVEN ST,3,0,0.0,0,0.0,,2,699.2638107124495,2.0,25.0,0.0,0.0,1.0,5.657320798979029,0.16413382466851614,0.9285577001131736,True
MUSKET ST,3,0,0.0,1,0.0,,2,867.164916414568,2.0,25.0,0.0,0.0,1.0,5.352206974290338,0.17188235105693966,0.9199499180843728,True
HAMPDEN PL,8,0,0.0,1,1.0,,3,470.10816686962954,1.0,25.0,0.0,0.0,1.0,2.0493498052611825,0.44846034799372864,0.9190521268283098,True
PLYMOUTH ST,8,0,0.0,0,0.0,,3,2962.8342016490033,1.0,25.0,0.0,0.0,13.0,2.0493498052611825,0.44846034799372864,0.9190521268283098,True
ARDSLEY LOOP,5,0,0.0,0,0.0,,2,967.0002198052634,2.0,25.0,0.0,0.0,1.0,5.049867764295183,0.18031747426097205,0.9105794006096091,True
HEANEY AVE,4,0,0.0,0,0.0,,2,640.183263182027,2.0,25.0,0.0,0.0,2.0,5.049867764295183,0.18031747426097205,0.9105794006096091,True
LONGDALE ST,3,1,0.0,0,0.0,0.0,2,924.1333931235575,2.0,25.0,0.0,0.0,2.0,5.049867764295183,0.18031747426097205,0.9105794006096091,True
LEIGH AVE,2,0,0.0,0,0.0,,2,597.1795428311614,2.0,25.0,0.0,0.0,1.0,5.049867764295183,0.18031747426097205,0.9105794006096091,True
BRUCKNER AVE,3,1,0.0,0,0.0,0.0,2,1121.5669684440354,2.0,25.0,0.0,0.0,3.0,5.049867764295183,0.18031747426097205,0.9105794006096091,True
HOLT PL,1,1,1.0,2,0.0,1.0,1,210.1271992007369,2.0,20.0,0.0,0.0,1.0,0.7799918731799963,0.4159281680223265,0.9084924228617322,True
EMMET AVE,3,0,0.0,0,0.0,,2,1765.208354452764,2.0,25.0,0.0,0.0,9.0,4.899773143934824,0.18482025035620725,0.9055772991506549,True
BERRIAN BLVD,4,0,0.0,2,0.0,,2,1885.877291243109,2.0,25.0,0.0,0.0,6.0,4.849904475182559,0.18636647638059725,0.9038596078222633,True
PALO ALTO ST,2,0,0.0,1,0.0,,2,1818.3311862733115,2.0,25.0,0.0,0.0,3.0,4.800118184098111,0.18793617328966214,0.902115842857521,True
JOSEPHINE ST,1,1,1.0,0,0.0,1.0,1,663.0065277224064,1.0,25.0,0.0,0.0,1.0,0.7652892985740639,0.4205583260255459,0.9012904603080266,True
FIELDSTONE RD,2,0,0.0,0,0.0,,2,1798.9327016745533,2.0,25.0,0.0,0.0,4.0,4.7504148491667815,0.1895298542830546,0.9003454341466389,True
RAILROAD PL,2,0,0.0,0,0.0,,2,742.7731735032789,2.0,25.0,0.0,0.0,2.0,4.7504148491667815,0.1895298542830546,0.9003454341466389,True
JOSEPH AVE,2,0,0.0,2,2.0,,2,1337.4571144195452,2.0,25.0,0.0,0.0,2.0,4.7504148491667815,0.1895298542830546,0.9003454341466389,True
EAGAN AVE,2,0,0.0,0,0.0,,2,1212.719834541507,2.0,25.0,0.0,0.0,2.0,4.7504148491667815,0.1895298542830546,0.9003454341466389,True
MARIANNE ST,2,0,0.0,0,0.0,,2,905.4483878802232,2.0,25.0,0.0,0.0,2.0,4.7504148491667815,0.1895298542830546,0.9003454341466389,True
LION ST,4,0,0.0,0,0.0,,2,627.7926976999904,2.0,25.0,0.0,0.0,2.0,4.7504148491667815,0.1895298542830546,0.9003454341466389,True
FIELDS AVE,3,0,0.0,2,1.0,,2,1723.593930980038,2.0,25.0,0.0,0.0,9.0,4.7504148491667815,0.1895298542830546,0.9003454341466389,True
CUMBERLAND WALK,3,0,0.0,4,0.0,,2,1157.9456875043272,1.6666666666666667,25.0,1.0,0.75,6.0,4.737805254366764,0.18993847422727758,0.8998915012004018,True
DEMOPOLIS AVE,2,0,0.0,0,0.0,,2,1467.1040690080417,2.0,25.0,0.0,0.0,2.0,4.601808505043627,0.19446015561277433,0.8948683979909721,True
DAVIDSON ST,4,0,0.0,1,1.0,,2,853.354193440327,2.0,25.0,0.0,0.0,4.0,4.601808505043627,0.19446015561277433,0.8948683979909721,True
NEHRING AVE,2,0,0.0,0,0.0,,2,1616.5186904797058,2.0,25.0,0.0,0.0,6.0,4.601808505043627,0.19446015561277433,0.8948683979909721,True
ROCKWOOD ST,5,0,0.0,1,1.0,,3,432.76195875101985,1.0,20.0,0.0,0.0,1.0,1.9276912714838788,0.4636408060499971,0.8937563349263291,True
WYONA AVE,3,0,0.0,0,0.0,,2,1043.9066698134518,2.75,25.0,0.0,0.0,4.0,4.55989849814465,0.1958973142141118,0.893271868875499,True
LEEDS ST,2,0,0.0,0,0.0,,2,1218.6119975057036,2.0,25.0,0.0,0.0,3.0,4.552442966406694,0.19615520438849451,0.8929853805424693,True
STROUD AVE,3,0,0.0,0,0.0,,2,1769.3329340489777,2.0,25.0,0.0,0.0,3.0,4.552442966406694,0.19615520438849451,0.8929853805424693,True
VAIL AVE,2,0,0.0,0,0.0,,2,1907.8839587263994,2.0,25.0,0.0,0.0,6.0,4.552442966406694,0.19615520438849451,0.8929853805424693,True
MALLOW ST,2,0,0.0,0,0.0,,2,1394.2663995736689,2.0,25.0,0.0,0.0,2.0,4.453970498532275,0.1996262487056767,0.8891294224677507,True
MONAHAN AVE,2,0,0.0,1,0.0,,2,2797.027215232931,2.0,25.0,0.0,0.0,6.0,4.453970498532275,0.1996262487056767,0.8891294224677507,True
VARIAN AVE,3,0,0.0,0,0.0,,2,717.1636957648047,2.0,25.0,0.0,0.0,2.0,4.453970498532275,0.1996262487056767,0.8891294224677507,True
BRAISTED AVE,3,0,0.0,2,1.0,,2,2047.6247252910207,2.0,25.0,0.0,0.0,3.0,4.453970498532275,0.1996262487056767,0.8891294224677507,True
DAHLIA ST,2,0,0.0,4,0.0,,2,1878.947657948103,2.0,25.0,0.0,0.0,3.0,4.453970498532275,0.1996262487056767,0.8891294224677507,True
CROFT PL,2,0,0.0,1,1.0,,2,681.6596298690661,2.0,25.0,0.0,0.0,3.0,4.453970498532275,0.1996262487056767,0.8891294224677507,True
LENHART ST,2,0,0.0,1,0.0,,2,1129.5421283857245,2.0,25.0,0.0,0.0,4.0,4.453970498532275,0.1996262487056767,0.8891294224677507,True
YOUNG ST,2,0,0.0,0,0.0,,2,367.9326677877895,2.0,25.0,0.0,0.0,1.0,4.453970498532275,0.1996262487056767,0.8891294224677507,True
GERVIL ST,4,0,0.0,0,0.0,,2,1577.425518063279,2.0,25.0,0.0,0.0,3.0,4.453970498532275,0.1996262487056767,0.8891294224677507,True
FERNSIDE PL,7,0,0.0,2,0.0,,2,1974.8315031164257,1.7647058823529411,25.0,0.0,0.0,17.0,4.443569457998705,0.20000005999738904,0.8887141582023065,True
LATTING ST,2,0,0.0,0,0.0,,2,581.456771845506,2.0,25.0,0.0,0.0,3.0,4.404864854092711,0.2014034797296179,0.8871551093529676,True
GARY PL,2,0,0.0,0,0.0,,2,1483.7653488975266,2.0,25.0,0.0,0.0,3.0,4.355847143891921,0.2032093709076023,0.8851489578799535,True
ENDOR AVE,2,0,0.0,0,0.0,,2,891.0934926630526,2.0,25.0,0.0,0.0,1.0,4.30691803782068,0.20504458686404484,0.8831102297222441,True
BLYTHE PL,2,0,0.0,0,0.0,,2,1030.6543420545363,2.0,25.0,0.0,0.0,3.0,4.30691803782068,0.20504458686404484,0.8831102297222441,True
PINKNEY AVE,4,1,0.0,0,0.0,0.0,2,677.5085817418617,1.3333333333333333,25.0,0.0,0.0,3.0,4.269299500176697,0.20647826750340265,0.8815175642496272,True
EMERALD ST,8,0,0.0,2,0.0,,2,1577.6183560512331,2.0,25.0,0.0,0.0,3.0,4.2580782172961005,0.20690981221635746,0.8810381643432983,True
BRADFORD AVE,4,0,0.0,0,0.0,,2,4136.220545049145,2.0,25.0,0.0,0.0,9.0,4.225568281878919,0.20817031511387557,0.8796378807739325,True
HOMESTEAD AVE,2,0,0.0,1,0.0,,2,711.16378710644,2.0,25.0,0.0,0.0,1.0,4.160669218064204,0.2107331339837159,0.8767908637922465,True
BOGARDUS PL,8,0,0.0,0,0.0,,2,660.1698052050069,2.0,25.0,0.0,0.0,1.0,4.160669218064204,0.2107331339837159,0.8767908637922465,True
SYLVIA ST,3,0,0.0,0,0.0,,2,1318.1700200987211,2.0,25.0,0.0,0.0,2.0,4.160669218064204,0.2107331339837159,0.8767908637922465,True
N OXFORD ST,8,0,0.0,3,0.0,,2,642.7791133775424,2.0,25.0,0.0,0.0,1.0,4.160669218064204,0.2107331339837159,0.8767908637922465,True
SYLVAN AVE,4,0,0.0,0,0.0,,2,1149.5801048355688,2.0,25.0,0.0,0.0,4.0,4.160669218064204,0.2107331339837159,0.8767908637922465,True
WOODCREST RD,2,0,0.0,0,0.0,,2,512.193835153899,2.0,25.0,0.0,0.0,2.0,4.160669218064204,0.2107331339837159,0.8767908637922465,True
PLEASANT PLAINS AVE,2,0,0.0,1,0.0,,2,2349.3558494690374,1.7142857142857142,25.0,0.0,0.0,7.0,4.153786740905076,0.21100862387351102,0.8764848240624163,True
SPENCER DR,3,0,0.0,1,0.0,,2,2133.491461359862,2.0,25.0,0.0,0.0,6.0,4.112101462679367,0.21269270637173016,0.8746139889724247,True
ARDMORE AVE,2,0,0.0,1,0.0,,2,2792.5896584076177,2.0,25.0,0.0,0.0,5.0,4.044261554560617,0.21549166305049894,0.8715046482034634,True
MEDINA ST,2,0,0.0,0,0.0,,2,1472.0179535419836,2.0,25.0,0.0,0.0,4.0,4.015243094480552,0.21671153633783166,0.8701494997747499,True
CROWELL AVE,3,0,0.0,2,0.0,,2,2153.3683978207105,2.0,25.0,0.0,0.0,4.0,4.015243094480552,0.21671153633783166,0.8701494997747499,True
AUGUSTA AVE,2,0,0.0,0,0.0,,2,1793.259308199798,1.6666666666666667,25.0,0.0,0.0,3.0,4.011175484795504,0.21688363438461966,0.8699583172969376,True
SNUG HARBOR RD,2,0,0.0,2,2.0,,2,1328.0665418216852,2.0,25.0,0.0,0.0,5.0,3.9862583424989415,0.2179438580760015,0.8687805224518663,True
FAIRFIELD ST,2,0,0.0,0,0.0,,2,1247.355664288602,2.0,25.0,0.0,0.0,3.0,3.96695398314486,0.21877241134881134,0.867860088602373,True
DUTCHESS AVE,2,0,0.0,0,0.0,,2,2210.6108899833557,2.0,25.0,0.0,0.0,6.0,3.96695398314486,0.21877241134881134,0.867860088602373,True
SPRINGHILL AVE,2,0,0.0,0,0.0,,2,523.6423241996843,2.0,25.0,0.0,0.0,3.0,3.96695398314486,0.21877241134881134,0.867860088602373,True
DOWNES AVE,2,0,0.0,0,0.0,,2,2422.8346530061467,2.0,25.0,0.0,0.0,4.0,3.9428447808934637,0.21981608016769413,0.8667006844456521,True
FINLAY ST,2,0,0.0,0,0.0,,2,2547.7101874209516,2.0,25.0,0.0,0.0,4.0,3.9428447808934637,0.21981608016769413,0.8667006844456521,True
LORETTO ST,2,0,0.0,0,0.0,,2,2080.182964000238,2.0,25.0,0.0,0.0,7.0,3.9118820719638867,0.2211711282252767,0.865195371340486,True
FINLEY AVE,2,0,0.0,3,2.0,,2,3479.756042208577,1.8571428571428572,25.0,0.0,0.0,7.0,3.8729837634650672,0.2228973312521512,0.8632777448592762,True
GREEN VALLEY RD,2,0,0.0,0,0.0,,2,2720.9524084020495,2.0,25.0,0.0,0.0,6.0,3.870659763861921,0.22300131757061326,0.8631622272087672,True
VALLES AVE,6,0,0.0,0,0.0,,2,893.1642559875844,2.0,25.0,0.0,0.0,1.0,3.870659763861921,0.22300131757061326,0.8631622272087672,True
MARGARET ST,2,0,0.0,0,0.0,,2,1082.6545596399537,2.0,25.0,0.0,0.0,3.0,3.870659763861921,0.22300131757061326,0.8631622272087672,True
NEWBERRY AVE,3,0,0.0,0,0.0,,2,1223.4524870144473,2.0,25.0,0.0,0.0,3.0,3.870659763861921,0.22300131757061326,0.8631622272087672,True
CAMPBELL DR,2,0,0.0,0,0.0,,2,1593.6731008712961,2.0,25.0,0.0,0.0,8.0,3.870659763861921,0.22300131757061326,0.8631622272087672,True
MALLORY AVE,2,0,0.0,0,0.0,,2,2550.3797894193262,2.0,25.0,0.0,0.0,5.0,3.870659763861921,0.22300131757061326,0.8631622272087672,True
WINHAM AVE,2,0,0.0,0,0.0,,2,1942.4281077227995,2.0,25.0,0.0,0.0,3.0,3.870659763861921,0.22300131757061326,0.8631622272087672,True
BILLIOU ST,2,0,0.0,0,0.0,,2,2201.9177904357557,2.0,25.0,0.0,0.0,8.0,3.834648079145755,0.22462513453353655,0.8613583406668827,True
CORNELL PL,2,0,0.0,0,0.0,,2,710.7780615096176,2.0,25.0,0.0,0.0,3.0,3.7747495292064475,0.22737906512935416,0.8582990190484318,True
SYRINGA PL,1,1,1.0,0,0.0,1.0,1,248.57344098394958,1.0,25.0,0.0,0.0,1.0,0.6831166017537275,0.44846034799372864,0.8578903609490414,True
SATTERLEE ST,2,1,1.0,0,0.0,1.0,1,2094.4527950291267,1.0,25.0,0.0,0.0,5.0,0.6831166017537275,0.44846034799372864,0.8578903609490414,True
W 252 ST,8,1,0.0,1,1.0,0.0,2,2124.8698338110917,1.4166666666666667,25.0,1.0,0.75,12.0,3.7637813486706486,0.22789067566372528,0.8577306745990813,True
WAYNE ST,4,0,0.0,0,0.0,,2,931.4843615517614,1.8,25.0,0.0,0.0,5.0,3.75899166325432,0.22811481335286837,0.8574816816582475,True
DETROIT AVE,2,0,0.0,0,0.0,,2,3107.2972709063147,2.0,25.0,0.0,0.0,5.0,3.7556141359528756,0.2282731330723511,0.8573058054247736,True
COLTON ST,2,0,0.0,0,0.0,,2,1102.9856165504402,1.5,25.0,1.0,0.75,6.0,3.6918885957758243,0.231301967318916,0.8539410953252184,True
CHAMPLAIN AVE,3,0,0.0,0,0.0,,2,1681.5498506055483,2.0,25.0,0.0,0.0,3.0,3.6792298698070325,0.2319132226945584,0.8532620561410295,True
BAY 53 ST,2,0,0.0,0,0.0,,2,720.7028121728623,1.6666666666666667,25.0,0.0,0.0,3.0,3.665982087199087,0.23255639130225556,0.8525475647777304,True
N DR,3,0,0.0,0,0.0,,2,2614.067118402326,2.0,25.0,0.0,0.0,16.0,3.6554117790777823,0.2330721352461485,0.8519746285535812,True
ADELAIDE AVE,2,0,0.0,0,0.0,,2,3075.742114481306,1.6923076923076923,25.0,0.0,0.0,13.0,3.6252663128274096,0.234555630214893,0.8503266247020546,True
FAIRBANKS AVE,2,0,0.0,0,0.0,,2,3284.5829334638875,2.0,25.0,0.0,0.0,7.0,3.6248251923372425,0.23457747849537616,0.8503023536049873,True
AQUATIC DR,3,0,0.0,0,0.0,,2,888.5977612727622,2.0,25.0,0.0,0.0,4.0,3.6197314537863523,0.23483006172457865,0.8500217607190479,True
GOLDSMITH ST,6,0,0.0,1,1.0,,2,504.37610674213533,2.0,25.0,0.0,0.0,1.0,3.584107634887076,0.23661185998865475,0.8480423738901693,True
BAY PARK PL,2,0,0.0,0,0.0,,2,1106.6578348696332,2.0,25.0,0.0,0.0,3.0,3.584107634887076,0.23661185998865475,0.8480423738901693,True
VALHALLA DR,3,0,0.0,0,0.0,,2,718.0448571108524,2.0,25.0,0.0,0.0,1.0,3.584107634887076,0.23661185998865475,0.8480423738901693,True
FLINT AVE,4,0,0.0,0,0.0,,2,588.5512990946311,2.0,25.0,0.0,0.0,2.0,3.584107634887076,0.23661185998865475,0.8480423738901693,True
CODWISE PL,2,0,0.0,0,0.0,,2,1148.715569833196,2.0,25.0,0.0,0.0,2.0,3.584107634887076,0.23661185998865475,0.8480423738901693,True
PELL PL,2,0,0.0,0,0.0,,2,928.6868867124408,2.0,25.0,0.0,0.0,1.0,3.584107634887076,0.23661185998865475,0.8480423738901693,True
PETERS PL,6,0,0.0,0,0.0,,2,670.788620942989,2.0,25.0,0.0,0.0,1.0,3.584107634887076,0.23661185998865475,0.8480423738901693,True
WENLOCK ST,2,0,0.0,0,0.0,,2,1273.0494759196606,2.0,25.0,0.0,0.0,4.0,3.584107634887076,0.23661185998865475,0.8480423738901693,True
QUEENS ST,7,0,0.0,0,0.0,,2,497.41961784077586,2.0,25.0,0.0,0.0,1.0,3.584107634887076,0.23661185998865475,0.8480423738901693,True
LOOMIS ST,2,0,0.0,0,0.0,,2,244.4007004601873,2.0,25.0,0.0,0.0,1.0,3.584107634887076,0.23661185998865475,0.8480423738901693,True
154 PL,3,0,0.0,0,0.0,,2,919.3030454917293,2.0,25.0,0.0,0.0,4.0,3.584107634887076,0.23661185998865475,0.8480423738901693,True
WHITTEMORE AVE,3,0,0.0,0,0.0,,2,992.6939353288935,2.0,25.0,0.0,0.0,1.0,3.584107634887076,0.23661185998865475,0.8480423738901693,True
STRONG AVE,4,0,0.0,0,0.0,,2,485.9446808014833,2.0,25.0,0.0,0.0,2.0,3.584107634887076,0.23661185998865475,0.8480423738901693,True
S BEACH AVE,2,0,0.0,0,0.0,,2,420.05339136652196,2.0,25.0,0.0,0.0,1.0,3.584107634887076,0.23661185998865475,0.8480423738901693,True
ROSEWOOD PL,2,0,0.0,0,0.0,,2,476.19821402539924,2.0,25.0,0.0,0.0,1.0,3.584107634887076,0.23661185998865475,0.8480423738901693,True
GOTHAM RD,2,0,0.0,0,0.0,,2,455.1986091181353,2.0,25.0,0.0,0.0,1.0,3.584107634887076,0.23661185998865475,0.8480423738901693,True
W CASWELL AVE,2,0,0.0,0,0.0,,2,1000.4676584658168,2.0,25.0,0.0,0.0,2.0,3.584107634887076,0.23661185998865475,0.8480423738901693,True
133 PL,4,0,0.0,0,0.0,,2,787.7771679878895,2.0,25.0,0.0,0.0,2.0,3.584107634887076,0.23661185998865475,0.8480423738901693,True
BENTON ST,2,0,0.0,0,0.0,,2,1468.1494838670314,2.0,25.0,0.0,0.0,3.0,3.584107634887076,0.23661185998865475,0.8480423738901693,True
WAREHAM PL,5,0,0.0,0,0.0,,2,1010.0884139058576,2.0,25.0,0.0,0.0,2.0,3.584107634887076,0.23661185998865475,0.8480423738901693,True
STATION AVE,2,0,0.0,1,1.0,,2,2021.2075705685063,2.0,25.0,0.0,0.0,7.0,3.584107634887076,0.23661185998865475,0.8480423738901693,True
BEECHKNOLL AVE,2,0,0.0,0,0.0,,2,881.1733395673435,2.0,25.0,0.0,0.0,1.0,3.584107634887076,0.23661185998865475,0.8480423738901693,True
BELLAIRE PL,3,0,0.0,2,2.0,,2,1256.201209568885,2.0,25.0,0.0,0.0,5.0,3.584107634887076,0.23661185998865475,0.8480423738901693,True
STICKNEY PL,2,0,0.0,0,0.0,,2,374.692519026437,2.0,25.0,0.0,0.0,1.0,3.584107634887076,0.23661185998865475,0.8480423738901693,True
STODDARD PL,3,0,0.0,0,0.0,,2,473.041072275303,2.0,25.0,0.0,0.0,1.0,3.584107634887076,0.23661185998865475,0.8480423738901693,True
HEUSDEN ST,5,0,0.0,1,1.0,,2,869.1355019280913,2.0,25.0,0.0,0.0,2.0,3.584107634887076,0.23661185998865475,0.8480423738901693,True
BROCHER RD,3,0,0.0,0,0.0,,2,660.5325034458323,2.0,25.0,0.0,0.0,1.0,3.584107634887076,0.23661185998865475,0.8480423738901693,True
FLORENCE AVE,3,0,0.0,0,0.0,,2,1620.4287312350802,2.0,25.0,0.0,0.0,12.0,3.584107634887076,0.23661185998865475,0.8480423738901693,True
104 RD,3,0,0.0,0,0.0,,2,420.0683389532359,2.0,25.0,0.0,0.0,2.0,3.584107634887076,0.23661185998865475,0.8480423738901693,True
MILLER PL,2,0,0.0,0,0.0,,2,286.3572166848352,2.0,25.0,0.0,0.0,1.0,3.584107634887076,0.23661185998865475,0.8480423738901693,True
ELKS RD,2,0,0.0,0,0.0,,2,495.320523948446,2.0,25.0,0.0,0.0,1.0,3.584107634887076,0.23661185998865475,0.8480423738901693,True
METCALFE ST,4,0,0.0,0,0.0,,2,879.2766744196206,2.0,25.0,0.0,0.0,2.0,3.584107634887076,0.23661185998865475,0.8480423738901693,True
56 PL,3,0,0.0,0,0.0,,2,646.9182753502142,2.0,25.0,0.0,0.0,1.0,3.584107634887076,0.23661185998865475,0.8480423738901693,True
CAMERON AVE,2,0,0.0,0,0.0,,2,998.3363850032466,2.0,25.0,0.0,0.0,3.0,3.584107634887076,0.23661185998865475,0.8480423738901693,True
170 PL,2,0,0.0,1,1.0,,2,338.67710480103517,2.0,25.0,0.0,0.0,1.0,3.584107634887076,0.23661185998865475,0.8480423738901693,True
CRITTENDEN PL,3,0,0.0,1,1.0,,2,373.05826089254936,2.0,25.0,0.0,0.0,1.0,3.584107634887076,0.23661185998865475,0.8480423738901693,True
LUDLAM PL,3,0,0.0,0,0.0,,2,433.9719073850949,2.0,25.0,0.0,0.0,1.0,3.584107634887076,0.23661185998865475,0.8480423738901693,True
DAYNA DR,2,0,0.0,0,0.0,,2,777.9655688424842,2.0,25.0,0.0,0.0,3.0,3.584107634887076,0.23661185998865475,0.8480423738901693,True
HOLTEN AVE,2,0,0.0,0,0.0,,2,3779.9637172181497,2.0,25.0,0.0,0.0,12.0,3.560390002287441,0.23781321589541451,0.8467077962858586,True
VERANDAH PL,2,1,1.0,0,0.0,1.0,2,927.9574219328733,1.0,25.0,0.0,0.0,2.0,0.7432430649199736,0.5991431444848354,0.8461658425478642,True
THEBES AVE,2,0,0.0,0,0.0,,2,1872.8224715463498,2.0,25.0,0.0,0.0,5.0,3.4988433033609057,0.2409883691214121,0.8431805414883188,True
BEAUMONT ST,4,0,0.0,2,0.0,,2,2630.484172639127,1.6,25.0,0.0,0.0,5.0,3.4638406341644,0.2428322440314733,0.8411321941615428,True
REYNOLDS ST,2,0,0.0,0,0.0,,2,2247.303395984157,1.7777777777777777,25.0,0.0,0.0,9.0,3.448981056133821,0.24362357835504353,0.8402531065740787,True
LAX AVE,2,0,0.0,0,0.0,,2,1389.7006180696148,1.6666666666666667,25.0,0.0,0.0,6.0,3.431633419067795,0.24455396229380982,0.8392195497728832,True
CAYUGA AVE,2,0,0.0,0,0.0,,2,1863.718279590513,1.75,25.0,0.0,0.0,4.0,3.396961415916388,0.24643494055548826,0.8371299846006424,True
BIONIA AVE,4,0,0.0,1,1.0,,2,2303.0593544145195,1.75,25.0,0.0,0.0,4.0,3.396961415916388,0.24643494055548826,0.8371299846006424,True
MUNDY AVE,2,0,0.0,1,0.0,,2,1410.8271166834797,1.8,25.0,0.0,0.0,5.0,3.3842984689030464,0.24712914741365277,0.8363587952133403,True
WALDRON AVE,2,0,0.0,0,0.0,,2,1506.0775056762266,2.0,25.0,0.0,0.0,4.0,3.3715730637861436,0.24783072967348085,0.8355794125455733,True
AULTMAN AVE,2,0,0.0,0,0.0,,2,1078.8024634415892,2.0,25.0,0.0,0.0,4.0,3.3715730637861436,0.24783072967348085,0.8355794125455733,True
SANTIAGO ST,4,0,0.0,0,0.0,,2,2161.3491390118106,1.9166666666666667,25.0,0.0,0.0,12.0,3.364867080813545,0.24820205179633018,0.8351669134798498,True
ELVIN ST,2,0,0.0,1,1.0,,2,3251.9977384217705,1.875,25.0,0.0,0.0,8.0,3.3421411978473405,0.2494687411608859,0.8337597574089114,True
LLEWELLYN PL,5,0,0.0,0,0.0,,2,1621.6900497615215,1.8,25.0,0.0,0.0,5.0,3.3312955994534814,0.25007781883762686,0.8330831374147113,True
W 201 ST,10,2,0.0,2,2.0,0.0,2,790.4976682207875,1.6666666666666667,25.0,0.0,0.0,3.0,3.3259467245445618,0.25037930257819635,0.8327482213037039,True
19 DR,3,0,0.0,0,0.0,,2,481.6402922091804,2.0,25.0,0.0,0.0,4.0,3.30119819633938,0.2517837430721895,0.8311880384974898,True
HORTON AVE,6,0,0.0,3,3.0,,2,266.01760608891914,2.0,25.0,0.0,0.0,1.0,3.30119819633938,0.2517837430721895,0.8311880384974898,True
HOSMER AVE,2,0,0.0,1,1.0,,2,1178.9368198266452,2.0,25.0,0.0,0.0,2.0,3.30119819633938,0.2517837430721895,0.8311880384974898,True
PONTIAC ST,4,0,0.0,0,0.0,,2,1297.0600424219022,1.5,25.0,0.0,0.0,2.0,3.2882976353411992,0.2525220951843733,0.83036780846618,True
COURSEN PL,6,0,0.0,0,0.0,,2,906.896675359244,2.0,25.0,0.0,0.0,5.0,3.2450713686611667,0.2550279898735487,0.8275840281458628,True
KENO AVE,2,0,0.0,0,0.0,,2,2672.942543504793,2.0,25.0,0.0,0.0,7.0,3.241068249077261,0.25526257550830866,0.8273234286576661,True
SCHOFIELD ST,3,0,0.0,0,0.0,,2,1692.2976493352921,2.0,25.0,0.0,0.0,3.0,3.2077399176062866,0.2572325220914693,0.825135029219347,True
MARX ST,3,0,0.0,0,0.0,,2,918.0864048231076,1.5,25.0,0.0,0.0,2.0,3.169890601695705,0.2595068896827661,0.8226084506806843,True
KENSINGTON ST,2,0,0.0,0,0.0,,2,1008.2283590088244,1.5,25.0,0.0,0.0,2.0,3.169890601695705,0.2595068896827661,0.8226084506806843,True
GLENNON PL,3,0,0.0,0,0.0,,2,1297.974602970597,2.0,25.0,0.0,0.0,2.0,3.1611737998805536,0.2600363922277685,0.8220202301258849,True
119 DR,2,0,0.0,2,1.0,,2,1464.9293706924623,1.6666666666666667,25.0,0.0,0.0,3.0,3.1579713982172066,0.26023146542289194,0.8218035247216428,True
JANSEN ST,2,0,0.0,0,0.0,,2,3779.3317603284395,1.7,25.0,0.0,0.0,10.0,3.1255211996931753,0.2622247934483223,0.8195891510078953,True
APPLEBY AVE,2,0,0.0,3,0.0,,2,981.9128171125282,1.0,25.0,0.0,0.0,1.0,3.1209376937650894,0.26250880976287216,0.8192736393343568,True
STEINWAY PL,4,0,0.0,0,0.0,,2,968.3311551382674,1.0,25.0,0.0,0.0,1.0,3.1209376937650894,0.26250880976287216,0.8192736393343568,True
STEDMAN PL,3,0,0.0,0,0.0,,2,1261.2780890046083,2.0,22.5,0.0,0.0,6.0,3.1101644386312146,0.26317880171874236,0.8185293501072081,True
KINGSLEY AVE,3,0,0.0,0,0.0,,2,2961.0256965798753,2.0,25.0,0.0,0.0,4.0,3.091531448646369,0.26434570151481185,0.817233049547527,True
MAYFAIR RD,2,0,0.0,0,0.0,,2,475.6238124125223,2.0,25.0,0.0,0.0,1.0,3.022140650189353,0.268783884656055,0.8123027039348701,True
CHARLES PL,4,0,0.0,0,0.0,,2,427.68331064202425,2.0,25.0,0.0,0.0,2.0,3.022140650189353,0.268783884656055,0.8123027039348701,True
CHESTER PL,3,0,0.0,0,0.0,,2,565.2097600330089,2.0,25.0,0.0,0.0,2.0,3.022140650189353,0.268783884656055,0.8123027039348701,True
TUDOR PL,7,0,0.0,0,0.0,,2,398.64458873254773,2.0,25.0,0.0,0.0,1.0,3.022140650189353,0.268783884656055,0.8123027039348701,True
S GOFF AVE,2,0,0.0,1,1.0,,2,1580.171351218849,1.3333333333333333,25.0,0.0,0.0,6.0,2.9936634776873094,0.2706486916087667,0.8102311033530206,True
SHERWOOD PL,1,1,1.0,0,0.0,1.0,1,334.5629882607312,1.0,25.0,0.0,0.0,1.0,0.6025071018257407,0.4796793603529076,0.8093308608589479,True
PELL ST,4,0,0.0,0,0.0,,3,489.7633596768501,1.0,25.0,0.0,0.0,2.0,1.570800702819957,0.5147566173359293,0.8085800562925014,True
SIDNEY PL,5,0,0.0,0,0.0,,3,709.6180510836016,1.0,20.0,0.0,0.0,2.0,1.564426122380334,0.5157722768362188,0.8068876230821621,True
S PINEHURST AVE,3,0,0.0,0,0.0,,2,331.2759991841159,1.5,25.0,0.0,0.0,2.0,2.9352177149145198,0.2745581916682053,0.8058880679594123,True
IRELAND ST,7,0,0.0,0,0.0,,2,932.1903203696403,1.5,25.0,0.0,0.0,2.0,2.9352177149145198,0.2745581916682053,0.8058880679594123,True
DEWEY PL,4,0,0.0,0,0.0,,2,623.817004717411,1.5,25.0,0.0,0.0,2.0,2.9352177149145198,0.2745581916682053,0.8058880679594123,True
SCHUYLER ST,6,0,0.0,0,0.0,,2,299.8306694309101,1.5,25.0,0.0,0.0,2.0,2.9352177149145198,0.2745581916682053,0.8058880679594123,True
RHETT AVE,2,0,0.0,0,0.0,,2,499.8796113577896,1.5,25.0,0.0,0.0,2.0,2.9352177149145198,0.2745581916682053,0.8058880679594123,True
FOREST RD,4,0,0.0,0,0.0,,2,3911.705152217392,1.8181818181818181,25.0,0.0,0.0,11.0,2.899500327467873,0.2770034635014318,0.8031716331321365,True
BRIGHTON ST,3,0,0.0,1,0.0,,2,4266.466780470231,1.5,25.0,0.0,0.0,6.0,2.896391234425904,0.27721837952376616,0.8029328844743898,True
BOLTON RD,3,0,0.0,0,0.0,,2,558.8078476448637,2.0,25.0,0.0,0.0,2.0,2.884129462170646,0.27806923552098783,0.8019876746893493,True
BENTLEY RD,2,0,0.0,0,0.0,,2,462.31856455715683,2.0,25.0,0.0,0.0,2.0,2.884129462170646,0.27806923552098783,0.8019876746893493,True
LINDA AVE,2,0,0.0,0,0.0,,2,689.0348258443986,2.0,25.0,0.0,0.0,1.0,2.884129462170646,0.27806923552098783,0.8019876746893493,True
PIERREPONT PL,2,1,1.0,0,0.0,1.0,1,257.3487906101403,1.0,20.0,0.0,0.0,1.0,0.5882464291325766,0.48566046842496735,0.8000275678968742,True
OAK PARK DR,2,0,0.0,0,0.0,,2,2505.2937628783966,1.4,25.0,0.0,0.0,10.0,2.8424534252355573,0.2810006316409663,0.7987312079012198,True
PENN AVE,2,0,0.0,2,2.0,,2,3138.8967160206444,1.2,25.0,0.0,0.0,5.0,2.836724626257053,0.28140842093901663,0.7982781977138195,True
SAWYER AVE,2,0,0.0,0,0.0,,2,3222.1606266646245,1.5,25.0,0.0,0.0,6.0,2.818989762831129,0.2826783672685853,0.7968674235039601,True
39 DR,3,0,0.0,0,0.0,,2,698.6116549022944,2.0,20.0,0.0,0.0,1.0,2.805542590952667,0.2836489500128179,0.7957892101399646,True
GRAY ST,3,0,0.0,0,0.0,,2,1225.2123865965766,1.4,25.0,0.0,0.0,5.0,2.797936610540114,0.28420088721490494,0.7951760670865643,True
DINSMORE PL,5,0,0.0,0,0.0,,2,732.4951061162167,2.0,25.0,0.0,0.0,3.0,2.7471731655618834,0.2879403298010295,0.7910219473124269,True
DEEPDALE AVE,2,0,0.0,0,0.0,,2,1119.734742501899,1.6666666666666667,25.0,0.0,0.0,3.0,2.7443901639074872,0.288148184432101,0.7907910431032585,True
ECKFORD AVE,9,0,0.0,1,1.0,,2,823.0011846411038,1.25,25.0,0.0,0.0,4.0,2.741071488812827,0.28839643964327316,0.7905152581813053,True
LOHENGRIN PL,3,0,0.0,0,0.0,,2,982.6474149442263,2.0,25.0,0.0,0.0,3.0,2.7017615292682633,0.29136991991512573,0.7872120404126615,True
ASPINWALL ST,2,0,0.0,0,0.0,,2,2703.2623811921985,1.25,25.0,0.0,0.0,4.0,2.689297692637529,0.29232555282512374,0.7861504347115953,True
HAWLEY AVE,2,0,0.0,0,0.0,,2,1540.136916715538,1.0,25.0,0.0,0.0,3.0,2.661777194093993,0.2944579802581436,0.783781536470106,True
W 27 DR,2,0,0.0,1,0.0,,2,1186.0587685928288,1.0,25.0,1.0,0.75,3.0,2.642329583875509,0.2959837369197454,0.782086584409069,True
VINE ST,11,3,0.0,2,0.0,0.0,2,968.2033959233548,1.5,23.75,0.0,0.0,4.0,2.6149157588302034,0.29816153169725135,0.7796672879120937,True
ELLISON AVE,5,0,0.0,0,0.0,,2,956.2283081882531,1.5,25.0,0.0,0.0,2.0,2.5888545441591884,0.30026179720220103,0.7773341181243228,True
LOCKE AVE,3,0,0.0,0,0.0,,2,1377.6209736924907,1.25,25.0,0.0,0.0,4.0,2.5862319259093813,0.30047479301150565,0.777097502617369,True
ORIENT AVE,8,0,0.0,0,0.0,,2,2008.9664383174313,1.4,25.0,0.0,0.0,5.0,2.5770831216897756,0.30122018428484193,0.77626945283275,True
LOTT PL,2,0,0.0,0,0.0,,2,588.6035871229763,1.0,25.0,0.0,0.0,2.0,2.5713919651036763,0.30168573525491343,0.7757522756208793,True
DESBROSSES ST,3,0,0.0,0,0.0,,2,943.4285003826294,1.0,25.0,0.0,0.0,3.0,2.5713919651036763,0.30168573525491343,0.7757522756208793,True
SICKLES ST,6,0,0.0,0,0.0,,2,1100.192121991436,1.0,25.0,0.0,0.0,3.0,2.5713919651036763,0.30168573525491343,0.7757522756208793,True
KING AVE,3,0,0.0,0,0.0,,2,3727.5726556751647,1.9090909090909092,25.0,0.0,0.0,11.0,2.5402308136515526,0.30426052480759364,0.772891960494042,True
CIRCLE LOOP,5,0,0.0,0,0.0,,2,1187.3378186663977,1.0909090909090908,25.0,0.0,0.0,11.0,2.5239236578998874,0.30562555213440196,0.7713755614907325,True
WESTMORELAND ST,3,0,0.0,2,1.0,,2,2068.604697609532,2.0,25.0,0.0,0.0,8.0,2.5101460195273093,0.30678842239528875,0.7700837373125969,True
SUTRO ST,2,0,0.0,1,1.0,,2,472.6095151319355,2.0,25.0,0.0,0.0,1.0,2.476569632870167,0.3096597686294019,0.7668939795091788,True
DUTCH KILLS ST,7,0,0.0,0,0.0,,2,475.82239603089687,2.0,25.0,0.0,0.0,1.0,2.476569632870167,0.3096597686294019,0.7668939795091788,True
BRIDGETON ST,4,0,0.0,0,0.0,,2,952.8142263818252,1.0,25.0,0.0,0.0,2.0,2.436771311985601,0.3131335864750909,0.7630349403416639,True
GARDEN PL,2,0,0.0,0,0.0,,2,1336.5680083859534,1.6666666666666667,23.333333333333332,0.0,0.0,3.0,2.422792054137275,0.3143723429999224,0.7616588146607299,True
DWIGHT PL,2,0,0.0,0,0.0,,2,1310.1167647749096,1.3333333333333333,25.0,0.0,0.0,3.0,2.420722266519665,0.3145565884440302,0.7614541377269264,True
LITTLEFIELD AVE,2,0,0.0,0,0.0,,2,880.6096328312725,1.5,25.0,0.0,0.0,2.0,2.418374215877333,0.3147658655545989,0.7612216532955531,True
RUSSEK DR,4,0,0.0,0,0.0,,2,1508.5521297862435,1.0,25.0,0.0,0.0,7.0,2.3921592644837477,0.3171214034565709,0.7586049032447245,True
COLUMBUS PL,3,0,0.0,0,0.0,,2,1100.2851615746172,1.5,25.0,0.0,0.0,4.0,2.361968096903119,0.31987828482083674,0.7555423036389056,True
BROWN AVE,1,1,1.0,0,0.0,1.0,1,541.4732720878867,1.0,25.0,0.0,0.0,1.0,0.523600234273319,0.5147566173359293,0.7547700680949045,True
RIDGE RD,2,0,0.0,0,0.0,,2,2007.4068835358617,2.0,25.0,0.0,0.0,7.0,2.3050607003048262,0.32520723339017577,0.7496224131425536,True
INDIAN RD,2,0,0.0,0,0.0,,2,907.4573154949929,1.5,22.5,0.0,0.0,4.0,2.2833686225426852,0.3272855708417374,0.7473136030709944,True
SWAN ST,4,0,0.0,3,0.0,,2,1162.2736473664909,1.1428571428571428,25.0,0.0,0.0,7.0,2.2384043031329295,0.33167938022190796,0.7424325519491819,True
STORY ST,3,0,0.0,0,0.0,,2,400.78233028188777,1.0,25.0,0.0,0.0,2.0,2.2150632726105726,0.33400705335181524,0.739846756672486,True
STRONG PL,6,0,0.0,0,0.0,,2,712.5450381884996,1.0,25.0,0.0,0.0,1.0,2.2150632726105726,0.33400705335181524,0.739846756672486,True
FREMONT AVE,2,0,0.0,1,0.0,,2,2220.721498269112,1.0,25.0,0.0,0.0,4.0,2.2150632726105726,0.33400705335181524,0.739846756672486,True
SANDERS PL,3,0,0.0,3,3.0,,2,476.6213609345911,1.0,25.0,0.0,0.0,1.0,2.2150632726105726,0.33400705335181524,0.739846756672486,True
VAN ST,2,0,0.0,0,0.0,,2,662.1211441365274,1.0,25.0,0.0,0.0,2.0,2.2150632726105726,0.33400705335181524,0.739846756672486,True
BESSEMER ST,3,0,0.0,0,0.0,,2,1713.9363166247254,1.0,25.0,0.0,0.0,5.0,2.2150632726105726,0.33400705335181524,0.739846756672486,True
PAWNEE PL,2,0,0.0,0,0.0,,2,461.78925088687237,1.0,25.0,0.0,0.0,1.0,2.2150632726105726,0.33400705335181524,0.739846756672486,True
HALPIN AVE,2,0,0.0,0,0.0,,2,1691.8889064093098,1.0,25.0,0.0,0.0,5.0,2.2150632726105726,0.33400705335181524,0.739846756672486,True
HALPERIN AVE,4,0,0.0,1,1.0,,2,471.34852847675916,1.0,25.0,0.0,0.0,1.0,2.2150632726105726,0.33400705335181524,0.739846756672486,True
FARRAGUT PL,2,0,0.0,0,0.0,,2,247.73182880956216,1.0,25.0,0.0,0.0,1.0,2.2150632726105726,0.33400705335181524,0.739846756672486,True
RALEIGH PL,10,0,0.0,0,0.0,,2,328.2808229615468,1.0,25.0,0.0,0.0,1.0,2.2150632726105726,0.33400705335181524,0.739846756672486,True
MACKAY PL,2,0,0.0,1,0.0,,2,1271.5817538963734,1.0,25.0,0.0,0.0,3.0,2.2150632726105726,0.33400705335181524,0.739846756672486,True
WHITELAW ST,2,0,0.0,3,3.0,,2,1004.5721609676187,1.0,25.0,0.0,0.0,4.0,2.2150632726105726,0.33400705335181524,0.739846756672486,True
GEM ST,2,0,0.0,0,0.0,,2,596.5893647992034,1.0,25.0,0.0,0.0,1.0,2.2150632726105726,0.33400705335181524,0.739846756672486,True
SHARON ST,2,0,0.0,0,0.0,,2,855.7524940225517,1.0,25.0,0.0,0.0,1.0,2.2150632726105726,0.33400705335181524,0.739846756672486,True
SPRITZ RD,5,0,0.0,0,0.0,,2,943.9519703117855,1.0,25.0,0.0,0.0,2.0,2.2150632726105726,0.33400705335181524,0.739846756672486,True
MALDEN PL,2,0,0.0,0,0.0,,2,742.8698005083753,1.0,25.0,0.0,0.0,3.0,2.2150632726105726,0.33400705335181524,0.739846756672486,True
BROOKLYN RD,4,0,0.0,0,0.0,,2,252.79245446252918,1.0,25.0,0.0,0.0,1.0,2.2150632726105726,0.33400705335181524,0.739846756672486,True
BRIGHTON 4 RD,3,0,0.0,0,0.0,,2,344.41547450465185,1.0,25.0,0.0,0.0,1.0,2.2150632726105726,0.33400705335181524,0.739846756672486,True
MOWBRAY DR,3,0,0.0,0,0.0,,2,701.3416196393347,1.0,25.0,0.0,0.0,1.0,2.2150632726105726,0.33400705335181524,0.739846756672486,True
AUDLEY ST,6,0,0.0,0,0.0,,2,2021.1118335944911,1.0,25.0,0.0,0.0,4.0,2.2150632726105726,0.33400705335181524,0.739846756672486,True
127 PL,5,0,0.0,2,1.0,,2,525.7235022028995,1.0,25.0,0.0,0.0,1.0,2.2150632726105726,0.33400705335181524,0.739846756672486,True
BENJAMIN DR,2,0,0.0,0,0.0,,2,865.9461972515718,1.0,25.0,0.0,0.0,4.0,2.2150632726105726,0.33400705335181524,0.739846756672486,True
SUYDAM PL,6,0,0.0,0,0.0,,2,404.7329673216186,1.0,25.0,0.0,0.0,1.0,2.2150632726105726,0.33400705335181524,0.739846756672486,True
RONALD AVE,2,0,0.0,0,0.0,,2,1038.2210893808294,1.0,25.0,0.0,0.0,3.0,2.2150632726105726,0.33400705335181524,0.739846756672486,True
TALBOT ST,6,0,0.0,0,0.0,,2,811.4967450971699,1.0,25.0,0.0,0.0,3.0,2.2150632726105726,0.33400705335181524,0.739846756672486,True
CHESBROUGH AVE,3,0,0.0,0,0.0,,2,476.7018400555007,1.0,25.0,0.0,0.0,1.0,2.2150632726105726,0.33400705335181524,0.739846756672486,True
THORNTON PL,2,0,0.0,4,0.0,,2,1448.4866799538827,1.0,25.0,0.0,0.0,7.0,2.2150632726105726,0.33400705335181524,0.739846756672486,True
LIGHTNER AVE,2,0,0.0,0,0.0,,2,987.5839119965543,1.0,25.0,0.0,0.0,3.0,2.2150632726105726,0.33400705335181524,0.739846756672486,True
HOWARD PL,4,0,0.0,0,0.0,,2,455.52698316122127,1.0,25.0,0.0,0.0,1.0,2.2150632726105726,0.33400705335181524,0.739846756672486,True
RALEIGH ST,2,0,0.0,0,0.0,,2,854.3952659664919,1.0,25.0,0.0,0.0,2.0,2.2150632726105726,0.33400705335181524,0.739846756672486,True
90 PL,2,0,0.0,1,0.0,,2,677.4404874397754,1.0,25.0,0.0,0.0,2.0,2.2150632726105726,0.33400705335181524,0.739846756672486,True
QUAY ST,13,0,0.0,1,1.0,,2,679.8718461384069,1.0,25.0,0.0,0.0,2.0,2.2150632726105726,0.33400705335181524,0.739846756672486,True
HIGGINS ST,2,0,0.0,0,0.0,,2,548.4302977755023,1.0,25.0,0.0,0.0,1.0,2.2150632726105726,0.33400705335181524,0.739846756672486,True
LLOYD ST,4,0,0.0,0,0.0,,2,365.3078464931677,1.0,25.0,0.0,0.0,1.0,2.2150632726105726,0.33400705335181524,0.739846756672486,True
JESUP PL,4,0,0.0,0,0.0,,2,257.27668340070795,1.0,25.0,0.0,0.0,1.0,2.2150632726105726,0.33400705335181524,0.739846756672486,True
BYRD ST,3,0,0.0,1,0.0,,2,598.3236857154311,1.0,25.0,0.0,0.0,2.0,2.2150632726105726,0.33400705335181524,0.739846756672486,True
DUBLIN PL,5,0,0.0,0,0.0,,2,260.11375746935573,2.0,25.0,0.0,0.0,1.0,2.2106487504333177,0.3344509681818416,0.7393536148924015,True
ALLEN PL,2,0,0.0,0,0.0,,2,1204.383129177396,1.6666666666666667,25.0,0.0,0.0,3.0,2.1821152886619957,0.33734893979713315,0.7361342791452394,True
SKYLINE DR,3,0,0.0,0,0.0,,2,2945.468006390897,1.0,25.0,0.0,0.0,9.0,2.176010033423801,0.33797554833959337,0.735438184238866,True
SEGUINE LOOP,2,0,0.0,0,0.0,,2,872.9939977485946,1.0,25.0,0.0,0.0,4.0,2.1711362581741978,0.33847743812873726,0.7348806384952151,True
PEMBROKE AVE,4,0,0.0,0,0.0,,2,709.8526424532827,1.0,25.0,0.0,0.0,3.0,2.0982423362818423,0.3461657862459302,0.7263397080735015,True
MOSCO ST,2,1,1.0,0,0.0,1.0,1,221.88216930864004,1.0,25.0,0.0,0.0,1.0,0.48483713676121765,0.5339375044972298,0.724935226392637,True
HILLCREST AVE,2,0,0.0,0,0.0,,2,1640.747577264683,1.0,25.0,0.0,0.0,5.0,2.0750014218606556,0.3486910456868412,0.7235344155902742,True
W 255 ST,3,0,0.0,0,0.0,,2,1793.0045211346473,1.1111111111111112,25.0,1.0,0.75,9.0,2.0744991113210047,0.3487460314447157,0.72347333230879,True
NUGENT ST,3,0,0.0,0,0.0,,2,3022.6248504145183,1.8,25.0,0.0,0.0,5.0,2.0547163211765196,0.35092544442053286,0.7210522381669925,True
FLETCHER PL,2,0,0.0,0,0.0,,2,201.37858938140326,1.0,25.0,0.0,0.0,1.0,2.040218549560947,0.35253999764112304,0.7192586426495917,True
REED ST,6,0,0.0,0,0.0,,2,454.1150140521718,1.0,25.0,0.0,0.0,1.0,2.040218549560947,0.35253999764112304,0.7192586426495917,True
PONTIAC PL,5,0,0.0,0,0.0,,2,270.90753542756363,1.0,25.0,0.0,0.0,1.0,2.040218549560947,0.35253999764112304,0.7192586426495917,True
COMMODORE DR,2,0,0.0,0,0.0,,2,1156.209658197502,1.0,25.0,0.0,0.0,3.0,2.040218549560947,0.35253999764112304,0.7192586426495917,True
STATE RD,6,2,0.0,2,0.0,0.0,2,5169.6080201571085,1.375,25.0,0.0,0.0,24.0,2.0305747861922505,0.35362223460281755,0.7180563934214421,True
22 RD,2,0,0.0,0,0.0,,2,1973.9750403568228,1.1111111111111112,25.0,0.0,0.0,9.0,2.0197369567161454,0.3548464283908378,0.7166964453797043,True
74 PL,2,0,0.0,0,0.0,,2,888.7407535848627,1.0,25.0,0.0,0.0,2.0,1.953680161359003,0.3624951345380887,0.7081995529362266,True
FANCHON PL,6,0,0.0,0,0.0,,2,727.2943557098583,1.0,25.0,0.0,0.0,2.0,1.953680161359003,0.3624951345380887,0.7081995529362266,True
POND WAY,2,0,0.0,0,0.0,,2,1931.5784906790332,1.0,25.0,0.0,0.0,7.0,1.8922410142323327,0.3699111850445477,0.699961115964579,True
BIDWELL AVE,2,0,0.0,2,0.0,,2,2605.9669762828944,1.1111111111111112,25.0,0.0,0.0,9.0,1.8872968153306644,0.37052119132200584,0.6992834643945455,True
PIAVE AVE,3,0,0.0,0,0.0,,2,1450.9643865580986,1.0,25.0,0.0,0.0,7.0,1.8799912854158607,0.37142622594959523,0.6982780679601415,True
HASBROUCK RD,3,0,0.0,0,0.0,,2,916.0688219098224,1.8333333333333333,25.0,0.0,0.0,6.0,1.8760695551681337,0.37191388977027207,0.6977363257421646,True
NORMAL RD,5,0,0.0,3,0.0,,2,1202.273340066788,1.0,25.0,0.0,0.0,3.0,1.8677543870997013,0.37295212166744846,0.6965829614225184,True
AZTEC PL,2,0,0.0,0,0.0,,2,486.7746434727482,1.0,25.0,0.0,0.0,2.0,1.8677543870997013,0.37295212166744846,0.6965829614225184,True
MANNING ST,3,0,0.0,1,1.0,,2,401.3184760431714,1.0,25.0,0.0,0.0,1.0,1.8677543870997013,0.37295212166744846,0.6965829614225184,True
EDINBORO RD,4,0,0.0,0,0.0,,2,4625.796232711535,1.368421052631579,25.0,0.0,0.0,19.0,1.84882381464869,0.37533755180295736,0.6939330043052439,True
E 1 RD,1,1,1.0,5,1.0,1.0,1,254.39167930786388,1.0,25.0,0.0,0.0,1.0,0.4465668011236803,0.5543304171621731,0.6932151439954938,True
WILLIAM AVE,2,0,0.0,0,0.0,,2,2791.8164244543254,1.0,25.0,0.0,0.0,11.0,1.790187601742548,0.38292381957051236,0.6855054742070317,True
SEMINOLE ST,2,0,0.0,0,0.0,,2,450.700135932468,1.0,25.0,0.0,0.0,1.0,1.7824602093205728,0.38394650938104513,0.6843693754792409,True
ALONZO RD,2,0,0.0,1,0.0,,2,803.4504649326932,1.0,25.0,0.0,0.0,3.0,1.7824602093205728,0.38394650938104513,0.6843693754792409,True
MONTGOMERY PL,7,0,0.0,0,0.0,,2,1197.6892042389568,1.0,25.0,0.0,0.0,2.0,1.7824602093205728,0.38394650938104513,0.6843693754792409,True
MINTON ST,2,0,0.0,0,0.0,,2,477.568114006746,1.0,25.0,0.0,0.0,2.0,1.7400562712411567,0.38965718456705906,0.678025427640084,True
DORSEY ST,4,0,0.0,0,0.0,,2,613.8050621427327,1.0,25.0,0.0,0.0,2.0,1.7400562712411567,0.38965718456705906,0.678025427640084,True
BUTTONWOOD RD,2,0,0.0,0,0.0,,2,2339.2426828538646,1.1666666666666667,25.0,0.0,0.0,6.0,1.7034701176766052,0.3947226498624087,0.6723982388107387,True
W 13 RD,2,0,0.0,0,0.0,,2,751.4379518063082,1.0,25.0,0.0,0.0,1.0,1.6978179793780594,0.3955169740904534,0.6715158297599778,True
GALLATIN PL,10,0,0.0,1,0.0,,2,385.44095573579676,1.0,25.0,0.0,0.0,1.0,1.6978179793780594,0.3955169740904534,0.6715158297599778,True
FRIEL PL,5,0,0.0,0,0.0,,2,665.3219114338126,1.0,25.0,0.0,0.0,2.0,1.6978179793780594,0.3955169740904534,0.6715158297599778,True
CYRUS PL,7,0,0.0,0,0.0,,2,348.29633670112497,1.0,25.0,0.0,0.0,1.0,1.6978179793780594,0.3955169740904534,0.6715158297599778,True
WEEHAWKEN ST,3,0,0.0,0,0.0,,2,275.016488640147,1.0,25.0,0.0,0.0,1.0,1.6978179793780594,0.3955169740904534,0.6715158297599778,True
PRESCOTT PL,4,0,0.0,0,0.0,,2,399.5105773630064,1.0,25.0,0.0,0.0,1.0,1.6978179793780594,0.3955169740904534,0.6715158297599778,True
TIFFANY PL,12,0,0.0,0,0.0,,2,772.1182543811234,1.0,25.0,0.0,0.0,1.0,1.6978179793780594,0.3955169740904534,0.6715158297599778,True
MOORE PL,2,0,0.0,0,0.0,,2,255.4452494300906,1.0,25.0,0.0,0.0,1.0,1.6978179793780594,0.3955169740904534,0.6715158297599778,True
MONTIETH ST,4,0,0.0,0,0.0,,2,483.0934705037312,1.0,25.0,0.0,0.0,1.0,1.6978179793780594,0.3955169740904534,0.6715158297599778,True
KEPLER AVE,11,0,0.0,0,0.0,,2,1216.5475454897328,1.0,25.0,0.0,0.0,5.0,1.6978179793780594,0.3955169740904534,0.6715158297599778,True
FOLSOM PL,2,0,0.0,0,0.0,,2,263.543320475974,1.0,25.0,0.0,0.0,1.0,1.6978179793780594,0.3955169740904534,0.6715158297599778,True
CAMPUS PL,7,0,0.0,0,0.0,,2,303.1262296118721,1.0,25.0,0.0,0.0,1.0,1.6978179793780594,0.3955169740904534,0.6715158297599778,True
CLOVE LAKE PL,4,0,0.0,0,0.0,,3,1362.3369871466957,1.0,15.0,0.0,0.0,2.0,1.1116039574921563,0.5998463950355587,0.6667916266089304,True
CHANNING RD,5,0,0.0,0,0.0,,2,722.2107411044242,1.0,25.0,0.0,0.0,2.0,1.5305785971481278,0.4205583260255459,0.643697572667145,True
W RALEIGH AVE,3,0,0.0,0,0.0,,2,1097.4857627491506,1.0,25.0,0.0,0.0,6.0,1.5305785971481278,0.4205583260255459,0.643697572667145,True
HANOVER PL,6,0,0.0,2,2.0,,2,369.66815744311225,1.0,25.0,0.0,0.0,2.0,1.5305785971481278,0.4205583260255459,0.643697572667145,True
CIRCLE RD,2,0,0.0,0,0.0,,2,3230.1593604159902,1.0,25.0,0.0,0.0,14.0,1.483318045295541,0.4282199310008217,0.6351863510087302,True
HARDEN ST,2,0,0.0,0,0.0,,2,826.5867706275058,1.0,25.0,0.0,0.0,3.0,1.4754645863293379,0.42952021830798975,0.633741871225885,True
SZOLD PL,2,0,0.0,0,0.0,,2,505.84504934328265,1.0,20.0,0.0,0.0,2.0,1.395261678318664,0.4432658876655502,0.618471906365648,True
W 217 ST,3,0,0.0,0,0.0,,2,401.0647813262686,1.0,20.0,0.0,0.0,1.0,1.395261678318664,0.4432658876655502,0.618471906365648,True
27 RD,3,0,0.0,0,0.0,,2,437.6419793185201,1.0,20.0,0.0,0.0,1.0,1.395261678318664,0.4432658876655502,0.618471906365648,True
MACNISH ST,8,0,0.0,0,0.0,,2,461.96492589071255,1.0,20.0,0.0,0.0,1.0,1.395261678318664,0.4432658876655502,0.618471906365648,True
OLD KINGSBRIDGE RD,2,0,0.0,0,0.0,,2,491.955599294798,1.0,25.0,0.0,0.0,1.0,1.366233203507455,0.44846034799372864,0.6127014178855399,True
JAMES ST,7,1,0.0,1,1.0,0.0,2,268.7257625587505,1.0,25.0,0.0,0.0,1.0,1.366233203507455,0.44846034799372864,0.6127014178855399,True
MAGNOLIA PL,3,1,0.0,0,0.0,0.0,2,887.2126838892223,1.0,25.0,0.0,0.0,3.0,1.366233203507455,0.44846034799372864,0.6127014178855399,True
CENTRE MARKET PL,2,0,0.0,0,0.0,,2,453.33574743554243,1.0,25.0,0.0,0.0,1.0,1.366233203507455,0.44846034799372864,0.6127014178855399,True
REGAL WALK,2,0,0.0,0,0.0,,2,915.9068674713608,1.0,25.0,0.0,0.0,1.0,1.366233203507455,0.44846034799372864,0.6127014178855399,True
FORDHAM HILL OVAL,2,0,0.0,0,0.0,,2,1528.0403324479316,1.0,25.0,0.0,0.0,14.0,1.2278440969692435,0.47499690602192357,0.5832221471376734,True
TRIMBLE PL,2,0,0.0,0,0.0,,2,226.99061577565462,1.0,25.0,0.0,0.0,1.0,1.2050142036514815,0.4796793603529076,0.578020442423711,True
WHALLEY AVE,2,0,0.0,0,0.0,,2,382.0012070730839,1.0,25.0,0.0,0.0,1.0,1.2050142036514815,0.4796793603529076,0.578020442423711,True
MALBONE ST,3,0,0.0,0,0.0,,2,373.2004654890099,1.0,25.0,0.0,0.0,1.0,1.2050142036514815,0.4796793603529076,0.578020442423711,True
BARTLETT PL,2,0,0.0,0,0.0,,2,1550.3696071428903,1.0,25.0,0.0,0.0,12.0,1.2050142036514815,0.4796793603529076,0.578020442423711,True
CHITTENDEN AVE,2,0,0.0,0,0.0,,2,387.95084091196406,1.0,20.0,0.0,0.0,1.0,1.1764928582651533,0.48566046842496735,0.5713760726436831,True
CRANBERRY ST,3,0,0.0,0,0.0,,2,973.2315377174712,1.0,20.0,0.0,0.0,3.0,1.0694504272985197,0.5095036308065413,0.5448888756762028,True
COLUMBIA PL,2,0,0.0,0,0.0,,2,579.9547637929857,1.0,20.0,0.0,0.0,1.0,1.0694504272985197,0.5095036308065413,0.5448888756762028,True
SEAFOAM ST,3,0,0.0,0,0.0,,2,686.7864161336598,1.0,25.0,0.0,0.0,1.0,1.047200468546638,0.5147566173359293,0.5390533708616676,True
TOPPING ST,2,0,0.0,0,0.0,,2,680.3446590222757,1.0,25.0,0.0,0.0,1.0,1.047200468546638,0.5147566173359293,0.5390533708616676,True
SYCAMORE AVE,2,0,0.0,0,0.0,,2,2748.9467121051916,1.0,25.0,0.0,0.0,8.0,1.027729368723589,0.5194432224389897,0.5338470550849698,True
W 106 ST,24,3,0.0,23,0.0,0.0,1,3225.7203021598784,3.25,25.0,1.0,0.75,8.0,8.828129548227283,0.059193466771952696,0.5225675930714855,True
BELL ST,2,0,0.0,0,0.0,,2,988.7165311198338,1.0,25.0,0.0,0.0,5.0,0.9696742735224353,0.5339375044972298,0.5177454617797334,True
DUTCH ST,3,0,0.0,0,0.0,,2,353.56756363989496,1.0,25.0,0.0,0.0,1.0,0.8931336022473606,0.5543304171621731,0.4950911223153338,True
SHALE ST,2,0,0.0,0,0.0,,1,1153.3411497489305,2.0,25.0,1.0,0.75,5.0,4.100462960550635,0.11929922785198091,0.4891820650293384,True
OHIO WALK,1,1,1.0,0,0.0,1.0,1,1062.3903336738517,1.0,25.0,1.0,0.75,4.0,0.25318412192029416,0.6868976398724701,0.48701393592776365,True
ALDRICH ST,6,0,0.0,2,1.0,,1,401.50231594818825,2.0,25.0,0.0,0.0,3.0,3.9315562127559986,0.12379007538929201,0.4866876399743045,True
WARDS POINT AVE,1,0,0.0,0,0.0,,1,1770.994274320979,2.0,25.0,1.0,0.75,4.0,3.65443815019526,0.1319386280453687,0.4821615558134177,True
BERRY AVE,1,0,0.0,0,0.0,,1,1261.7572110148187,2.0,25.0,0.0,0.0,2.0,3.6105938734550787,0.1333271776882383,0.48139029092620983,True
HENWOOD PL,2,0,0.0,0,0.0,,1,401.9541016517443,2.0,25.0,1.0,0.75,3.0,3.507640442406174,0.13670551808790463,0.47951380394522297,True
213 PL,1,0,0.0,0,0.0,,1,342.91913833197407,2.0,25.0,0.0,0.0,1.0,3.2941624932985656,0.14428644760925674,0.475303004005702,True
EDGAR ST,1,0,0.0,0,0.0,,1,136.80042158326305,2.0,25.0,0.0,0.0,1.0,3.2941624932985656,0.14428644760925674,0.475303004005702,True
KINGSBOROUGH 5 WALK,1,0,0.0,0,0.0,,1,299.27147478224384,2.0,25.0,1.0,0.75,1.0,3.093729930988858,0.15221144214304433,0.47090109439691513,True
KINGSBOROUGH 4 WALK,1,0,0.0,0,0.0,,1,569.1763920478,2.0,25.0,1.0,0.75,1.0,3.093729930988858,0.15221144214304433,0.47090109439691513,True
PEDESTRIAN WAY,1,0,0.0,0,0.0,,1,420.33286256381626,2.0,25.0,1.0,0.75,3.0,3.093729930988858,0.15221144214304433,0.47090109439691513,True
N ELLIOTT WALK,2,0,0.0,0,0.0,,1,745.5090022746327,2.0,25.0,1.0,0.75,3.0,3.093729930988858,0.15221144214304433,0.47090109439691513,True
ALBOURNE AVE,1,0,0.0,0,0.0,,1,3235.057821976201,2.0,25.0,0.0,0.0,7.0,2.9825533939517035,0.1569944670344263,0.468244380485167,True
VICTORIA RD,2,1,0.0,0,0.0,0.0,1,860.9973503227436,2.6666666666666665,25.0,0.0,0.0,3.0,2.8397577240244245,0.16359734843379056,0.46457683384477183,True
AUSTELL PL,1,0,0.0,1,1.0,,1,569.0734338376105,2.0,25.0,0.0,0.0,1.0,2.8286603994895145,0.16413382466851614,0.4642788500565868,True
MOBILE RD,1,0,0.0,0,0.0,,1,574.6152038515404,2.5,25.0,0.0,0.0,2.0,2.7732107466505442,0.16686800942288288,0.4627601570037231,True
RUSTIC PL,1,0,0.0,0,0.0,,1,1486.2027876204795,1.8333333333333333,25.0,1.0,0.75,6.0,2.720588999541752,0.16954834865822854,0.4612713722500461,True
BILLOP AVE,1,0,0.0,0,0.0,,1,2838.0946540259747,1.8,25.0,1.0,0.75,10.0,2.69368488293075,0.17095227732702645,0.46049156513839634,True
SANDALWOOD DR,3,0,0.0,0,0.0,,1,2125.512144993515,2.0,25.0,0.0,0.0,5.0,2.676103487145169,0.17188235105693966,0.4599749590421864,True
BENCHLEY PL,9,0,0.0,0,0.0,,1,495.6632797307326,2.0,25.0,0.0,0.0,5.0,2.6154661513151938,0.1751692559168921,0.45814925960170005,True
CORAL REEF WAY,2,0,0.0,0,0.0,,1,633.527250897715,2.4,25.0,0.0,0.0,5.0,2.611387963571534,0.17539483548079332,0.4580239622471531,True
RANSOM ST,1,0,0.0,1,0.0,,1,859.3734245306097,2.0,25.0,0.0,0.0,2.0,2.6003418967330694,0.17600876230334347,0.45768295880951615,True
AUBURN AVE,1,0,0.0,0,0.0,,1,2483.7820755922744,2.0,25.0,0.0,0.0,9.0,2.558404454990892,0.17837925388479464,0.45636627781681,True
DEFOE PL,1,0,0.0,0,0.0,,1,356.4133996226872,2.0,25.0,0.0,0.0,5.0,2.5550542097938957,0.1785713818781178,0.45625956101639825,True
N OXFORD WALK,3,0,0.0,2,0.0,,1,1244.0336225073609,1.75,25.0,1.0,0.75,4.0,2.54205572486,0.17932074614987492,0.4558433293364563,True
GAULDY AVE,1,0,0.0,0,0.0,,1,1159.9400327954002,2.0,25.0,0.0,0.0,5.0,2.5249338821475913,0.18031747426097205,0.45528970030480453,True
ELMTREE AVE,6,0,0.0,0,0.0,,1,314.2429809638039,2.0,25.0,0.0,0.0,1.0,2.5249338821475913,0.18031747426097205,0.45528970030480453,True
FERRY ST,1,0,0.0,0,0.0,,1,278.82372704632746,2.0,25.0,0.0,0.0,2.0,2.5249338821475913,0.18031747426097205,0.45528970030480453,True
FIRTH RD,1,0,0.0,0,0.0,,1,803.1850138270278,2.0,25.0,0.0,0.0,3.0,2.5249338821475913,0.18031747426097205,0.45528970030480453,True
BASCOM PL,1,0,0.0,0,0.0,,1,713.5782474464729,2.0,25.0,0.0,0.0,1.0,2.5249338821475913,0.18031747426097205,0.45528970030480453,True
BERGLUND AVE,1,0,0.0,0,0.0,,1,1309.50596011168,2.0,25.0,0.0,0.0,2.0,2.5249338821475913,0.18031747426097205,0.45528970030480453,True
REDWOOD AVE,2,0,0.0,0,0.0,,1,712.9793197015547,2.0,25.0,0.0,0.0,4.0,2.5249338821475913,0.18031747426097205,0.45528970030480453,True
PRINCESS ST,1,0,0.0,0,0.0,,1,194.74627110391765,2.0,25.0,0.0,0.0,1.0,2.5249338821475913,0.18031747426097205,0.45528970030480453,True
COOKE ST,1,0,0.0,0,0.0,,1,451.8742832397728,2.0,25.0,0.0,0.0,1.0,2.5249338821475913,0.18031747426097205,0.45528970030480453,True
BETHEL LOOP,15,0,0.0,1,0.0,,1,1199.2397858061697,2.0,25.0,0.0,0.0,1.0,2.5249338821475913,0.18031747426097205,0.45528970030480453,True
EVAN PL,1,0,0.0,0,0.0,,1,470.8468197147641,2.0,25.0,0.0,0.0,3.0,2.4748618104088584,0.18329699611427264,0.45363473564587425,True
BALTIMORE ST,1,0,0.0,0,0.0,,1,1076.6359537218452,1.8,25.0,1.0,0.75,5.0,2.4246449686991656,0.18638569210717126,0.4519191306051646,True
MARNE AVE,1,0,0.0,0,0.0,,1,675.641811276316,2.0,25.0,0.0,0.0,1.0,2.3752074245833907,0.1895298542830546,0.45017271707331946,True
BOONE ST,1,0,0.0,0,0.0,,1,721.592298246863,2.0,25.0,0.0,0.0,1.0,2.3752074245833907,0.1895298542830546,0.45017271707331946,True
WINSTON ST,1,0,0.0,0,0.0,,1,539.8436992061809,2.0,25.0,0.0,0.0,1.0,2.3752074245833907,0.1895298542830546,0.45017271707331946,True
VASSAR ST,1,0,0.0,0,0.0,,1,1755.9619224514777,2.0,25.0,0.0,0.0,2.0,2.3752074245833907,0.1895298542830546,0.45017271707331946,True
CICERO AVE,1,0,0.0,0,0.0,,1,849.6085943435208,2.0,25.0,0.0,0.0,1.0,2.3752074245833907,0.1895298542830546,0.45017271707331946,True
BRUNSWICK ST,1,0,0.0,0,0.0,,1,533.8164542265861,2.0,25.0,0.0,0.0,2.0,2.3752074245833907,0.1895298542830546,0.45017271707331946,True
SLEEPY HOLLOW RD,1,0,0.0,0,0.0,,1,1056.5824862792563,2.0,25.0,0.0,0.0,2.0,2.3752074245833907,0.1895298542830546,0.45017271707331946,True
TURF RD,1,0,0.0,0,0.0,,1,706.6591275792084,2.0,25.0,0.0,0.0,2.0,2.3752074245833907,0.1895298542830546,0.45017271707331946,True
MAY PL,1,0,0.0,0,0.0,,1,562.6050285415317,2.0,25.0,0.0,0.0,1.0,2.3752074245833907,0.1895298542830546,0.45017271707331946,True
MACORMAC PL,1,0,0.0,0,0.0,,1,828.9072348228733,2.0,25.0,0.0,0.0,1.0,2.3752074245833907,0.1895298542830546,0.45017271707331946,True
E STROUD AVE,1,0,0.0,0,0.0,,1,707.4127874653532,2.0,25.0,0.0,0.0,1.0,2.3752074245833907,0.1895298542830546,0.45017271707331946,True
E FIGUREA AVE,1,0,0.0,0,0.0,,1,1600.4320196902845,2.0,25.0,0.0,0.0,2.0,2.3752074245833907,0.1895298542830546,0.45017271707331946,True
PILCHER ST,2,0,0.0,0,0.0,,1,527.1510223108912,2.0,25.0,0.0,0.0,1.0,2.3752074245833907,0.1895298542830546,0.45017271707331946,True
NOTUS AVE,1,0,0.0,0,0.0,,1,956.4326688972963,2.0,25.0,0.0,0.0,2.0,2.3752074245833907,0.1895298542830546,0.45017271707331946,True
ANDREA PL,1,0,0.0,0,0.0,,1,528.9962415220343,2.0,25.0,0.0,0.0,2.0,2.3752074245833907,0.1895298542830546,0.45017271707331946,True
GRAFE ST,3,0,0.0,0,0.0,,1,1591.554415316977,2.0,25.0,0.0,0.0,5.0,2.3752074245833907,0.1895298542830546,0.45017271707331946,True
HOLGATE ST,1,0,0.0,0,0.0,,1,457.9638126817014,2.0,25.0,0.0,0.0,1.0,2.3752074245833907,0.1895298542830546,0.45017271707331946,True
READING AVE,1,0,0.0,0,0.0,,1,895.99894757345,2.0,25.0,0.0,0.0,2.0,2.3752074245833907,0.1895298542830546,0.45017271707331946,True
NOTRE DAME AVE,1,0,0.0,1,0.0,,1,1053.8287303237448,2.0,25.0,0.0,0.0,2.0,2.3752074245833907,0.1895298542830546,0.45017271707331946,True
GUNTON PL,1,0,0.0,0,0.0,,1,641.4514863212423,2.0,25.0,0.0,0.0,2.0,2.3752074245833907,0.1895298542830546,0.45017271707331946,True
MONTVALE PL,1,0,0.0,0,0.0,,1,363.97706274858973,2.0,25.0,0.0,0.0,1.0,2.3752074245833907,0.1895298542830546,0.45017271707331946,True
ROCKVILLE AVE,1,0,0.0,0,0.0,,1,1621.551803781615,2.0,25.0,0.0,0.0,5.0,2.3752074245833907,0.1895298542830546,0.45017271707331946,True
S DRUM ST,1,0,0.0,0,0.0,,1,349.6702681478012,2.0,25.0,0.0,0.0,1.0,2.3752074245833907,0.1895298542830546,0.45017271707331946,True
FIELD ST,1,0,0.0,0,0.0,,1,480.42266981116796,2.0,25.0,0.0,0.0,1.0,2.3752074245833907,0.1895298542830546,0.45017271707331946,True
KINSEY PL,2,0,0.0,0,0.0,,1,570.0275798233793,2.0,25.0,0.0,0.0,3.0,2.3752074245833907,0.1895298542830546,0.45017271707331946,True
YALE ST,1,0,0.0,0,0.0,,1,524.4572254699581,2.0,25.0,0.0,0.0,2.0,2.3752074245833907,0.1895298542830546,0.45017271707331946,True
BIRCHARD AVE,1,0,0.0,2,0.0,,1,980.9484853129537,2.0,25.0,0.0,0.0,2.0,2.3752074245833907,0.1895298542830546,0.45017271707331946,True
ROSECLIFF RD,1,0,0.0,0,0.0,,1,524.2880140858451,2.0,25.0,0.0,0.0,2.0,2.3752074245833907,0.1895298542830546,0.45017271707331946,True
ROW PL,1,0,0.0,0,0.0,,1,357.87382549923683,2.0,25.0,0.0,0.0,1.0,2.3752074245833907,0.1895298542830546,0.45017271707331946,True
N AVE,1,0,0.0,0,0.0,,1,1434.5003518541916,2.0,25.0,0.0,0.0,5.0,2.3157344213370794,0.1934557336956113,0.4479921015239466,True
GAYNOR ST,1,0,0.0,0,0.0,,1,1448.872987347455,2.0,25.0,0.0,0.0,4.0,2.3009042525218133,0.19446015561277433,0.44743419899548603,True
COLES ST,1,0,0.0,0,0.0,,1,491.2737457782671,1.6666666666666667,25.0,1.0,0.75,3.0,2.2984929536842627,0.19462445537202783,0.4473429392872432,True
JUMEL ST,1,0,0.0,0,0.0,,1,2011.464308733546,2.0,25.0,0.0,0.0,3.0,2.276221483203347,0.19615520438849451,0.44649269027123467,True
GOODALL ST,2,0,0.0,0,0.0,,1,1529.846054004111,2.0,25.0,0.0,0.0,2.0,2.2638962020295272,0.19701273339336753,0.44601637888070056,True
PAERDEGAT 8 ST,1,0,0.0,1,0.0,,1,472.4222941602976,2.0,25.0,0.0,0.0,1.0,2.2269852492661375,0.1996262487056767,0.44456471123387536,True
POND ST,1,0,0.0,0,0.0,,1,628.5958562587699,2.0,25.0,0.0,0.0,1.0,2.2269852492661375,0.1996262487056767,0.44456471123387536,True
MARVIN RD,1,0,0.0,0,0.0,,1,948.164878396808,2.0,25.0,0.0,0.0,2.0,2.2269852492661375,0.1996262487056767,0.44456471123387536,True
NAVESINK PL,1,0,0.0,2,2.0,,1,696.4723335918346,2.0,25.0,0.0,0.0,3.0,2.2269852492661375,0.1996262487056767,0.44456471123387536,True
DARCEY AVE,1,0,0.0,0,0.0,,1,1256.7624455885964,2.0,25.0,0.0,0.0,2.0,2.2269852492661375,0.1996262487056767,0.44456471123387536,True
OBERLIN ST,1,0,0.0,0,0.0,,1,391.8751174410416,2.0,25.0,0.0,0.0,1.0,2.2269852492661375,0.1996262487056767,0.44456471123387536,True
PAERDEGAT 14 ST,3,0,0.0,0,0.0,,1,473.5723524225706,2.0,25.0,0.0,0.0,1.0,2.2269852492661375,0.1996262487056767,0.44456471123387536,True
SHIFT PL,1,0,0.0,0,0.0,,1,561.6209397762871,2.0,25.0,0.0,0.0,2.0,2.2269852492661375,0.1996262487056767,0.44456471123387536,True
BLEEKER PL,1,0,0.0,0,0.0,,1,620.6116792743858,2.0,25.0,0.0,0.0,1.0,2.2269852492661375,0.1996262487056767,0.44456471123387536,True
CONRAD AVE,1,0,0.0,0,0.0,,1,699.8236863194445,2.0,25.0,0.0,0.0,5.0,2.2269852492661375,0.1996262487056767,0.44456471123387536,True
PAERDEGAT 15 ST,1,0,0.0,0,0.0,,1,473.5323037338258,2.0,25.0,0.0,0.0,1.0,2.2269852492661375,0.1996262487056767,0.44456471123387536,True
BOULDER ST,1,0,0.0,0,0.0,,1,1133.2917359183011,2.0,25.0,0.0,0.0,3.0,2.2269852492661375,0.1996262487056767,0.44456471123387536,True
HEINZ AVE,1,0,0.0,1,0.0,,1,851.3873258962789,2.0,25.0,0.0,0.0,2.0,2.2269852492661375,0.1996262487056767,0.44456471123387536,True
BELWOOD LOOP,1,0,0.0,0,0.0,,1,1268.2418374944925,2.0,25.0,0.0,0.0,3.0,2.2269852492661375,0.1996262487056767,0.44456471123387536,True
CARDIFF ST,1,0,0.0,0,0.0,,1,524.7827701726632,2.0,25.0,0.0,0.0,3.0,2.2269852492661375,0.1996262487056767,0.44456471123387536,True
DEVON LOOP,3,0,0.0,0,0.0,,1,1094.8453979663245,2.0,25.0,0.0,0.0,2.0,2.2269852492661375,0.1996262487056767,0.44456471123387536,True
CHURCHILL AVE,1,0,0.0,0,0.0,,1,1404.629279815795,2.0,25.0,0.0,0.0,4.0,2.2269852492661375,0.1996262487056767,0.44456471123387536,True
GLADWIN ST,1,0,0.0,0,0.0,,1,636.341149455384,2.0,25.0,0.0,0.0,4.0,2.2269852492661375,0.1996262487056767,0.44456471123387536,True
DESERRE AVE,1,0,0.0,0,0.0,,1,948.0640445514167,2.0,25.0,0.0,0.0,2.0,2.2269852492661375,0.1996262487056767,0.44456471123387536,True
EVERTON AVE,1,0,0.0,0,0.0,,1,888.1251103928178,2.0,25.0,0.0,0.0,2.0,2.2269852492661375,0.1996262487056767,0.44456471123387536,True
MOFFETT ST,1,0,0.0,0,0.0,,1,1127.6158927209653,2.0,25.0,0.0,0.0,2.0,2.2269852492661375,0.1996262487056767,0.44456471123387536,True
LISA PL,1,0,0.0,0,0.0,,1,278.21848924425007,2.0,25.0,0.0,0.0,1.0,2.2269852492661375,0.1996262487056767,0.44456471123387536,True
GOLLER PL,1,0,0.0,0,0.0,,1,1019.6484872660646,2.0,25.0,0.0,0.0,1.0,2.2269852492661375,0.1996262487056767,0.44456471123387536,True
ASHLAND AVE,1,0,0.0,0,0.0,,1,2456.758576985122,2.0,25.0,0.0,0.0,5.0,2.197527128020239,0.20176234416704025,0.44337822472002697,True
SOMMER AVE,1,0,0.0,0,0.0,,1,2063.734531055142,2.0,25.0,0.0,0.0,4.0,2.1901724828054387,0.20230280172051365,0.44307802952271375,True
38 DR,1,0,0.0,0,0.0,,1,1009.1905109340834,2.0,25.0,0.0,0.0,2.0,2.1901724828054387,0.20230280172051365,0.44307802952271375,True
HOOPER AVE,1,0,0.0,0,0.0,,1,1742.51064223865,2.0,25.0,0.0,0.0,4.0,2.15345901891034,0.20504458686404484,0.44155511486112203,True
ODONNELL RD,2,0,0.0,1,1.0,,1,413.88042470987546,2.0,25.0,0.0,0.0,4.0,2.15345901891034,0.20504458686404484,0.44155511486112203,True
WILBUR ST,1,0,0.0,0,0.0,,1,845.8980842685103,2.0,25.0,0.0,0.0,3.0,2.15345901891034,0.20504458686404484,0.44155511486112203,True
WINFIELD ST,1,0,0.0,0,0.0,,1,1294.5444542901196,2.0,25.0,0.0,0.0,2.0,2.15345901891034,0.20504458686404484,0.44155511486112203,True
VALDEMAR AVE,1,0,0.0,0,0.0,,1,1027.540556713404,2.0,25.0,0.0,0.0,3.0,2.15345901891034,0.20504458686404484,0.44155511486112203,True
DEBBIE ST,1,0,0.0,0,0.0,,1,701.3797617679278,2.0,25.0,0.0,0.0,5.0,2.15345901891034,0.20504458686404484,0.44155511486112203,True
GUINZBURG RD,1,0,0.0,0,0.0,,1,350.8130456407509,2.0,25.0,0.0,0.0,1.0,2.15345901891034,0.20504458686404484,0.44155511486112203,True
DUER AVE,1,0,0.0,0,0.0,,1,532.4679109544804,2.0,25.0,0.0,0.0,2.0,2.15345901891034,0.20504458686404484,0.44155511486112203,True
ISLINGTON ST,1,0,0.0,0,0.0,,1,1213.4312324480131,2.0,25.0,0.0,0.0,2.0,2.15345901891034,0.20504458686404484,0.44155511486112203,True
KANSAS AVE,1,0,0.0,0,0.0,,1,346.9448626603079,2.0,25.0,0.0,0.0,1.0,2.15345901891034,0.20504458686404484,0.44155511486112203,True
BAY SHORE AVE,1,0,0.0,0,0.0,,1,994.413446511854,2.0,25.0,0.0,0.0,2.0,2.15345901891034,0.20504458686404484,0.44155511486112203,True
SUMMIT RD,1,0,0.0,1,0.0,,1,883.0297956240382,2.0,25.0,0.0,0.0,4.0,2.116846002642337,0.2078538980059287,0.4399946931274782,True
WIELAND AVE,1,0,0.0,0,0.0,,1,1823.6879071352278,2.0,25.0,0.0,0.0,4.0,2.116846002642337,0.2078538980059287,0.4399946931274782,True
ANCHORAGE PL,1,0,0.0,0,0.0,,1,467.7907249338954,1.3333333333333333,25.0,1.0,0.75,3.0,2.08951898030234,0.21000138476582877,0.43880187935797393,True
TWOMBLY AVE,1,0,0.0,0,0.0,,1,1722.1318942366595,2.0,25.0,0.0,0.0,4.0,2.080334609032102,0.2107331339837159,0.43839543189612323,True
HOLCOMB AVE,1,0,0.0,0,0.0,,1,1331.1185646710558,2.0,25.0,0.0,0.0,2.0,2.080334609032102,0.2107331339837159,0.43839543189612323,True
RADIO DR,1,0,0.0,0,0.0,,1,950.9787628935987,2.0,25.0,0.0,0.0,1.0,2.080334609032102,0.2107331339837159,0.43839543189612323,True
LOCKE ST,4,0,0.0,1,0.0,,1,568.6995525379294,2.0,25.0,0.0,0.0,3.0,2.080334609032102,0.2107331339837159,0.43839543189612323,True
PEARSON PL,7,0,0.0,0,0.0,,1,690.3956464003863,2.0,25.0,0.0,0.0,2.0,2.080334609032102,0.2107331339837159,0.43839543189612323,True
GALLOWAY AVE,1,0,0.0,0,0.0,,1,1296.0048404718418,2.0,25.0,0.0,0.0,3.0,2.080334609032102,0.2107331339837159,0.43839543189612323,True
CONNECTICUT ST,2,0,0.0,0,0.0,,1,2520.319804662686,2.0,25.0,0.0,0.0,4.0,2.080334609032102,0.2107331339837159,0.43839543189612323,True
INDIANA PL,1,0,0.0,0,0.0,,1,805.6992489415072,2.0,25.0,0.0,0.0,3.0,2.080334609032102,0.2107331339837159,0.43839543189612323,True
INDUSTRY RD,1,0,0.0,0,0.0,,1,1046.5327350552586,2.0,25.0,0.0,0.0,3.0,2.080334609032102,0.2107331339837159,0.43839543189612323,True
ALECIA AVE,1,0,0.0,0,0.0,,1,531.920556478522,2.0,25.0,0.0,0.0,2.0,2.080334609032102,0.2107331339837159,0.43839543189612323,True
DANA ST,1,0,0.0,0,0.0,,1,340.4068642989861,2.0,25.0,0.0,0.0,1.0,2.080334609032102,0.2107331339837159,0.43839543189612323,True
HECKER ST,1,0,0.0,0,0.0,,1,1534.6586942456615,2.0,25.0,0.0,0.0,4.0,2.080334609032102,0.2107331339837159,0.43839543189612323,True
STURGES ST,1,0,0.0,0,0.0,,1,1017.7028969825599,2.0,25.0,0.0,0.0,2.0,2.080334609032102,0.2107331339837159,0.43839543189612323,True
ZEBRA PL,1,0,0.0,0,0.0,,1,318.37129699879824,2.0,25.0,0.0,0.0,1.0,2.080334609032102,0.2107331339837159,0.43839543189612323,True
RENE DR,1,0,0.0,0,0.0,,1,607.970955981807,2.0,25.0,0.0,0.0,2.0,2.080334609032102,0.2107331339837159,0.43839543189612323,True
NADAL PL,2,0,0.0,0,0.0,,1,1009.257775434272,2.0,25.0,0.0,0.0,2.0,2.080334609032102,0.2107331339837159,0.43839543189612323,True
ORINOCO PL,1,0,0.0,0,0.0,,1,324.21748035640866,2.0,25.0,0.0,0.0,2.0,2.080334609032102,0.2107331339837159,0.43839543189612323,True
GRIDLEY AVE,2,0,0.0,0,0.0,,1,757.5927474997677,2.0,25.0,0.0,0.0,2.0,2.080334609032102,0.2107331339837159,0.43839543189612323,True
PEARE PL,1,0,0.0,0,0.0,,1,1154.6437012927145,2.0,25.0,0.0,0.0,2.0,2.080334609032102,0.2107331339837159,0.43839543189612323,True
BRENTON PL,1,0,0.0,0,0.0,,1,517.032139576855,2.0,25.0,0.0,0.0,1.0,2.080334609032102,0.2107331339837159,0.43839543189612323,True
CRANE ST,1,0,0.0,1,0.0,,1,1007.1574385786462,1.5,25.0,0.0,0.0,2.0,2.0678035971151867,0.21173978581852873,0.4378362907679529,True
RIDGE AVE,1,0,0.0,0,0.0,,1,2516.029056947685,2.0,25.0,0.0,0.0,7.0,2.0491209256107865,0.21325860425656254,0.43699266854867186,True
REYNOLDS AVE,1,0,0.0,0,0.0,,1,1193.372301669683,2.0,25.0,0.0,0.0,4.0,2.0439260443155867,0.2136848044883725,0.4367559371682687,True
PARKWOOD AVE,1,0,0.0,0,0.0,,1,2202.524674054496,2.0,25.0,0.0,0.0,8.0,2.0439260443155867,0.2136848044883725,0.4367559371682687,True
KELL AVE,1,0,0.0,1,0.0,,1,3181.205228875958,1.8,25.0,0.0,0.0,5.0,2.0425202580402186,0.21380043151752215,0.43669171255227945,True
E 4 WALK,2,0,0.0,0,0.0,,1,557.7741224295694,1.5,25.0,1.0,0.75,2.0,2.038803557767651,0.214106736668503,0.4365215764617655,True
GRANTWOOD AVE,2,0,0.0,1,0.0,,1,2943.288047859751,1.8333333333333333,25.0,0.0,0.0,12.0,2.0387319130765977,0.21411264975897162,0.43651829205700776,True
MAYBURY AVE,1,0,0.0,0,0.0,,1,1974.818264191578,2.0,25.0,0.0,0.0,3.0,2.031812920083864,0.21468524173584025,0.43620024791020784,True
ALLISON AVE,3,0,0.0,1,1.0,,1,1953.5245873434883,1.8333333333333333,25.0,0.0,0.0,6.0,2.0272219331438133,0.2150668691914431,0.4359882743174649,True
W CEDARVIEW AVE,2,0,0.0,1,0.0,,1,3211.8764946683746,2.0,25.0,0.0,0.0,6.0,2.0197114053491534,0.2156941184036489,0.4356398710065804,True
BOYCE AVE,1,0,0.0,0,0.0,,1,1222.5428173879018,1.8,25.0,0.0,0.0,5.0,2.0151989590378903,0.2160727424441507,0.43542956564991464,True
TARRYTOWN AVE,1,0,0.0,0,0.0,,1,1501.4911369830495,2.0,25.0,0.0,0.0,4.0,2.007621547240276,0.21671153633783166,0.43507474988737493,True
BULOVA AVE,11,1,0.0,0,0.0,0.0,1,283.15177565397215,2.0,25.0,0.0,0.0,1.0,2.007621547240276,0.21671153633783166,0.43507474988737493,True
RETFORD AVE,1,0,0.0,0,0.0,,1,4977.795585500719,2.0,25.0,0.0,0.0,8.0,2.007621547240276,0.21671153633783166,0.43507474988737493,True
HALES AVE,1,0,0.0,0,0.0,,1,2460.208958709137,2.0,25.0,0.0,0.0,8.0,2.007621547240276,0.21671153633783166,0.43507474988737493,True
NASSAU PL,1,0,0.0,0,0.0,,1,436.41311556147764,2.0,25.0,0.0,0.0,2.0,2.007621547240276,0.21671153633783166,0.43507474988737493,True
FAYETTE AVE,1,0,0.0,0,0.0,,1,1313.4778145564653,2.0,25.0,0.0,0.0,4.0,2.007621547240276,0.21671153633783166,0.43507474988737493,True
TUCKERTON ST,3,0,0.0,3,0.0,,1,968.9825913377679,2.0,25.0,0.0,0.0,2.0,1.9714223904467318,0.21981608016769413,0.43335034222282603,True
CEDARVIEW AVE,2,0,0.0,0,0.0,,1,1226.6117954061533,2.0,25.0,0.0,0.0,2.0,1.9714223904467318,0.21981608016769413,0.43335034222282603,True
APEX PL,1,0,0.0,0,0.0,,1,884.0984789961271,1.25,25.0,1.0,0.75,4.0,1.9689566491521666,0.22003078819076263,0.4332310834263941,True
CODY PL,2,0,0.0,0,0.0,,1,1670.1147231679356,1.6666666666666667,25.0,0.0,0.0,9.0,1.9622055021390725,0.22062080629565095,0.4329033599996848,True
UPTON ST,1,0,0.0,0,0.0,,1,1481.2848657540203,2.0,25.0,0.0,0.0,3.0,1.9593796388260336,0.2208687137991226,0.4327656606716954,True
MATHEWS AVE,2,0,0.0,0,0.0,,1,1656.1486929562911,2.0,25.0,0.0,0.0,7.0,1.9559410359819434,0.2211711282252767,0.432597685670243,True
MALBA DR,4,0,0.0,4,1.0,,1,3673.3592716930048,1.7647058823529411,25.0,0.0,0.0,17.0,1.9544750378368623,0.2213003101431084,0.43252593204026113,True
STUYVESANT OVAL,2,0,0.0,1,0.0,,1,3914.7124660895524,1.4516129032258065,25.0,1.0,0.75,31.0,1.9409258879592897,0.22250142549594076,0.43185877685291657,True
WOLF PL,1,0,0.0,2,0.0,,1,390.23971279677784,2.0,25.0,0.0,0.0,2.0,1.9353298819309606,0.22300131757061326,0.4315811136043836,True
OSBORNE ST,1,0,0.0,0,0.0,,1,675.3008085467947,2.0,25.0,0.0,0.0,1.0,1.9353298819309606,0.22300131757061326,0.4315811136043836,True
W 15 PL,3,0,0.0,0,0.0,,1,270.49033457855074,2.0,25.0,0.0,0.0,1.0,1.9353298819309606,0.22300131757061326,0.4315811136043836,True
FOOTE AVE,1,0,0.0,0,0.0,,1,865.7075980065063,2.0,25.0,0.0,0.0,1.0,1.9353298819309606,0.22300131757061326,0.4315811136043836,True
WENTWORTH AVE,2,0,0.0,0,0.0,,1,886.4494505240812,2.0,25.0,0.0,0.0,2.0,1.9353298819309606,0.22300131757061326,0.4315811136043836,True
GILBERT ST,2,1,0.0,0,0.0,0.0,1,704.6328462925437,2.0,25.0,0.0,0.0,3.0,1.9353298819309606,0.22300131757061326,0.4315811136043836,True
TITUS AVE,1,0,0.0,0,0.0,,1,2666.927528766908,2.0,25.0,0.0,0.0,3.0,1.9353298819309606,0.22300131757061326,0.4315811136043836,True
MARTHA ST,2,0,0.0,0,0.0,,1,579.7396081985318,2.0,25.0,0.0,0.0,1.0,1.9353298819309606,0.22300131757061326,0.4315811136043836,True
HATTIE JONES PL,1,0,0.0,0,0.0,,1,289.18749462933806,2.0,25.0,0.0,0.0,1.0,1.9353298819309606,0.22300131757061326,0.4315811136043836,True
EFFINGHAM AVE,2,0,0.0,0,0.0,,1,652.733191277749,2.0,25.0,0.0,0.0,1.0,1.9353298819309606,0.22300131757061326,0.4315811136043836,True
VERONA PL,2,0,0.0,0,0.0,,1,373.54085272504904,2.0,25.0,0.0,0.0,1.0,1.9353298819309606,0.22300131757061326,0.4315811136043836,True
RANKIN ST,1,0,0.0,0,0.0,,1,650.3503321007751,2.0,25.0,0.0,0.0,1.0,1.9353298819309606,0.22300131757061326,0.4315811136043836,True
MARINE WAY,1,0,0.0,0,0.0,,1,1488.8399281229304,2.0,25.0,0.0,0.0,4.0,1.9353298819309606,0.22300131757061326,0.4315811136043836,True
SLAIGHT ST,1,0,0.0,0,0.0,,1,465.23333282570536,2.0,25.0,0.0,0.0,1.0,1.9353298819309606,0.22300131757061326,0.4315811136043836,True
CUBA AVE,1,0,0.0,0,0.0,,1,2792.071681564583,2.0,25.0,0.0,0.0,6.0,1.9353298819309606,0.22300131757061326,0.4315811136043836,True
KEMBALL AVE,1,0,0.0,2,0.0,,1,1670.0358226421088,2.0,25.0,0.0,0.0,2.0,1.9353298819309606,0.22300131757061326,0.4315811136043836,True
CHERRY PL,1,0,0.0,0,0.0,,1,450.23091053497427,2.0,25.0,0.0,0.0,1.0,1.9353298819309606,0.22300131757061326,0.4315811136043836,True
GOVERNOR RD,1,0,0.0,0,0.0,,1,1213.3757131365514,2.0,25.0,0.0,0.0,2.0,1.9353298819309606,0.22300131757061326,0.4315811136043836,True
MAY AVE,1,0,0.0,1,0.0,,1,503.21839152224936,2.0,25.0,0.0,0.0,2.0,1.9353298819309606,0.22300131757061326,0.4315811136043836,True
DALEMERE RD,1,0,0.0,1,0.0,,1,1323.0396288278705,2.0,25.0,0.0,0.0,5.0,1.906533564370185,0.22560963155970376,0.4301323350137662,True
EGAN ST,24,5,0.0,0,0.0,0.0,1,2531.3333500410417,2.0,25.0,0.0,0.0,9.0,1.9033382704052815,0.22590282075418644,0.42996948413394753,True
CULLMAN AVE,1,0,0.0,1,0.0,,1,2056.925400002966,1.7777777777777777,25.0,0.0,0.0,9.0,1.902066707524745,0.22601970706568017,0.42990456005412564,True
DUNBAR ST,1,0,0.0,0,0.0,,1,2119.3206114047935,2.0,25.0,0.0,0.0,6.0,1.8873747646032237,0.22737906512935416,0.4291495095242159,True
E 57 PL,2,0,0.0,0,0.0,,1,504.60271949496837,2.0,25.0,0.0,0.0,3.0,1.8873747646032237,0.22737906512935416,0.4291495095242159,True
FIGUREA AVE,1,0,0.0,1,0.0,,1,2054.681105039494,2.0,25.0,0.0,0.0,4.0,1.863470227883208,0.22962610050476365,0.42790140183554437,True
LANDIS AVE,2,0,0.0,0,0.0,,1,1017.4080508594982,2.0,25.0,0.0,0.0,4.0,1.863470227883208,0.22962610050476365,0.42790140183554437,True
GRANADA PL,1,0,0.0,0,0.0,,1,905.1892427313927,2.0,25.0,0.0,0.0,2.0,1.863470227883208,0.22962610050476365,0.42790140183554437,True
HOLLY ST,2,0,0.0,0,0.0,,1,1658.9429511149187,2.0,25.0,0.0,0.0,5.0,1.849151115376728,0.23099349856596554,0.4271418855180278,True
STANWICH ST,1,0,0.0,0,0.0,,1,909.9465425771762,2.0,25.0,0.0,0.0,3.0,1.8396149349035162,0.2319132226945584,0.42663102807051473,True
HALLISTER ST,1,0,0.0,0,0.0,,1,1254.4269916194266,2.0,25.0,0.0,0.0,3.0,1.8396149349035162,0.2319132226945584,0.42663102807051473,True
SAYBROOK ST,1,0,0.0,0,0.0,,1,1362.2053321503115,1.6666666666666667,25.0,0.0,0.0,3.0,1.8329910435995436,0.23255639130225556,0.4262737823888652,True
COVENTRY RD,2,0,0.0,1,1.0,,1,1984.1939333352195,1.4444444444444444,25.0,1.0,0.75,9.0,1.8293071371257401,0.23291563848881228,0.426074239835783,True
BAY 48 ST,1,0,0.0,2,2.0,,1,476.41653893389275,1.5,25.0,0.0,0.0,2.0,1.8237975028630091,0.23345500311036524,0.42577465170356016,True
RUNWAY DR,1,0,0.0,0,0.0,,1,3979.5210435846084,2.0869565217391304,25.0,0.0,0.0,23.0,1.8076020960510988,0.23505501206875673,0.424885932502801,True
QUEENS MIDTOWN EXPY,68,32,0.0,14,0.0,0.0,1,9414.378866830095,1.95,25.0,0.0,0.0,40.0,1.7993696419285403,0.23587676611512723,0.4244294921838385,True
EFFINGTON AVE,1,0,0.0,0,0.0,,1,1122.497127190399,1.75,25.0,0.0,0.0,4.0,1.796874909675488,0.2361269230031854,0.4242905434432997,True
NIELSEN AVE,1,0,0.0,0,0.0,,1,66.60720401388015,2.0,25.0,0.0,0.0,1.0,1.792053817443538,0.23661185998865475,0.42402118694508467,True
BURTON ST,1,0,0.0,0,0.0,,1,1257.6635215076822,2.0,25.0,0.0,0.0,3.0,1.792053817443538,0.23661185998865475,0.42402118694508467,True
AMELIA RD,1,0,0.0,0,0.0,,1,515.0397816085888,2.0,25.0,0.0,0.0,1.0,1.792053817443538,0.23661185998865475,0.42402118694508467,True
ARCADIA PL,1,0,0.0,0,0.0,,1,404.69355725207674,2.0,25.0,0.0,0.0,1.0,1.792053817443538,0.23661185998865475,0.42402118694508467,True
ARCADE AVE,1,0,0.0,0,0.0,,1,485.41571968369686,2.0,25.0,0.0,0.0,1.0,1.792053817443538,0.23661185998865475,0.42402118694508467,True
STELL PL,1,0,0.0,0,0.0,,1,419.9957301808271,2.0,25.0,0.0,0.0,1.0,1.792053817443538,0.23661185998865475,0.42402118694508467,True
HARTFORD ST,1,0,0.0,0,0.0,,1,677.9532358109382,2.0,25.0,0.0,0.0,1.0,1.792053817443538,0.23661185998865475,0.42402118694508467,True
BACHE ST,1,0,0.0,0,0.0,,1,631.5535559130572,2.0,25.0,0.0,0.0,2.0,1.792053817443538,0.23661185998865475,0.42402118694508467,True
CORNELL ST,1,0,0.0,0,0.0,,1,549.0704960070012,2.0,25.0,0.0,0.0,2.0,1.792053817443538,0.23661185998865475,0.42402118694508467,True
WINTERS ST,1,0,0.0,0,0.0,,1,1023.4445337726997,2.0,25.0,0.0,0.0,1.0,1.792053817443538,0.23661185998865475,0.42402118694508467,True
109 DR,1,0,0.0,1,0.0,,1,987.9955391936671,2.0,25.0,0.0,0.0,3.0,1.792053817443538,0.23661185998865475,0.42402118694508467,True
128 DR,1,0,0.0,0,0.0,,1,843.1267513016967,2.0,25.0,0.0,0.0,2.0,1.792053817443538,0.23661185998865475,0.42402118694508467,True
MERRIMAN AVE,3,0,0.0,0,0.0,,1,577.0316599334043,2.0,25.0,0.0,0.0,1.0,1.792053817443538,0.23661185998865475,0.42402118694508467,True
FLORIDA AVE,1,0,0.0,0,0.0,,1,512.8939714751345,2.0,25.0,0.0,0.0,1.0,1.792053817443538,0.23661185998865475,0.42402118694508467,True
FLORENCE ST,1,0,0.0,0,0.0,,1,575.6364496321944,2.0,25.0,0.0,0.0,2.0,1.792053817443538,0.23661185998865475,0.42402118694508467,True
103 DR,1,0,0.0,0,0.0,,1,227.08162731899867,2.0,25.0,0.0,0.0,1.0,1.792053817443538,0.23661185998865475,0.42402118694508467,True
DALE AVE,1,0,0.0,0,0.0,,1,1151.9091267970184,2.0,25.0,0.0,0.0,1.0,1.792053817443538,0.23661185998865475,0.42402118694508467,True
SOHO DR,1,0,0.0,0,0.0,,1,228.19517378173546,2.0,25.0,0.0,0.0,1.0,1.792053817443538,0.23661185998865475,0.42402118694508467,True
LOVINGHAM PL,2,0,0.0,0,0.0,,1,610.9708970562876,2.0,25.0,0.0,0.0,2.0,1.792053817443538,0.23661185998865475,0.42402118694508467,True
WILLIAM PL,3,0,0.0,0,0.0,,1,364.0721102355616,2.0,25.0,0.0,0.0,1.0,1.792053817443538,0.23661185998865475,0.42402118694508467,True
LOCKWOOD PL,1,0,0.0,0,0.0,,1,329.01387270634365,2.0,25.0,0.0,0.0,1.0,1.792053817443538,0.23661185998865475,0.42402118694508467,True
BROOKS PL,1,0,0.0,0,0.0,,1,514.3509255730759,2.0,25.0,0.0,0.0,1.0,1.792053817443538,0.23661185998865475,0.42402118694508467,True
CLYDE PL,1,0,0.0,0,0.0,,1,426.97179295054605,2.0,25.0,0.0,0.0,1.0,1.792053817443538,0.23661185998865475,0.42402118694508467,True
BARRON ST,1,0,0.0,4,0.0,,1,737.9852671827537,2.0,25.0,0.0,0.0,3.0,1.792053817443538,0.23661185998865475,0.42402118694508467,True
HADDON ST,2,0,0.0,0,0.0,,1,807.3827780125238,2.0,25.0,0.0,0.0,3.0,1.792053817443538,0.23661185998865475,0.42402118694508467,True
78 DR,3,0,0.0,2,0.0,,1,1159.820326642837,2.0,25.0,0.0,0.0,2.0,1.792053817443538,0.23661185998865475,0.42402118694508467,True
131 RD,1,0,0.0,0,0.0,,1,743.1529781996128,2.0,25.0,0.0,0.0,2.0,1.792053817443538,0.23661185998865475,0.42402118694508467,True
SABRE ST,1,0,0.0,1,0.0,,1,778.3912748219557,2.0,25.0,0.0,0.0,1.0,1.792053817443538,0.23661185998865475,0.42402118694508467,True
NAUTILUS ST,1,0,0.0,0,0.0,,1,742.4165275972191,2.0,25.0,0.0,0.0,1.0,1.792053817443538,0.23661185998865475,0.42402118694508467,True
ETON ST,1,0,0.0,3,3.0,,1,1050.178372812236,2.0,25.0,0.0,0.0,2.0,1.792053817443538,0.23661185998865475,0.42402118694508467,True
EVA AVE,1,0,0.0,0,0.0,,1,887.0396225726314,2.0,25.0,0.0,0.0,1.0,1.792053817443538,0.23661185998865475,0.42402118694508467,True
MILTON PL,1,0,0.0,0,0.0,,1,941.0872141686275,2.0,25.0,0.0,0.0,2.0,1.792053817443538,0.23661185998865475,0.42402118694508467,True
ANCHOR DR,1,0,0.0,0,0.0,,1,238.6291673937625,2.0,25.0,0.0,0.0,1.0,1.792053817443538,0.23661185998865475,0.42402118694508467,True
ALAN LOOP,1,0,0.0,0,0.0,,1,882.1446381510726,2.0,25.0,0.0,0.0,1.0,1.792053817443538,0.23661185998865475,0.42402118694508467,True
SEBA AVE,1,0,0.0,0,0.0,,1,1629.7371138147676,2.0,25.0,0.0,0.0,13.0,1.792053817443538,0.23661185998865475,0.42402118694508467,True
MILLENNIUM LOOP,1,0,0.0,0,0.0,,1,1034.3876016194724,2.0,25.0,0.0,0.0,5.0,1.792053817443538,0.23661185998865475,0.42402118694508467,True
KRAMER AVE,1,0,0.0,0,0.0,,1,1600.6698200818914,2.0,25.0,0.0,0.0,2.0,1.792053817443538,0.23661185998865475,0.42402118694508467,True
PLUNKETT AVE,2,0,0.0,0,0.0,,1,458.6348982526976,2.0,25.0,0.0,0.0,1.0,1.792053817443538,0.23661185998865475,0.42402118694508467,True
JOAN PL,1,0,0.0,0,0.0,,1,433.97163679840935,2.0,25.0,0.0,0.0,1.0,1.792053817443538,0.23661185998865475,0.42402118694508467,True
CURTIS AVE,1,0,0.0,0,0.0,,1,710.5818749449339,2.0,25.0,0.0,0.0,1.0,1.792053817443538,0.23661185998865475,0.42402118694508467,True
STEWART RD,1,0,0.0,0,0.0,,1,2435.3978540554303,2.0,25.0,0.0,0.0,3.0,1.792053817443538,0.23661185998865475,0.42402118694508467,True
FANCHER PL,1,0,0.0,0,0.0,,1,337.0030217539892,2.0,25.0,0.0,0.0,1.0,1.792053817443538,0.23661185998865475,0.42402118694508467,True
70 DR,4,0,0.0,0,0.0,,1,1114.163991135042,2.0,25.0,0.0,0.0,3.0,1.792053817443538,0.23661185998865475,0.42402118694508467,True
141 PL,1,0,0.0,0,0.0,,1,546.2119754324393,2.0,25.0,0.0,0.0,2.0,1.792053817443538,0.23661185998865475,0.42402118694508467,True
FAIRBURY AVE,1,0,0.0,0,0.0,,1,2239.59295211149,2.0,25.0,0.0,0.0,4.0,1.792053817443538,0.23661185998865475,0.42402118694508467,True
JONES PL,1,0,0.0,0,0.0,,1,254.77532954375843,2.0,25.0,0.0,0.0,1.0,1.792053817443538,0.23661185998865475,0.42402118694508467,True
TIERNEY PL,1,0,0.0,0,0.0,,1,1543.0610385750713,2.0,25.0,0.0,0.0,2.0,1.792053817443538,0.23661185998865475,0.42402118694508467,True
ARION RD,1,0,0.0,0,0.0,,1,416.9534261071385,2.0,25.0,0.0,0.0,2.0,1.792053817443538,0.23661185998865475,0.42402118694508467,True
WINANT ST,2,0,0.0,0,0.0,,1,1116.0613984358401,2.0,25.0,0.0,0.0,2.0,1.792053817443538,0.23661185998865475,0.42402118694508467,True
GURDON ST,1,0,0.0,0,0.0,,1,522.1757454255523,2.0,25.0,0.0,0.0,1.0,1.792053817443538,0.23661185998865475,0.42402118694508467,True
POLHEMUS PL,2,0,0.0,0,0.0,,1,404.60812168515844,2.0,25.0,0.0,0.0,1.0,1.792053817443538,0.23661185998865475,0.42402118694508467,True
POLAR ST,1,0,0.0,0,0.0,,1,634.562753410734,2.0,25.0,0.0,0.0,1.0,1.792053817443538,0.23661185998865475,0.42402118694508467,True
ERASTINA PL,2,0,0.0,0,0.0,,1,693.009436358954,2.0,25.0,0.0,0.0,1.0,1.792053817443538,0.23661185998865475,0.42402118694508467,True
RADNOR RD,1,0,0.0,1,0.0,,1,3234.4719909534633,2.0,25.0,0.0,0.0,7.0,1.792053817443538,0.23661185998865475,0.42402118694508467,True
RANDOLPH PL,1,0,0.0,0,0.0,,1,831.5480167648598,2.0,25.0,0.0,0.0,1.0,1.792053817443538,0.23661185998865475,0.42402118694508467,True
HUNTON ST,1,0,0.0,0,0.0,,1,939.731661578016,2.0,25.0,0.0,0.0,1.0,1.792053817443538,0.23661185998865475,0.42402118694508467,True
HURST ST,2,0,0.0,0,0.0,,1,553.0809989946747,2.0,25.0,0.0,0.0,2.0,1.792053817443538,0.23661185998865475,0.42402118694508467,True
DEKAY ST,1,0,0.0,0,0.0,,1,889.5012349507698,2.0,25.0,0.0,0.0,3.0,1.792053817443538,0.23661185998865475,0.42402118694508467,True
FILLAT ST,2,0,0.0,0,0.0,,1,545.628539013189,2.0,25.0,0.0,0.0,1.0,1.792053817443538,0.23661185998865475,0.42402118694508467,True
BERWICK PL,1,0,0.0,0,0.0,,1,139.60036587702703,2.0,25.0,0.0,0.0,1.0,1.792053817443538,0.23661185998865475,0.42402118694508467,True
MONTELL ST,1,0,0.0,0,0.0,,1,684.9148373169229,2.0,25.0,0.0,0.0,1.0,1.792053817443538,0.23661185998865475,0.42402118694508467,True
PHLOX PL,1,0,0.0,0,0.0,,1,236.7760806742799,2.0,25.0,0.0,0.0,1.0,1.792053817443538,0.23661185998865475,0.42402118694508467,True
PHROANE AVE,1,0,0.0,0,0.0,,1,611.845401606936,2.0,25.0,0.0,0.0,1.0,1.792053817443538,0.23661185998865475,0.42402118694508467,True
PIEDMONT AVE,1,0,0.0,2,0.0,,1,1038.387094411408,2.0,25.0,0.0,0.0,3.0,1.792053817443538,0.23661185998865475,0.42402118694508467,True
EARLEY ST,1,0,0.0,0,0.0,,1,947.641302863348,2.0,25.0,0.0,0.0,1.0,1.792053817443538,0.23661185998865475,0.42402118694508467,True
BAY 27 ST,1,0,0.0,1,1.0,,1,745.4504786742264,2.0,25.0,0.0,0.0,2.0,1.792053817443538,0.23661185998865475,0.42402118694508467,True
ELWOOD PL,1,0,0.0,0,0.0,,1,1104.847836194511,2.0,25.0,0.0,0.0,3.0,1.792053817443538,0.23661185998865475,0.42402118694508467,True
ROCKAWAY ST,2,0,0.0,0,0.0,,1,2186.8476314474474,2.0,25.0,0.0,0.0,3.0,1.792053817443538,0.23661185998865475,0.42402118694508467,True
SCHOOL ST,2,0,0.0,0,0.0,,1,368.2735155935999,2.0,25.0,0.0,0.0,2.0,1.792053817443538,0.23661185998865475,0.42402118694508467,True
BURDEN AVE,1,0,0.0,0,0.0,,1,773.5316226458838,2.0,25.0,0.0,0.0,2.0,1.792053817443538,0.23661185998865475,0.42402118694508467,True
SOMMER PL,1,0,0.0,0,0.0,,1,444.1137683236065,2.0,25.0,0.0,0.0,1.0,1.792053817443538,0.23661185998865475,0.42402118694508467,True
WHITEHALL PL,1,0,0.0,0,0.0,,1,351.64219432685167,2.0,25.0,0.0,0.0,1.0,1.792053817443538,0.23661185998865475,0.42402118694508467,True
LAURIE AVE,1,0,0.0,0,0.0,,1,249.14918219350136,2.0,25.0,0.0,0.0,1.0,1.792053817443538,0.23661185998865475,0.42402118694508467,True
TABB PL,1,0,0.0,0,0.0,,1,572.1236762933721,2.0,25.0,0.0,0.0,1.0,1.792053817443538,0.23661185998865475,0.42402118694508467,True
KENDRICK PL,1,0,0.0,0,0.0,,1,1092.9639802765644,2.0,25.0,0.0,0.0,2.0,1.792053817443538,0.23661185998865475,0.42402118694508467,True
BURCHELL RD,1,0,0.0,0,0.0,,1,335.18297273247805,2.0,25.0,0.0,0.0,1.0,1.792053817443538,0.23661185998865475,0.42402118694508467,True
VOGEL LOOP,1,0,0.0,0,0.0,,1,1064.3904413205028,2.0,25.0,0.0,0.0,3.0,1.792053817443538,0.23661185998865475,0.42402118694508467,True
EDMORE AVE,1,0,0.0,0,0.0,,1,1908.410027280455,2.0,25.0,0.0,0.0,4.0,1.792053817443538,0.23661185998865475,0.42402118694508467,True
JAFFE ST,1,0,0.0,0,0.0,,1,904.908946727136,2.0,25.0,0.0,0.0,1.0,1.792053817443538,0.23661185998865475,0.42402118694508467,True
EDGEWOOD RD,1,0,0.0,0,0.0,,1,365.6921957910111,2.0,25.0,0.0,0.0,1.0,1.792053817443538,0.23661185998865475,0.42402118694508467,True
EDGERTON RD,1,0,0.0,0,0.0,,1,790.1414714795877,2.0,25.0,0.0,0.0,2.0,1.792053817443538,0.23661185998865475,0.42402118694508467,True
ROE RD,1,0,0.0,0,0.0,,1,266.39644480602027,2.0,25.0,0.0,0.0,1.0,1.792053817443538,0.23661185998865475,0.42402118694508467,True
176 PL,1,0,0.0,0,0.0,,1,475.20782830397906,2.0,25.0,0.0,0.0,1.0,1.792053817443538,0.23661185998865475,0.42402118694508467,True
ROME DR,2,0,0.0,0,0.0,,1,478.02043743999025,2.0,25.0,0.0,0.0,1.0,1.792053817443538,0.23661185998865475,0.42402118694508467,True
139 RD,1,0,0.0,0,0.0,,1,367.2242073697996,2.0,25.0,0.0,0.0,1.0,1.792053817443538,0.23661185998865475,0.42402118694508467,True
TARLEE PL,1,0,0.0,0,0.0,,1,490.151424523249,2.0,25.0,0.0,0.0,1.0,1.792053817443538,0.23661185998865475,0.42402118694508467,True
N RANDALL AVE,1,0,0.0,0,0.0,,1,658.4159655911025,2.0,25.0,0.0,0.0,3.0,1.792053817443538,0.23661185998865475,0.42402118694508467,True
COALE AVE,1,0,0.0,0,0.0,,1,1683.4270875800994,2.0,25.0,0.0,0.0,2.0,1.792053817443538,0.23661185998865475,0.42402118694508467,True
OHIO PL,1,0,0.0,0,0.0,,1,615.7866750087466,2.0,25.0,0.0,0.0,3.0,1.792053817443538,0.23661185998865475,0.42402118694508467,True
32 RD,1,0,0.0,1,0.0,,1,1036.972803285371,2.0,25.0,0.0,0.0,3.0,1.792053817443538,0.23661185998865475,0.42402118694508467,True
RUMSON RD,1,0,0.0,0,0.0,,1,1007.5597778537298,2.0,25.0,0.0,0.0,3.0,1.792053817443538,0.23661185998865475,0.42402118694508467,True
MANILA AVE,1,0,0.0,0,0.0,,1,1095.878750180274,2.0,25.0,0.0,0.0,4.0,1.792053817443538,0.23661185998865475,0.42402118694508467,True
ROSITA RD,1,0,0.0,0,0.0,,1,404.11945728121304,2.0,25.0,0.0,0.0,1.0,1.792053817443538,0.23661185998865475,0.42402118694508467,True
CAMBRIA AVE,1,0,0.0,1,0.0,,1,1609.0524205344573,2.0,25.0,0.0,0.0,3.0,1.792053817443538,0.23661185998865475,0.42402118694508467,True
CAMBRIA ST,1,0,0.0,0,0.0,,1,418.95724284428076,2.0,25.0,0.0,0.0,1.0,1.792053817443538,0.23661185998865475,0.42402118694508467,True
CAMDEN AVE,1,0,0.0,0,0.0,,1,1670.3558951461546,2.0,25.0,0.0,0.0,4.0,1.792053817443538,0.23661185998865475,0.42402118694508467,True
WATERVIEW ST,2,0,0.0,0,0.0,,1,1267.4331063656118,2.0,25.0,0.0,0.0,2.0,1.792053817443538,0.23661185998865475,0.42402118694508467,True
KNAUTH PL,1,0,0.0,0,0.0,,1,308.8638076891862,2.0,25.0,0.0,0.0,1.0,1.792053817443538,0.23661185998865475,0.42402118694508467,True
KNEELAND ST,1,0,0.0,0,0.0,,1,501.79602127040175,2.0,25.0,0.0,0.0,1.0,1.792053817443538,0.23661185998865475,0.42402118694508467,True
DUNLOP AVE,1,0,0.0,0,0.0,,1,1211.3442794602968,2.0,25.0,0.0,0.0,2.0,1.792053817443538,0.23661185998865475,0.42402118694508467,True
DRIPROCK ST,3,0,0.0,0,0.0,,1,463.53335504799315,2.0,25.0,0.0,0.0,1.0,1.792053817443538,0.23661185998865475,0.42402118694508467,True
DISOSWAY PL,1,0,0.0,0,0.0,,1,485.0037407752224,2.0,25.0,0.0,0.0,1.0,1.792053817443538,0.23661185998865475,0.42402118694508467,True
SUFFOLK DR,1,0,0.0,0,0.0,,1,729.0203279258815,2.0,25.0,0.0,0.0,2.0,1.792053817443538,0.23661185998865475,0.42402118694508467,True
CARLISLE PL,3,0,0.0,0,0.0,,1,423.3299414277161,2.0,25.0,0.0,0.0,1.0,1.792053817443538,0.23661185998865475,0.42402118694508467,True
163 PL,1,0,0.0,1,1.0,,1,428.78171294201155,2.0,25.0,0.0,0.0,1.0,1.792053817443538,0.23661185998865475,0.42402118694508467,True
124 AVE,1,0,0.0,0,0.0,,1,357.35052416720146,2.0,25.0,0.0,0.0,1.0,1.792053817443538,0.23661185998865475,0.42402118694508467,True
CHOCTAW PL,1,0,0.0,0,0.0,,1,418.77534713382965,2.0,25.0,0.0,0.0,1.0,1.792053817443538,0.23661185998865475,0.42402118694508467,True
128 RD,1,0,0.0,0,0.0,,1,1014.3764272506007,2.0,25.0,0.0,0.0,2.0,1.792053817443538,0.23661185998865475,0.42402118694508467,True
ALVINE AVE,1,0,0.0,0,0.0,,1,555.3804002640436,2.0,25.0,0.0,0.0,2.0,1.792053817443538,0.23661185998865475,0.42402118694508467,True
CARMEL AVE,1,0,0.0,0,0.0,,1,780.5571770810737,2.0,25.0,0.0,0.0,3.0,1.792053817443538,0.23661185998865475,0.42402118694508467,True
MILDRED AVE,1,0,0.0,0,0.0,,1,840.1577388543731,2.0,25.0,0.0,0.0,2.0,1.792053817443538,0.23661185998865475,0.42402118694508467,True
SHARRETT PL,1,0,0.0,1,1.0,,1,248.01008883526475,2.0,25.0,0.0,0.0,1.0,1.792053817443538,0.23661185998865475,0.42402118694508467,True
130 DR,1,0,0.0,0,0.0,,1,400.9561894959548,2.0,25.0,0.0,0.0,1.0,1.792053817443538,0.23661185998865475,0.42402118694508467,True
SHEFFIELD ST,1,0,0.0,0,0.0,,1,913.5009291609645,2.0,25.0,0.0,0.0,2.0,1.792053817443538,0.23661185998865475,0.42402118694508467,True
SHERLOCK PL,2,0,0.0,0,0.0,,1,391.72569570211317,2.0,25.0,0.0,0.0,1.0,1.792053817443538,0.23661185998865475,0.42402118694508467,True
DRAKE AVE,1,0,0.0,1,1.0,,1,1364.569985373203,2.0,25.0,0.0,0.0,3.0,1.792053817443538,0.23661185998865475,0.42402118694508467,True
SMITH AVE,1,0,0.0,0,0.0,,1,749.669560323229,2.0,25.0,0.0,0.0,3.0,1.792053817443538,0.23661185998865475,0.42402118694508467,True
MANEE AVE,1,0,0.0,0,0.0,,1,1013.9137229884241,2.0,25.0,0.0,0.0,4.0,1.792053817443538,0.23661185998865475,0.42402118694508467,True
108 RD,1,0,0.0,0,0.0,,1,285.2288386799701,2.0,25.0,0.0,0.0,1.0,1.792053817443538,0.23661185998865475,0.42402118694508467,True
YATES RD,3,0,0.0,0,0.0,,1,512.2692939598749,2.0,25.0,0.0,0.0,1.0,1.792053817443538,0.23661185998865475,0.42402118694508467,True
SLOAN ST,2,1,0.0,1,0.0,0.0,1,1132.4434595233668,2.0,25.0,0.0,0.0,1.0,1.792053817443538,0.23661185998865475,0.42402118694508467,True
JAFFRAY ST,2,1,0.0,0,0.0,0.0,1,1065.6949833882252,1.6666666666666667,25.0,0.0,0.0,3.0,1.7902383917538758,0.23679498401808355,0.4239194713639186,True
HOPE AVE,1,0,0.0,0,0.0,,1,2084.915801959903,2.0,25.0,0.0,0.0,6.0,1.7683488833175365,0.23902552724135018,0.422680524181627,True
PALISADE PL,5,0,0.0,0,0.0,,1,496.95846828024867,1.0,25.0,1.0,0.75,3.0,1.7610757922269387,0.23977598603062597,0.42226368455588004,True
RIGA ST,1,0,0.0,0,0.0,,1,2398.909773359681,1.8333333333333333,25.0,0.0,0.0,6.0,1.7542324625415238,0.24048641645296312,0.4218690785420679,True
PLUMB 2 ST,4,0,0.0,0,0.0,,1,970.032112639881,1.6666666666666667,25.0,0.0,0.0,3.0,1.747649414163031,0.24117381022557652,0.42148726815219484,True
NASHVILLE ST,1,0,0.0,0,0.0,,1,1173.0269073665218,2.0,25.0,0.0,0.0,3.0,1.7446949741867135,0.2414835883796936,0.4213152029946245,True
RODERICK AVE,1,0,0.0,0,0.0,,1,1028.462299562622,2.0,25.0,0.0,0.0,3.0,1.7446949741867135,0.2414835883796936,0.4213152029946245,True
OLGA PL,4,3,0.0,0,0.0,0.0,1,710.7357674601691,1.6,25.0,0.0,0.0,5.0,1.7443615885570216,0.24151859441450355,0.4212957590189424,True
HITCHCOCK AVE,2,0,0.0,0,0.0,,1,1375.64360524085,2.0,25.0,0.0,0.0,4.0,1.7210925581930465,0.24398721174698548,0.41992457443200776,True
S DR,1,0,0.0,0,0.0,,1,1447.3635639030908,2.0,25.0,0.0,0.0,2.0,1.7210925581930465,0.24398721174698548,0.41992457443200776,True
GREGG PL,1,0,0.0,0,0.0,,1,1090.3294666210086,2.0,25.0,0.0,0.0,2.0,1.7210925581930465,0.24398721174698548,0.41992457443200776,True
TOMPKINS ST,4,0,0.0,0,0.0,,1,1999.5422484233782,2.0,25.0,0.0,0.0,4.0,1.7210925581930465,0.24398721174698548,0.41992457443200776,True
PARSIFAL PL,1,0,0.0,0,0.0,,1,1107.6830609782937,1.6666666666666667,25.0,0.0,0.0,3.0,1.705226805624552,0.24569955156595355,0.4189734614601959,True
W 219 ST,3,0,0.0,0,0.0,,1,555.6719113422951,1.6666666666666667,25.0,0.0,0.0,3.0,1.705226805624552,0.24569955156595355,0.4189734614601959,True
PRINCETON AVE,1,0,0.0,0,0.0,,1,1919.2653592701595,1.5,25.0,0.0,0.0,4.0,1.7036974386437997,0.24586588218045344,0.41888107372073674,True
WARWICK AVE,1,0,0.0,0,0.0,,1,3406.7717846892424,2.0,25.0,0.0,0.0,8.0,1.703424825658531,0.24589555462553866,0.418864592268216,True
ANNAPOLIS ST,1,0,0.0,0,0.0,,1,865.4087472993169,1.75,25.0,0.0,0.0,4.0,1.698480707958194,0.24643494055548826,0.4185649923003212,True
OCEAN AVE S,1,0,0.0,0,0.0,,1,1262.9183725604933,2.0,25.0,0.0,0.0,6.0,1.6975421131984043,0.2465376053242837,0.41850796752505875,True
100 DR,1,0,0.0,0,0.0,,1,1248.0235288115784,2.0,25.0,0.0,0.0,6.0,1.6975421131984043,0.2465376053242837,0.41850796752505875,True
BALSAM PL,1,0,0.0,0,0.0,,1,2097.8840712893348,1.6666666666666667,25.0,0.0,0.0,9.0,1.691123387261976,0.24724199355973522,0.4181167176221431,True
WATT AVE,1,0,0.0,0,0.0,,1,1081.1459254266224,2.0,25.0,0.0,0.0,4.0,1.6857865318930718,0.24783072967348085,0.41778970627278667,True
ARDSLEY ST,1,0,0.0,1,0.0,,1,3247.1784604295854,1.8888888888888888,25.0,0.0,0.0,9.0,1.676815726595244,0.24882668852869783,0.4172365045215369,True
DRURY AVE,1,0,0.0,0,0.0,,1,687.3434955879874,1.5,25.0,0.0,0.0,4.0,1.6738805148744622,0.2491543026667774,0.41705453243105295,True
MCINTOSH ST,1,0,0.0,1,1.0,,1,1353.4295989158657,1.5,25.0,0.0,0.0,4.0,1.6738805148744622,0.2491543026667774,0.41705453243105295,True
INGRAM AVE,1,0,0.0,0,0.0,,1,2291.3427353483594,1.75,25.0,0.0,0.0,4.0,1.665882903173454,0.2500513508315902,0.41655627026577335,True
WESER AVE,1,0,0.0,2,1.0,,1,1701.0482735656867,2.0,25.0,0.0,0.0,5.0,1.6646597324099122,0.2501891169944599,0.4164797485478698,True
E 59 PL,1,0,0.0,0,0.0,,1,685.0611703834346,1.6666666666666667,25.0,0.0,0.0,3.0,1.6629733622722809,0.25037930257819635,0.4163741106518519,True
CATLIN AVE,1,0,0.0,0,0.0,,1,532.9367794830043,2.0,25.0,0.0,0.0,1.0,1.65059909816969,0.2517837430721895,0.4155940192487449,True
SCREVIN AVE,3,0,0.0,0,0.0,,1,727.8465590699597,2.0,25.0,0.0,0.0,1.0,1.65059909816969,0.2517837430721895,0.4155940192487449,True
WHEELING AVE,1,0,0.0,0,0.0,,1,1221.2514700132724,2.0,25.0,0.0,0.0,3.0,1.65059909816969,0.2517837430721895,0.4155940192487449,True
LAVA ST,1,0,0.0,0,0.0,,1,226.20677493996365,2.0,25.0,0.0,0.0,1.0,1.65059909816969,0.2517837430721895,0.4155940192487449,True
EDDY ST,2,0,0.0,0,0.0,,1,880.2608942551591,2.0,25.0,0.0,0.0,3.0,1.65059909816969,0.2517837430721895,0.4155940192487449,True
VAUGHAN ST,1,0,0.0,0,0.0,,1,400.21322075507106,2.0,25.0,0.0,0.0,1.0,1.65059909816969,0.2517837430721895,0.4155940192487449,True
COMPTON AVE,1,0,0.0,0,0.0,,1,465.92102617382466,2.0,25.0,0.0,0.0,3.0,1.65059909816969,0.2517837430721895,0.4155940192487449,True
CLIFTON ST,2,0,0.0,0,0.0,,1,538.6856551013797,2.0,25.0,0.0,0.0,1.0,1.65059909816969,0.2517837430721895,0.4155940192487449,True
POMMER AVE,1,0,0.0,0,0.0,,1,441.31200088702053,2.0,25.0,0.0,0.0,2.0,1.65059909816969,0.2517837430721895,0.4155940192487449,True
COLON ST,1,0,0.0,0,0.0,,1,1581.455857360224,2.0,25.0,0.0,0.0,3.0,1.65059909816969,0.2517837430721895,0.4155940192487449,True
OVIS PL,1,0,0.0,0,0.0,,1,400.3168546968421,2.0,25.0,0.0,0.0,1.0,1.65059909816969,0.2517837430721895,0.4155940192487449,True
HARBOR LOOP,1,0,0.0,0,0.0,,1,572.0469860182758,2.0,25.0,0.0,0.0,1.0,1.65059909816969,0.2517837430721895,0.4155940192487449,True
GORGE RD,1,0,0.0,0,0.0,,1,224.38510525949286,2.0,25.0,0.0,0.0,2.0,1.65059909816969,0.2517837430721895,0.4155940192487449,True
THAYER PL,1,0,0.0,0,0.0,,1,445.8484331063169,2.0,25.0,0.0,0.0,1.0,1.65059909816969,0.2517837430721895,0.4155940192487449,True
WALNUT ST,1,0,0.0,0,0.0,,1,1540.1372867871187,2.0,25.0,0.0,0.0,4.0,1.65059909816969,0.2517837430721895,0.4155940192487449,True
133 DR,1,0,0.0,0,0.0,,1,409.5170217045016,2.0,25.0,0.0,0.0,1.0,1.65059909816969,0.2517837430721895,0.4155940192487449,True
BETTS AVE,1,0,0.0,0,0.0,,1,432.404108508996,2.0,25.0,0.0,0.0,1.0,1.65059909816969,0.2517837430721895,0.4155940192487449,True
MAPLETON AVE,1,0,0.0,6,1.0,,1,1512.4038161950994,2.0,25.0,0.0,0.0,6.0,1.6388966012689608,0.2531265133154761,0.4148481823637961,True
ALCOTT ST,1,0,0.0,0,0.0,,1,375.11662127370346,2.0,25.0,0.0,0.0,2.0,1.6155319658715375,0.2558507268828705,0.41333502777074566,True
FALMOUTH ST,1,0,0.0,0,0.0,,1,1486.6921993930766,1.3333333333333333,25.0,0.0,0.0,3.0,1.606680251197375,0.2568981759960879,0.41275322594154196,True
POSEN ST,1,0,0.0,0,0.0,,1,609.1392139458405,2.0,25.0,0.0,0.0,3.0,1.6038699588031433,0.2572325220914693,0.4125675146096735,True
196 PL,1,0,0.0,2,2.0,,1,5117.756567645488,1.7,25.0,0.0,0.0,10.0,1.600843968070984,0.2575935046580113,0.4123670081460423,True
HIGHVIEW AVE,1,0,0.0,0,0.0,,1,1529.6506223278298,2.0,25.0,0.0,0.0,7.0,1.5905586435245365,0.25882809299979864,0.4116812605078023,True
SHORE DR,3,0,0.0,0,0.0,,1,879.3218033119008,2.0,25.0,0.0,0.0,2.0,1.5805868999402768,0.2600363922277685,0.41101011506294244,True
SANDBORN ST,1,0,0.0,0,0.0,,1,1005.8908238582308,2.0,25.0,0.0,0.0,2.0,1.5805868999402768,0.2600363922277685,0.41101011506294244,True
LEE ST,1,0,0.0,0,0.0,,1,555.6056910323593,2.0,25.0,0.0,0.0,2.0,1.5805868999402768,0.2600363922277685,0.41101011506294244,True
BETHEL AVE,1,0,0.0,0,0.0,,1,1446.788705515771,2.0,25.0,0.0,0.0,6.0,1.5805868999402768,0.2600363922277685,0.41101011506294244,True
NORMALEE RD,1,0,0.0,0,0.0,,1,673.6151386170842,2.0,25.0,0.0,0.0,2.0,1.5805868999402768,0.2600363922277685,0.41101011506294244,True
VELTMAN AVE,1,0,0.0,0,0.0,,1,1069.3478830898598,1.6666666666666667,25.0,0.0,0.0,3.0,1.5789856991086033,0.26023146542289194,0.4109017623608214,True
RYE PL,1,0,0.0,0,0.0,,1,439.5966120180049,1.6666666666666667,25.0,0.0,0.0,3.0,1.5789856991086033,0.26023146542289194,0.4109017623608214,True
BUSH AVE,3,0,0.0,0,0.0,,1,1897.2472307982011,1.5555555555555556,25.0,0.0,0.0,9.0,1.5718061116036557,0.2611097601131874,0.41041391674527233,True
MILBURN ST,2,0,0.0,0,0.0,,1,2387.5194896090293,2.0,25.0,0.0,0.0,5.0,1.566643458662128,0.26174499196805967,0.4100610795043319,True
LANSING ST,1,0,0.0,0,0.0,,1,968.1780546097661,2.0,25.0,0.0,0.0,5.0,1.566643458662128,0.26174499196805967,0.4100610795043319,True
EVANS ST,1,0,0.0,0,0.0,,1,993.4870606244043,1.6,25.0,0.0,0.0,5.0,1.5592839257028197,0.26265589813918394,0.4095551199594667,True
VERMONT AVE,2,0,0.0,0,0.0,,1,1112.3523730000406,1.6,23.0,0.0,0.0,5.0,1.5435200748153481,0.2646285206090211,0.40845943392871115,True
HOWTON AVE,1,0,0.0,0,0.0,,1,1632.9371774684405,1.6666666666666667,25.0,0.0,0.0,3.0,1.5372576351961433,0.26542042434287855,0.40801957385809035,True
LISBON PL,3,0,0.0,0,0.0,,1,1096.4553770912103,1.75,25.0,0.0,0.0,4.0,1.536528922927116,0.26551288008001106,0.40796821965261587,True
SIGNAL HILL RD,1,0,0.0,0,0.0,,1,1435.0408278035206,1.9333333333333333,25.0,0.0,0.0,15.0,1.530200403950203,0.26631853101987574,0.40752072374603854,True
E 4 RD,1,0,0.0,4,4.0,,1,153.79248944505102,1.5,25.0,0.0,0.0,2.0,1.5260955811866745,0.26684371397718915,0.4072290127680292,True
STECHER ST,1,0,0.0,0,0.0,,1,1890.726163013714,1.5,25.0,0.0,0.0,4.0,1.5260955811866745,0.26684371397718915,0.4072290127680292,True
LINTON PL,1,0,0.0,0,0.0,,1,576.5277717264796,1.5,25.0,0.0,0.0,2.0,1.5260955811866745,0.26684371397718915,0.4072290127680292,True
CHAFFEE AVE,1,0,0.0,0,0.0,,1,1947.0969347100968,1.625,25.0,0.0,0.0,8.0,1.5207065567747369,0.2675363543198286,0.40684428818977253,True
HARTLAND AVE,1,0,0.0,0,0.0,,1,2140.266300946836,1.6666666666666667,25.0,0.0,0.0,6.0,1.516461453208943,0.26808450588705823,0.40653981938028977,True
SUSSEX AVE,1,0,0.0,0,0.0,,1,832.4084731457716,2.0,25.0,0.0,0.0,3.0,1.5110703250946764,0.268783884656055,0.40615135196743507,True
ODIN ST,1,0,0.0,3,3.0,,1,277.0686656666512,2.0,25.0,0.0,0.0,1.0,1.5110703250946764,0.268783884656055,0.40615135196743507,True
HYGEIA PL,1,0,0.0,0,0.0,,1,368.77337289674097,2.0,25.0,0.0,0.0,1.0,1.5110703250946764,0.268783884656055,0.40615135196743507,True
96 AVE,3,0,0.0,0,0.0,,1,478.0679341856408,2.0,25.0,0.0,0.0,1.0,1.5110703250946764,0.268783884656055,0.40615135196743507,True
WINANT PL,3,0,0.0,0,0.0,,1,1150.406501172442,2.0,25.0,0.0,0.0,5.0,1.5110703250946764,0.268783884656055,0.40615135196743507,True
KNESEL ST,1,0,0.0,0,0.0,,1,625.6506640459701,2.0,25.0,0.0,0.0,1.0,1.5110703250946764,0.268783884656055,0.40615135196743507,True
HARDY ST,1,0,0.0,0,0.0,,1,715.8748898089635,2.0,25.0,0.0,0.0,2.0,1.5110703250946764,0.268783884656055,0.40615135196743507,True
BANNER 3 RD,2,0,0.0,0,0.0,,1,209.8299552556137,2.0,25.0,0.0,0.0,1.0,1.5110703250946764,0.268783884656055,0.40615135196743507,True
MANILA PL,1,0,0.0,0,0.0,,1,530.4626612991672,2.0,25.0,0.0,0.0,1.0,1.5110703250946764,0.268783884656055,0.40615135196743507,True
99 RD,1,0,0.0,0,0.0,,1,259.16504656374855,2.0,25.0,0.0,0.0,1.0,1.5110703250946764,0.268783884656055,0.40615135196743507,True
THERESA PL,2,0,0.0,0,0.0,,1,900.2921447264667,2.0,25.0,0.0,0.0,2.0,1.5110703250946764,0.268783884656055,0.40615135196743507,True
RUSHMORE AVE,2,0,0.0,0,0.0,,1,2235.5826135923626,2.0,25.0,0.0,0.0,8.0,1.5110703250946764,0.268783884656055,0.40615135196743507,True
DIX PL,1,0,0.0,0,0.0,,1,208.4448380517726,2.0,25.0,0.0,0.0,1.0,1.5110703250946764,0.268783884656055,0.40615135196743507,True
ARNOLD ST,1,0,0.0,0,0.0,,1,1610.942265417444,1.8571428571428572,25.0,0.0,0.0,7.0,1.4918592359587868,0.2713060440735848,0.4047504276226191,True
OLD AMBOY RD,6,0,0.0,0,0.0,,1,2121.690175178165,1.5,25.0,0.0,0.0,12.0,1.487063509128063,0.2719430591867634,0.404396599877289,True
GELDNER AVE,1,0,0.0,0,0.0,,1,2022.4286994368417,2.0,25.0,0.0,0.0,6.0,1.4765026538061108,0.2733564564921149,0.40361153344564227,True
BORMAN AVE,1,0,0.0,0,0.0,,1,595.4168284422813,1.0,25.0,0.0,0.0,1.0,1.4679343554905206,0.27451402392984003,0.4029685667905591,True
COWEN PL,2,0,0.0,0,0.0,,1,246.532375926115,1.5,25.0,0.0,0.0,2.0,1.4676088574572599,0.2745581916682053,0.40294403397970613,True
FLATLANDS 9 ST,1,0,0.0,0,0.0,,1,1045.654710081138,1.5,25.0,0.0,0.0,2.0,1.4676088574572599,0.2745581916682053,0.40294403397970613,True
BEAR ST,3,0,0.0,0,0.0,,1,1002.1840325750618,1.5,25.0,0.0,0.0,4.0,1.4676088574572599,0.2745581916682053,0.40294403397970613,True
CHICAGO AVE,1,0,0.0,0,0.0,,1,737.9786443992243,1.5,25.0,0.0,0.0,2.0,1.4676088574572599,0.2745581916682053,0.40294403397970613,True
FLATLANDS 8 ST,1,0,0.0,0,0.0,,1,1044.0389753897807,1.5,25.0,0.0,0.0,2.0,1.4676088574572599,0.2745581916682053,0.40294403397970613,True
WELLS ST,7,0,0.0,0,0.0,,1,889.2492065747492,1.0,25.0,1.0,0.75,3.0,1.4655224773511633,0.2748416362863612,0.40278659568963543,True
MORGAN ST,1,0,0.0,1,0.0,,1,1674.381235548322,2.0,25.0,0.0,0.0,3.0,1.442064731085323,0.27806923552098783,0.40099383734467464,True
SHERIFF ST,1,0,0.0,0,0.0,,1,595.8581638057452,2.0,25.0,0.0,0.0,6.0,1.442064731085323,0.27806923552098783,0.40099383734467464,True
135 DR,2,0,0.0,0,0.0,,1,312.2319912752259,2.0,25.0,0.0,0.0,1.0,1.442064731085323,0.27806923552098783,0.40099383734467464,True
AVERILL PL,1,0,0.0,0,0.0,,1,255.54196975265523,2.0,25.0,0.0,0.0,1.0,1.442064731085323,0.27806923552098783,0.40099383734467464,True
PINTO ST,1,0,0.0,0,0.0,,1,1121.803855736802,2.0,25.0,0.0,0.0,2.0,1.442064731085323,0.27806923552098783,0.40099383734467464,True
ALWICK RD,1,0,0.0,0,0.0,,1,274.42001798807297,2.0,25.0,0.0,0.0,1.0,1.442064731085323,0.27806923552098783,0.40099383734467464,True
MARSCHER PL,1,0,0.0,0,0.0,,1,513.1220664715705,2.0,25.0,0.0,0.0,1.0,1.442064731085323,0.27806923552098783,0.40099383734467464,True
KINGDOM AVE,1,0,0.0,0,0.0,,1,3378.6177321816212,1.5,25.0,0.0,0.0,8.0,1.4385046434758249,0.27856571252723134,0.40071807098357404,True
SHIRRA AVE,1,0,0.0,0,0.0,,1,838.0313272831904,1.0,25.0,0.0,0.0,3.0,1.4372941517239788,0.2787349274803127,0.40062408114866077,True
EGMONT PL,1,0,0.0,0,0.0,,1,1007.3603631973403,2.0,22.5,0.0,0.0,2.0,1.4222823246406782,0.280850647650277,0.399448912016876,True
ACACIA AVE,1,0,0.0,0,0.0,,1,1799.5908780342966,1.5,25.0,0.0,0.0,4.0,1.4094948814155646,0.2826783672685853,0.39843371175198006,True
PLEASANT PL,2,0,0.0,3,3.0,,1,669.922105310735,1.5,25.0,0.0,0.0,2.0,1.4094948814155646,0.2826783672685853,0.39843371175198006,True
S RAILROAD ST,1,0,0.0,0,0.0,,1,2976.45137471896,1.7777777777777777,25.0,0.0,0.0,9.0,1.3995176872013404,0.2841210213830624,0.39763239473130607,True
6 RD,1,0,0.0,0,0.0,,1,334.8187489949626,1.0,25.0,0.0,0.0,2.0,1.3763295460992322,0.2875314781596339,0.39573806882469026,True
HERRICK AVE,1,0,0.0,0,0.0,,1,1358.6804704710157,1.0,25.0,0.0,0.0,3.0,1.3763295460992322,0.2875314781596339,0.39573806882469026,True
STIEG AVE,1,0,0.0,0,0.0,,1,1427.2111214406618,1.0,25.0,0.0,0.0,2.0,1.3763295460992322,0.2875314781596339,0.39573806882469026,True
EASTCHESTER PL,1,0,0.0,0,0.0,,1,950.6514371818466,2.0,25.0,0.0,0.0,4.0,1.3735865827809417,0.2879403298010295,0.39551097365621346,True
W 16 RD,1,0,0.0,0,0.0,,1,862.8172873991135,2.0,25.0,0.0,0.0,1.0,1.3735865827809417,0.2879403298010295,0.39551097365621346,True
SYDNEY PL,1,0,0.0,0,0.0,,1,686.1681864213306,2.0,25.0,0.0,0.0,2.0,1.3735865827809417,0.2879403298010295,0.39551097365621346,True
LARKIN ST,1,0,0.0,0,0.0,,1,592.3062101320121,2.0,25.0,0.0,0.0,3.0,1.3735865827809417,0.2879403298010295,0.39551097365621346,True
MARINE ST,1,0,0.0,0,0.0,,1,1196.740219259024,2.0,25.0,0.0,0.0,2.0,1.3735865827809417,0.2879403298010295,0.39551097365621346,True
CANNON AVE,1,0,0.0,1,0.0,,1,1987.4996254414016,2.0,25.0,0.0,0.0,4.0,1.3735865827809417,0.2879403298010295,0.39551097365621346,True
EGER PL,1,0,0.0,0,0.0,,1,389.04916206404357,2.0,25.0,0.0,0.0,1.0,1.3735865827809417,0.2879403298010295,0.39551097365621346,True
HOUSTON ST,5,1,0.0,0,0.0,0.0,1,916.1672096301471,1.6666666666666667,25.0,0.0,0.0,3.0,1.3721950819537436,0.288148184432101,0.39539552155162927,True
DENTON PL,1,0,0.0,0,0.0,,1,897.117577838874,1.5,25.0,0.0,0.0,2.0,1.3517640112173281,0.29123498383991603,0.39368096996225865,True
S BRIDGE ST,5,1,0.0,2,0.0,0.0,1,1577.6635249869307,1.5,25.0,0.0,0.0,4.0,1.3517640112173281,0.29123498383991603,0.39368096996225865,True
EUGENE ST,1,0,0.0,0,0.0,,1,886.4761897188405,1.6666666666666667,25.0,0.0,0.0,3.0,1.3314100338100232,0.29437660617260525,0.39193596717714824,True
N BASIN RD,4,0,0.0,0,0.0,,1,595.3394500829651,1.0,25.0,0.0,0.0,3.0,1.3308885970469966,0.2944579802581436,0.391890768235053,True
GARLAND DR,3,0,0.0,0,0.0,,1,673.9335345179305,1.5,25.0,0.0,0.0,2.0,1.3230456583054653,0.295687379074363,0.39120790310005826,True
BEETHOVEN ST,1,0,0.0,0,0.0,,1,573.4119519082675,2.0,25.0,0.0,0.0,2.0,1.3056535816755646,0.29845059310485533,0.38967308584055094,True
ALBERT ST,1,0,0.0,0,0.0,,1,759.8461979948218,1.5,25.0,0.0,0.0,4.0,1.2944272720795942,0.30026179720220103,0.3886670590621614,True
VIRGINIA PL,1,0,0.0,0,0.0,,1,837.40322084584,1.5,25.0,0.0,0.0,2.0,1.2944272720795942,0.30026179720220103,0.3886670590621614,True
CAROLINE ST,2,0,0.0,0,0.0,,1,1132.4895325422538,1.5,25.0,0.0,0.0,2.0,1.2944272720795942,0.30026179720220103,0.3886670590621614,True
BARBADOES DR,1,0,0.0,0,0.0,,1,488.9022640003906,1.5,25.0,0.0,0.0,2.0,1.2944272720795942,0.30026179720220103,0.3886670590621614,True
COLGATE PL,2,0,0.0,0,0.0,,1,528.5006727134119,1.0,25.0,0.0,0.0,2.0,1.2856959825518381,0.30168573525491343,0.38787613781043967,True
OSMAN PL,1,0,0.0,0,0.0,,1,388.342883161601,1.0,25.0,0.0,0.0,1.0,1.2856959825518381,0.30168573525491343,0.38787613781043967,True
PEMBROOK LOOP,1,0,0.0,0,0.0,,1,1482.504143915952,1.0,25.0,0.0,0.0,2.0,1.2856959825518381,0.30168573525491343,0.38787613781043967,True
WINTHROP PL,1,0,0.0,0,0.0,,1,1065.710289153321,1.0,25.0,0.0,0.0,2.0,1.2856959825518381,0.30168573525491343,0.38787613781043967,True
SUBURBAN PL,2,0,0.0,0,0.0,,1,339.6296546294172,1.0,25.0,0.0,0.0,1.0,1.2856959825518381,0.30168573525491343,0.38787613781043967,True
GALE PL,1,0,0.0,0,0.0,,1,397.64334611934396,1.0,25.0,0.0,0.0,1.0,1.2856959825518381,0.30168573525491343,0.38787613781043967,True
MAPLEWOOD PL,1,0,0.0,0,0.0,,1,439.15599711985396,1.0,25.0,0.0,0.0,1.0,1.2856959825518381,0.30168573525491343,0.38787613781043967,True
COVERLY AVE,2,0,0.0,0,0.0,,1,2432.037513640077,2.0,25.0,0.0,0.0,3.0,1.283133647877988,0.3021061791865889,0.3876426037461689,True
MAGNOLIA AVE,1,0,0.0,0,0.0,,1,495.64429792693034,2.0,25.0,0.0,0.0,2.0,1.2718974177186921,0.3039638124062146,0.3866107880793933,True
MULLAN PL,1,0,0.0,0,0.0,,1,367.39944758887924,2.0,25.0,0.0,0.0,2.0,1.2718974177186921,0.3039638124062146,0.3866107880793933,True
BADEN PL,1,0,0.0,0,0.0,,1,3070.4500676376374,1.3333333333333333,25.0,0.0,0.0,9.0,1.2574160390837448,0.3063919144987197,0.38526210753626555,True
FINE BLVD,1,0,0.0,0,0.0,,1,916.9474595166889,1.2,25.0,0.0,0.0,5.0,1.2569818066755434,0.3064653217096046,0.3852213337659404,True
129 RD,1,0,0.0,0,0.0,,1,822.8191369860835,1.6666666666666667,25.0,0.0,0.0,3.0,1.2504444261611491,0.3075747356364938,0.38460511380464263,True
KEATING PL,1,0,0.0,0,0.0,,1,1618.949429325989,1.0,25.0,0.0,0.0,2.0,1.2407575909013284,0.3092334702930189,0.38368377562682365,True
NEVADA AVE,1,0,0.0,0,0.0,,1,2586.213653908506,2.0,25.0,0.0,0.0,3.0,1.2382848164350835,0.3096597686294019,0.3834469897545894,True
SCHEFFELIN AVE,1,0,0.0,0,0.0,,1,1025.4580586155785,2.0,25.0,0.0,0.0,4.0,1.2382848164350835,0.3096597686294019,0.3834469897545894,True
CARLYLE ST,2,0,0.0,0,0.0,,1,286.20106061762,2.0,25.0,0.0,0.0,1.0,1.2382848164350835,0.3096597686294019,0.3834469897545894,True
E 16 RD,1,0,0.0,0,0.0,,1,243.4237362747397,2.0,25.0,0.0,0.0,1.0,1.2382848164350835,0.3096597686294019,0.3834469897545894,True
WIEDERER PL,1,0,0.0,0,0.0,,1,382.2122674763335,2.0,25.0,0.0,0.0,2.0,1.2382848164350835,0.3096597686294019,0.3834469897545894,True
38 RD,1,0,0.0,0,0.0,,1,1418.7715945474768,2.0,25.0,0.0,0.0,7.0,1.2382848164350835,0.3096597686294019,0.3834469897545894,True
VISTA PL,1,0,0.0,0,0.0,,1,679.851983723576,1.5,25.0,0.0,0.0,2.0,1.2374964254775456,0.30979593190205107,0.38337135835627334,True
N 4 PL,3,0,0.0,1,1.0,,1,871.1805469947601,1.3333333333333333,25.0,0.0,0.0,9.0,1.2338524888394518,0.31042683641979496,0.38302092471912136,True
STEPHEN LOOP,1,0,0.0,2,2.0,,1,577.0302232088162,1.0,25.0,0.0,0.0,3.0,1.2258356845465177,0.31182393754693727,0.3822449099408404,True
W 245 ST,1,0,0.0,0,0.0,,1,1086.3127350233117,1.6,25.0,0.0,0.0,5.0,1.2233370198704685,0.3122619579677137,0.3820016130791404,True
DOYERS ST,2,0,0.0,0,0.0,,1,368.37651036147025,1.5,25.0,0.0,0.0,2.0,1.2091871079386665,0.3147658655545989,0.38061082664777657,True
WITTEMAN PL,1,0,0.0,0,0.0,,1,621.1368869485852,1.0,25.0,0.0,0.0,1.0,1.1960796322418739,0.3171214034565709,0.37930245162236226,True
STRONG ST,1,0,0.0,0,0.0,,1,445.8873770664645,1.0,25.0,0.0,0.0,1.0,1.1960796322418739,0.3171214034565709,0.37930245162236226,True
DIAZ ST,1,0,0.0,0,0.0,,1,466.7342890117288,1.0,25.0,0.0,0.0,1.0,1.1960796322418739,0.3171214034565709,0.37930245162236226,True
ROSELLE ST,1,0,0.0,0,0.0,,1,328.184095884966,1.0,25.0,0.0,0.0,1.0,1.1960796322418739,0.3171214034565709,0.37930245162236226,True
BURR AVE,2,0,0.0,1,0.0,,1,965.5340387790907,1.0,25.0,0.0,0.0,2.0,1.1960796322418739,0.3171214034565709,0.37930245162236226,True
GEYSER DR,1,0,0.0,0,0.0,,1,455.6248013852674,1.0,25.0,0.0,0.0,2.0,1.1960796322418739,0.3171214034565709,0.37930245162236226,True
20 DR,1,0,0.0,0,0.0,,1,523.7624890466032,1.0,25.0,0.0,0.0,2.0,1.1960796322418739,0.3171214034565709,0.37930245162236226,True
PEMBROKE ST,1,0,0.0,0,0.0,,1,856.4445941781973,1.0,25.0,0.0,0.0,1.0,1.1960796322418739,0.3171214034565709,0.37930245162236226,True
MILFORD AVE,1,0,0.0,1,0.0,,1,380.4689401837989,1.5,25.0,0.0,0.0,2.0,1.1809840484515595,0.31987828482083674,0.3777711518194528,True
DOTY AVE,2,0,0.0,0,0.0,,1,798.9450902668282,1.3333333333333333,25.0,0.0,0.0,3.0,1.1752615449690698,0.3209359471573354,0.37718367709224176,True
CAROLL ST,2,0,0.0,0,0.0,,1,1775.0789472254644,2.0,25.0,0.0,0.0,4.0,1.1715009394336886,0.3216348182105747,0.3767954916882719,True
MOHN PL,1,0,0.0,0,0.0,,1,553.5231994279179,2.0,25.0,0.0,0.0,2.0,1.1715009394336886,0.3216348182105747,0.3767954916882719,True
WEAVER ST,1,0,0.0,0,0.0,,1,1776.320268666189,1.0,25.0,0.0,0.0,3.0,1.1664422357272048,0.32257974299967085,0.3762706366248432,True
BARTLETT AVE,2,1,0.0,0,0.0,0.0,1,3013.428497076642,1.3333333333333333,25.0,0.0,0.0,9.0,1.1403298509822501,0.3275469822815521,0.37351160149480805,True
OSBORNE AVE,1,0,0.0,0,0.0,,1,1206.554040583564,1.1666666666666667,25.0,0.0,0.0,6.0,1.1353390603992055,0.3285138219203567,0.3729745739072097,True
BEAK ST,1,0,0.0,0,0.0,,1,264.33301344650255,2.0,20.0,0.0,0.0,1.0,1.1288092976309436,0.3297874511788532,0.37226714113270043,True
ROSEBANK PL,2,0,0.0,0,0.0,,1,396.80892834610256,2.0,20.0,0.0,0.0,1.0,1.1288092976309436,0.3297874511788532,0.37226714113270043,True
PORTLAND PL,1,0,0.0,0,0.0,,1,1169.8669930371925,1.1111111111111112,25.0,0.0,0.0,9.0,1.1287389774934415,0.3298012208620209,0.37225949281188614,True
W 11 RD,1,0,0.0,0,0.0,,1,787.655070945914,1.5,25.0,0.0,0.0,2.0,1.12490362496453,0.3305539830453787,0.3718413737742102,True
FRANKLIN PL,3,0,0.0,0,0.0,,1,711.1585193986795,1.5,25.0,0.0,0.0,2.0,1.12490362496453,0.3305539830453787,0.3718413737742102,True
NICOLOSI LOOP,1,0,0.0,0,0.0,,1,875.2435614647861,1.0,25.0,0.0,0.0,4.0,1.1075316363052863,0.33400705335181524,0.369923378336243,True
EATON PL,3,0,0.0,0,0.0,,1,686.5374525089426,1.0,25.0,0.0,0.0,3.0,1.1075316363052863,0.33400705335181524,0.369923378336243,True
PETER ST,1,0,0.0,0,0.0,,1,341.4549072371163,1.0,25.0,0.0,0.0,1.0,1.1075316363052863,0.33400705335181524,0.369923378336243,True
VICTOR RD,2,0,0.0,0,0.0,,1,244.52685051795942,1.0,25.0,0.0,0.0,1.0,1.1075316363052863,0.33400705335181524,0.369923378336243,True
NIAGARA ST,1,0,0.0,0,0.0,,1,356.5267120320045,1.0,25.0,0.0,0.0,1.0,1.1075316363052863,0.33400705335181524,0.369923378336243,True
ALBERTA AVE,1,0,0.0,2,0.0,,1,1611.7976486009873,1.0,25.0,0.0,0.0,2.0,1.1075316363052863,0.33400705335181524,0.369923378336243,True
HAVENWOOD RD,1,0,0.0,0,0.0,,1,545.9856911403442,1.0,25.0,0.0,0.0,2.0,1.1075316363052863,0.33400705335181524,0.369923378336243,True
LOUISA ST,5,0,0.0,3,0.0,,1,1144.2827253566986,1.0,25.0,0.0,0.0,3.0,1.1075316363052863,0.33400705335181524,0.369923378336243,True
ARNPRIOR ST,1,0,0.0,0,0.0,,1,404.8380026704923,1.0,25.0,0.0,0.0,1.0,1.1075316363052863,0.33400705335181524,0.369923378336243,True
BOWDEN ST,1,0,0.0,0,0.0,,1,425.2821014317793,1.0,25.0,0.0,0.0,1.0,1.1075316363052863,0.33400705335181524,0.369923378336243,True
LYNBROOK AVE,1,0,0.0,0,0.0,,1,1086.354593793223,1.0,25.0,0.0,0.0,6.0,1.1075316363052863,0.33400705335181524,0.369923378336243,True
CONGER ST,2,0,0.0,0,0.0,,1,479.2154041852583,1.0,25.0,0.0,0.0,1.0,1.1075316363052863,0.33400705335181524,0.369923378336243,True
CALDER PL,1,0,0.0,0,0.0,,1,240.29437090830348,1.0,25.0,0.0,0.0,1.0,1.1075316363052863,0.33400705335181524,0.369923378336243,True
BACHE AVE,1,0,0.0,2,0.0,,1,2080.6455771730243,1.0,25.0,0.0,0.0,3.0,1.1075316363052863,0.33400705335181524,0.369923378336243,True
ALTON PL,1,0,0.0,0,0.0,,1,589.2031507164802,1.0,25.0,0.0,0.0,1.0,1.1075316363052863,0.33400705335181524,0.369923378336243,True
WOODLAND AVE,1,0,0.0,1,0.0,,1,1099.6188679868364,1.0,25.0,0.0,0.0,2.0,1.1075316363052863,0.33400705335181524,0.369923378336243,True
WOODMANSTEN PL,1,0,0.0,0,0.0,,1,222.85134448660196,1.0,25.0,0.0,0.0,1.0,1.1075316363052863,0.33400705335181524,0.369923378336243,True
HAVENS PL,2,0,0.0,0,0.0,,1,386.5910980204085,1.0,25.0,0.0,0.0,1.0,1.1075316363052863,0.33400705335181524,0.369923378336243,True
WAKEFIELD RD,1,0,0.0,0,0.0,,1,950.6085877020232,1.0,25.0,0.0,0.0,4.0,1.1075316363052863,0.33400705335181524,0.369923378336243,True
WREN PL,3,0,0.0,0,0.0,,1,427.4667360086126,1.0,25.0,0.0,0.0,1.0,1.1075316363052863,0.33400705335181524,0.369923378336243,True
PARKVIEW LOOP,1,0,0.0,0,0.0,,1,1298.5280516828532,1.0,25.0,0.0,0.0,15.0,1.1075316363052863,0.33400705335181524,0.369923378336243,True
ELEANOR PL,1,0,0.0,0,0.0,,1,547.2055463939674,1.0,25.0,0.0,0.0,1.0,1.1075316363052863,0.33400705335181524,0.369923378336243,True
ALLENDALE RD,3,0,0.0,0,0.0,,1,1019.5278020053257,1.0,25.0,0.0,0.0,4.0,1.1075316363052863,0.33400705335181524,0.369923378336243,True
W 2 PL,1,0,0.0,0,0.0,,1,242.51152784682236,1.0,25.0,0.0,0.0,1.0,1.1075316363052863,0.33400705335181524,0.369923378336243,True
BALFOUR PL,4,0,0.0,1,0.0,,1,532.7389841054733,1.0,25.0,0.0,0.0,1.0,1.1075316363052863,0.33400705335181524,0.369923378336243,True
TRIMBLE RD,3,0,0.0,0,0.0,,1,296.3276513261461,1.0,25.0,0.0,0.0,1.0,1.1075316363052863,0.33400705335181524,0.369923378336243,True
JEFFREY PL,1,0,0.0,0,0.0,,1,404.61385549412984,1.0,25.0,0.0,0.0,1.0,1.1075316363052863,0.33400705335181524,0.369923378336243,True
ROST PL,1,0,0.0,0,0.0,,1,387.13463705270766,1.0,25.0,0.0,0.0,1.0,1.1075316363052863,0.33400705335181524,0.369923378336243,True
24 DR,2,0,0.0,0,0.0,,1,380.8577443997845,1.0,25.0,0.0,0.0,1.0,1.1075316363052863,0.33400705335181524,0.369923378336243,True
KAUFMAN PL,1,0,0.0,0,0.0,,1,339.98702844911514,1.0,25.0,0.0,0.0,1.0,1.1075316363052863,0.33400705335181524,0.369923378336243,True
124 PL,4,0,0.0,0,0.0,,1,391.44927312948437,1.0,25.0,0.0,0.0,2.0,1.1075316363052863,0.33400705335181524,0.369923378336243,True
GREENWAY DR,1,0,0.0,0,0.0,,1,880.5212662322133,1.0,25.0,0.0,0.0,3.0,1.1075316363052863,0.33400705335181524,0.369923378336243,True
BUELL ST,1,0,0.0,0,0.0,,1,618.1454442398691,1.0,25.0,0.0,0.0,1.0,1.1075316363052863,0.33400705335181524,0.369923378336243,True
FARRADAY ST,1,0,0.0,0,0.0,,1,828.6520243045431,1.0,25.0,0.0,0.0,3.0,1.1075316363052863,0.33400705335181524,0.369923378336243,True
MARCONI PL,2,0,0.0,0,0.0,,1,401.6089297402945,1.0,25.0,0.0,0.0,1.0,1.1075316363052863,0.33400705335181524,0.369923378336243,True
BAY 30 ST,1,0,0.0,0,0.0,,1,511.53140851806495,1.0,25.0,0.0,0.0,1.0,1.1075316363052863,0.33400705335181524,0.369923378336243,True
FAIRLAWN AVE,1,0,0.0,0,0.0,,1,521.7411906669818,1.0,25.0,0.0,0.0,2.0,1.1075316363052863,0.33400705335181524,0.369923378336243,True
BAUGHMAN PL,4,0,0.0,1,1.0,,1,374.7737063434855,1.0,25.0,0.0,0.0,1.0,1.1075316363052863,0.33400705335181524,0.369923378336243,True
EXCELSIOR AVE,2,0,0.0,0,0.0,,1,1303.6266930575607,1.0,25.0,0.0,0.0,1.0,1.1075316363052863,0.33400705335181524,0.369923378336243,True
CHESS LOOP,1,0,0.0,0,0.0,,1,496.81704622333143,1.0,25.0,0.0,0.0,1.0,1.1075316363052863,0.33400705335181524,0.369923378336243,True
RICARD ST,1,0,0.0,0,0.0,,1,307.06976234056947,1.0,25.0,0.0,0.0,1.0,1.1075316363052863,0.33400705335181524,0.369923378336243,True
DELANCEY PL,1,0,0.0,0,0.0,,1,445.87424899624114,1.0,25.0,0.0,0.0,3.0,1.1075316363052863,0.33400705335181524,0.369923378336243,True
TEUNISSEN PL,2,0,0.0,0,0.0,,1,362.98858230817746,1.0,25.0,0.0,0.0,1.0,1.1075316363052863,0.33400705335181524,0.369923378336243,True
SCOTT PL,1,0,0.0,0,0.0,,1,406.629079060174,1.0,25.0,0.0,0.0,1.0,1.1075316363052863,0.33400705335181524,0.369923378336243,True
DONALD PL,2,0,0.0,0,0.0,,1,600.1540556777582,1.0,25.0,0.0,0.0,1.0,1.1075316363052863,0.33400705335181524,0.369923378336243,True
FLATLANDS 1 ST,4,0,0.0,1,0.0,,1,773.8853539439193,1.0,25.0,0.0,0.0,1.0,1.1075316363052863,0.33400705335181524,0.369923378336243,True
FLATLANDS 5 ST,2,0,0.0,0,0.0,,1,774.389327755331,1.0,25.0,0.0,0.0,1.0,1.1075316363052863,0.33400705335181524,0.369923378336243,True
CHALLENGER DR,1,0,0.0,0,0.0,,1,394.18252728454394,1.0,25.0,0.0,0.0,3.0,1.1075316363052863,0.33400705335181524,0.369923378336243,True
LAFORGE AVE,1,0,0.0,0,0.0,,1,564.4363489430816,1.0,25.0,0.0,0.0,1.0,1.1075316363052863,0.33400705335181524,0.369923378336243,True
LAHN ST,1,0,0.0,0,0.0,,1,672.2145906575493,1.0,25.0,0.0,0.0,1.0,1.1075316363052863,0.33400705335181524,0.369923378336243,True
LARKIN AVE,2,0,0.0,0,0.0,,1,692.7416088979985,1.0,25.0,0.0,0.0,3.0,1.1075316363052863,0.33400705335181524,0.369923378336243,True
KILLARNEY ST,2,0,0.0,0,0.0,,1,674.0376757858356,1.0,25.0,0.0,0.0,1.0,1.1075316363052863,0.33400705335181524,0.369923378336243,True
MOODY PL,1,0,0.0,0,0.0,,1,710.7167439203342,1.0,25.0,0.0,0.0,1.0,1.1075316363052863,0.33400705335181524,0.369923378336243,True
SHARON AVE,2,0,0.0,0,0.0,,1,985.5867470145668,1.0,25.0,0.0,0.0,1.0,1.1075316363052863,0.33400705335181524,0.369923378336243,True
MONACO PL,1,0,0.0,0,0.0,,1,407.3592228350243,1.0,25.0,0.0,0.0,1.0,1.1075316363052863,0.33400705335181524,0.369923378336243,True
SHERIDAN PL,1,0,0.0,1,0.0,,1,543.2216896094168,1.0,25.0,0.0,0.0,1.0,1.1075316363052863,0.33400705335181524,0.369923378336243,True
SLOCUM PL,4,0,0.0,0,0.0,,1,584.2578251019171,1.0,25.0,0.0,0.0,2.0,1.1075316363052863,0.33400705335181524,0.369923378336243,True
SELVIN LOOP,2,0,0.0,0,0.0,,1,1001.7252702941632,1.0,25.0,0.0,0.0,2.0,1.1075316363052863,0.33400705335181524,0.369923378336243,True
AUSTIN AVE,1,0,0.0,0,0.0,,1,993.7220105401159,1.0,25.0,0.0,0.0,2.0,1.1075316363052863,0.33400705335181524,0.369923378336243,True
HOLSMAN RD,3,0,0.0,0,0.0,,1,470.5570553135594,2.0,25.0,0.0,0.0,2.0,1.1053243752166588,0.3344509681818416,0.36967680744620074,True
STANDISH RD,1,0,0.0,0,0.0,,1,312.55915500554534,2.0,25.0,0.0,0.0,6.0,1.1053243752166588,0.3344509681818416,0.36967680744620074,True
AGNES PL,1,0,0.0,0,0.0,,1,261.30613654403544,2.0,25.0,0.0,0.0,1.0,1.1053243752166588,0.3344509681818416,0.36967680744620074,True
IRON MINE DR,1,0,0.0,0,0.0,,1,1398.3257483646312,2.0,25.0,0.0,0.0,2.0,1.1053243752166588,0.3344509681818416,0.36967680744620074,True
164 DR,1,0,0.0,0,0.0,,1,718.7384672821222,2.0,25.0,0.0,0.0,1.0,1.1053243752166588,0.3344509681818416,0.36967680744620074,True
163 RD,1,0,0.0,0,0.0,,1,952.4554026832642,2.0,25.0,0.0,0.0,1.0,1.1053243752166588,0.3344509681818416,0.36967680744620074,True
HAWTHORNE DR,1,0,0.0,0,0.0,,1,479.0054658718193,2.0,25.0,0.0,0.0,1.0,1.1053243752166588,0.3344509681818416,0.36967680744620074,True
NIXON AVE,1,0,0.0,0,0.0,,1,1866.7471944606623,2.0,25.0,0.0,0.0,8.0,1.1053243752166588,0.3344509681818416,0.36967680744620074,True
MARYLAND RD,1,0,0.0,0,0.0,,1,494.17618642138433,2.0,25.0,0.0,0.0,1.0,1.1053243752166588,0.3344509681818416,0.36967680744620074,True
HIGHLAND RD,1,0,0.0,0,0.0,,1,1364.32149571798,1.5,25.0,0.0,0.0,2.0,1.0970298832209537,0.3361297220148622,0.3687443496890559,True
IMLAY ST,1,0,0.0,3,0.0,,1,2076.3127527947163,1.0,25.0,0.0,0.0,5.0,1.0724241755012296,0.3412104144657111,0.36592229740582305,True
IOWA RD,1,0,0.0,0,0.0,,1,467.8868207746095,1.5,25.0,0.0,0.0,2.0,1.0692696517180504,0.341872903380395,0.36555432032939367,True
SEWARD PL,1,0,0.0,0,0.0,,1,585.7759879969283,1.5,25.0,0.0,0.0,2.0,1.0692696517180504,0.341872903380395,0.36555432032939367,True
LEWMAY RD,1,0,0.0,1,1.0,,1,694.813626280186,1.0,25.0,0.0,0.0,3.0,1.0491211681409212,0.3461657862459302,0.3631698540367507,True
142 RD,1,0,0.0,0,0.0,,1,1843.9345174471498,1.8571428571428572,25.0,0.0,0.0,7.0,1.0409616636053693,0.3479350966021416,0.3621870969856602,True
BENSON PL,1,0,0.0,1,1.0,,1,250.72833759779368,1.0,25.0,0.0,0.0,1.0,1.0201092747804734,0.35253999764112304,0.35962932132479586,True
GLENWOOD AVE,1,0,0.0,0,0.0,,1,1734.4851588608008,1.0,25.0,0.0,0.0,2.0,1.0201092747804734,0.35253999764112304,0.35962932132479586,True
BORKEL PL,1,0,0.0,0,0.0,,1,535.1284951846352,1.0,25.0,0.0,0.0,1.0,1.0201092747804734,0.35253999764112304,0.35962932132479586,True
GENESEE ST,1,0,0.0,0,0.0,,1,379.378280649319,1.0,25.0,0.0,0.0,1.0,1.0201092747804734,0.35253999764112304,0.35962932132479586,True
BILLINGS PL,3,0,0.0,0,0.0,,1,437.19266041969087,1.0,25.0,0.0,0.0,1.0,1.0201092747804734,0.35253999764112304,0.35962932132479586,True
RADDE PL,1,0,0.0,0,0.0,,1,404.02761433326253,1.0,25.0,0.0,0.0,1.0,1.0201092747804734,0.35253999764112304,0.35962932132479586,True
PURCELL ST,2,0,0.0,0,0.0,,1,1239.9215512842568,1.0,25.0,0.0,0.0,3.0,1.0201092747804734,0.35253999764112304,0.35962932132479586,True
KINGS PL,2,0,0.0,0,0.0,,1,531.163592272096,1.0,25.0,0.0,0.0,1.0,1.0201092747804734,0.35253999764112304,0.35962932132479586,True
ROOSEVELT PL,2,0,0.0,2,2.0,,1,402.1519350491794,1.0,25.0,0.0,0.0,1.0,1.0201092747804734,0.35253999764112304,0.35962932132479586,True
BRANTON ST,2,0,0.0,0,0.0,,1,419.15232430462555,1.0,25.0,0.0,0.0,1.0,1.0201092747804734,0.35253999764112304,0.35962932132479586,True
DAVID ST,1,0,0.0,0,0.0,,1,1832.8776511223869,1.0,25.0,0.0,0.0,3.0,1.0201092747804734,0.35253999764112304,0.35962932132479586,True
ANGELA DR,1,0,0.0,0,0.0,,1,392.7133345091585,1.0,25.0,0.0,0.0,3.0,1.0201092747804734,0.35253999764112304,0.35962932132479586,True
BIRDSALL AVE,2,0,0.0,2,0.0,,1,730.721294665797,1.5,25.0,0.0,0.0,2.0,1.0140977614430509,0.35389026159841674,0.3588793220834501,True
ARLEIGH RD,2,0,0.0,0,0.0,,1,2223.123327539922,1.5,25.0,0.0,0.0,4.0,1.0140977614430509,0.35389026159841674,0.3588793220834501,True
LINDEN AVE,3,5,0.0,0,0.0,0.0,1,1010.9504490850323,1.3333333333333333,25.0,0.0,0.0,6.0,1.0023539988459012,0.35655812793481667,0.3573974653564719,True
TAHOE ST,1,0,0.0,2,2.0,,1,881.5706900756608,1.0,25.0,0.0,0.0,2.0,0.9984369577793515,0.3574569423993964,0.35689822210636224,True
TROSSACH RD,2,0,0.0,0,0.0,,1,806.6640253941941,1.25,25.0,0.0,0.0,4.0,0.9911570285474325,0.3591395076983098,0.3559636472842445,True
COTTAGE PL,2,0,0.0,0,0.0,,1,1093.8548458045882,1.4,25.0,0.0,0.0,5.0,0.9876508071934149,0.35995554353378306,0.35551038312488525,True
HOME AVE,1,0,0.0,2,0.0,,1,684.4372622088206,1.0,25.0,0.0,0.0,2.0,0.9768400806795015,0.3624951345380887,0.3540997764681133,True
TURNER PL,1,0,0.0,0,0.0,,1,819.8261985877407,1.0,25.0,0.0,0.0,2.0,0.9768400806795015,0.3624951345380887,0.3540997764681133,True
UNDERWOOD RD,1,0,0.0,0,0.0,,1,660.3394057927253,2.0,25.0,0.0,0.0,5.0,0.9748932820245323,0.36295627728502683,0.353843636393806,True
BRIGHTON 3 RD,1,0,0.0,0,0.0,,1,260.2433316106541,2.0,25.0,0.0,0.0,1.0,0.9748932820245323,0.36295627728502683,0.353843636393806,True
UPSHAW RD,1,0,0.0,0,0.0,,1,438.22031041979454,2.0,25.0,0.0,0.0,2.0,0.9748932820245323,0.36295627728502683,0.353843636393806,True
HANFORD ST,1,0,0.0,0,0.0,,1,1891.995557733581,1.3333333333333333,25.0,0.0,0.0,9.0,0.9683173424660697,0.36452264777285376,0.35297360156010493,True
HAWKINS ST,1,0,0.0,0,0.0,,1,1829.8464910272814,1.4,25.0,0.0,0.0,5.0,0.956204028916834,0.3674436783705742,0.35135112565796434,True
LIBBY PL,1,0,0.0,0,0.0,,1,697.6565900246646,1.0,25.0,0.0,0.0,5.0,0.9510249986671322,0.36870689647015803,0.3506494757240945,True
CHARTER RD,2,0,0.0,0,0.0,,1,1826.6807405925833,1.0,25.0,0.0,0.0,8.0,0.9445886911310143,0.3702889334540776,0.3497707389916864,True
RIO DR,1,0,0.0,1,1.0,,1,357.709279684087,1.3333333333333333,25.0,0.0,0.0,3.0,0.9344721531147329,0.37280319310153787,0.3483742025456416,True
CLOISTER PL,1,0,0.0,0,0.0,,1,1008.231685829185,1.0,25.0,0.0,0.0,2.0,0.9338771935498507,0.37295212166744846,0.3482914807112592,True
STEELE AVE,1,0,0.0,2,0.0,,1,1013.5498937645034,1.0,25.0,0.0,0.0,2.0,0.9338771935498507,0.37295212166744846,0.3482914807112592,True
DELMONICO PL,2,0,0.0,1,1.0,,1,310.2147896624234,1.0,25.0,0.0,0.0,1.0,0.9338771935498507,0.37295212166744846,0.3482914807112592,True
LARUE AVE,1,0,0.0,0,0.0,,1,343.73105156891376,1.0,25.0,0.0,0.0,1.0,0.9338771935498507,0.37295212166744846,0.3482914807112592,True
WINGHAM ST,1,0,0.0,0,0.0,,1,462.4120805827196,1.0,25.0,0.0,0.0,1.0,0.9338771935498507,0.37295212166744846,0.3482914807112592,True
FIELDING ST,1,0,0.0,0,0.0,,1,460.90086629367147,1.0,25.0,0.0,0.0,1.0,0.9338771935498507,0.37295212166744846,0.3482914807112592,True
RANGE ST,3,0,0.0,0,0.0,,1,1603.6024320366046,1.0,25.0,0.0,0.0,2.0,0.9338771935498507,0.37295212166744846,0.3482914807112592,True
SUNNYSIDE ST,1,0,0.0,0,0.0,,1,924.4195957399708,1.0,25.0,0.0,0.0,1.0,0.9338771935498507,0.37295212166744846,0.3482914807112592,True
35 RD,1,0,0.0,0,0.0,,1,319.34315035143317,1.5,20.0,0.0,0.0,2.0,0.924442395344233,0.3753298192632873,0.34697079716387136,True
FREMONT ST,2,0,0.0,0,0.0,,1,304.8897261596051,1.5,20.0,0.0,0.0,2.0,0.924442395344233,0.3753298192632873,0.34697079716387136,True
WESTBOURNE AVE,2,0,0.0,0,0.0,,1,2889.2452499139167,1.2222222222222223,25.0,0.0,0.0,9.0,0.9222146397492417,0.37589567509063565,0.34665649458700853,True
TERRACE ST,1,0,0.0,0,0.0,,1,449.98298521572553,2.0,25.0,0.0,0.0,2.0,0.9106949565008801,0.3788491414260836,0.345016002371423,True
SHAD CREEK RD,1,0,0.0,0,0.0,,1,1812.4339549313363,1.5,25.0,0.0,0.0,4.0,0.9052093344749622,0.3802719429522239,0.3442257123992834,True
TERRACE AVE,1,0,0.0,0,0.0,,1,580.2564983226479,1.0,25.0,0.0,0.0,1.0,0.8912301046602864,0.38394650938104513,0.34218468773962046,True
DARREN DR,1,0,0.0,0,0.0,,1,769.2700736359798,1.0,25.0,0.0,0.0,3.0,0.8912301046602864,0.38394650938104513,0.34218468773962046,True
GRASMERE DR,1,0,0.0,0,0.0,,1,1476.5856959924463,1.0,25.0,0.0,0.0,6.0,0.8912301046602864,0.38394650938104513,0.34218468773962046,True
BAY RIDGE PL,3,0,0.0,1,1.0,,1,401.6813140103939,1.0,25.0,0.0,0.0,1.0,0.8912301046602864,0.38394650938104513,0.34218468773962046,True
SPRUCE AVE,1,0,0.0,0,0.0,,1,377.59670693779117,1.0,25.0,0.0,0.0,1.0,0.8912301046602864,0.38394650938104513,0.34218468773962046,True
GROSVENOR ST,1,0,0.0,0,0.0,,1,1956.532945512209,1.25,25.0,0.0,0.0,4.0,0.8693767468071782,0.38983532480386196,0.3389137664685012,True
MARIE ST,1,0,0.0,0,0.0,,1,511.4979543412012,1.0,25.0,0.0,0.0,1.0,0.8489089896890297,0.3955169740904534,0.3357579148799889,True
FORT CHARLES PL,2,0,0.0,1,0.0,,1,634.3436774759366,1.0,25.0,0.0,0.0,1.0,0.8489089896890297,0.3955169740904534,0.3357579148799889,True
PERRY PL,1,0,0.0,0,0.0,,1,145.71352206591757,1.0,25.0,0.0,0.0,1.0,0.8489089896890297,0.3955169740904534,0.3357579148799889,True
MARKHAM PL,1,0,0.0,0,0.0,,1,677.4533735366987,1.0,25.0,0.0,0.0,3.0,0.8489089896890297,0.3955169740904534,0.3357579148799889,True
BALDWIN ST,2,0,0.0,1,1.0,,1,1230.1268631161279,1.0,25.0,0.0,0.0,4.0,0.8489089896890297,0.3955169740904534,0.3357579148799889,True
FILLMORE PL,1,0,0.0,0,0.0,,1,715.9180300360676,1.0,25.0,0.0,0.0,2.0,0.8489089896890297,0.3955169740904534,0.3357579148799889,True
WEBSTER PL,2,0,0.0,0,0.0,,1,473.5466935675768,1.0,25.0,0.0,0.0,1.0,0.8489089896890297,0.3955169740904534,0.3357579148799889,True
W 12 RD,1,0,0.0,0,0.0,,1,803.3060361768256,1.0,25.0,0.0,0.0,1.0,0.8489089896890297,0.3955169740904534,0.3357579148799889,True
DEY ST,1,0,0.0,0,0.0,,1,428.88972557222695,1.0,25.0,0.0,0.0,1.0,0.8489089896890297,0.3955169740904534,0.3357579148799889,True
BRIGHTON 10 PATH,3,0,0.0,0,0.0,,1,547.2011919857562,1.0,25.0,0.0,0.0,1.0,0.8489089896890297,0.3955169740904534,0.3357579148799889,True
WHARTON PL,2,0,0.0,0,0.0,,1,271.7172006758608,1.0,25.0,0.0,0.0,1.0,0.8489089896890297,0.3955169740904534,0.3357579148799889,True
DUNHAM PL,1,0,0.0,0,0.0,,1,356.6749477931213,1.0,25.0,0.0,0.0,1.0,0.8489089896890297,0.3955169740904534,0.3357579148799889,True
KARWEG PL,1,0,0.0,0,0.0,,1,266.9635512161042,1.0,25.0,0.0,0.0,1.0,0.8489089896890297,0.3955169740904534,0.3357579148799889,True
STEARNS ST,1,0,0.0,0,0.0,,1,309.3329486158333,1.0,25.0,0.0,0.0,1.0,0.8489089896890297,0.3955169740904534,0.3357579148799889,True
WHITE PL,1,0,0.0,0,0.0,,1,416.47951930308125,1.0,25.0,0.0,0.0,1.0,0.8489089896890297,0.3955169740904534,0.3357579148799889,True
SPARK PL,1,0,0.0,0,0.0,,1,710.9491854121243,1.0,25.0,0.0,0.0,1.0,0.8489089896890297,0.3955169740904534,0.3357579148799889,True
LAKEWOOD RD,1,0,0.0,0,0.0,,1,1226.9926589364736,1.0,25.0,0.0,0.0,5.0,0.8489089896890297,0.3955169740904534,0.3357579148799889,True
BERGEN PL,1,0,0.0,0,0.0,,1,373.07906750457636,1.0,25.0,0.0,0.0,1.0,0.8489089896890297,0.3955169740904534,0.3357579148799889,True
REVERE PL,2,0,0.0,0,0.0,,1,284.58871917082536,1.0,25.0,0.0,0.0,1.0,0.8489089896890297,0.3955169740904534,0.3357579148799889,True
LITTLE WEST ST,4,0,0.0,6,0.0,,1,870.6694801751344,1.0,25.0,0.0,0.0,3.0,0.8489089896890297,0.3955169740904534,0.3357579148799889,True
OSGOOD ST,2,0,0.0,0,0.0,,1,378.6118760423128,1.0,25.0,0.0,0.0,1.0,0.8489089896890297,0.3955169740904534,0.3357579148799889,True
ROBERTSON ST,1,0,0.0,0,0.0,,1,425.73845819787516,1.0,25.0,0.0,0.0,1.0,0.8489089896890297,0.3955169740904534,0.3357579148799889,True
TOTTENVILLE PL,1,0,0.0,0,0.0,,1,426.2015077381748,2.0,25.0,0.0,0.0,1.0,0.8472171519849828,0.395994031138757,0.3354929352644303,True
ALPINE AVE,1,0,0.0,0,0.0,,1,942.3499121001962,1.0,25.0,0.0,0.0,3.0,0.8348762571443894,0.3995089855300629,0.33354056653489095,True
DEMOREST AVE,1,0,0.0,0,0.0,,1,1829.0811177408114,1.0,25.0,0.0,0.0,4.0,0.8069247885779838,0.40770562314414266,0.32898777375764243,True
WADSWORTH RD,1,0,0.0,0,0.0,,1,627.4049062366374,1.5,25.0,0.0,0.0,4.0,0.7720325744406916,0.4184219902452999,0.3230354063316768,True
159 RD,1,0,0.0,0,0.0,,1,311.37347364065596,1.0,25.0,0.0,0.0,2.0,0.7652892985740639,0.4205583260255459,0.3218487863335725,True
BOSWORTH ST,1,0,0.0,0,0.0,,1,525.0732830457174,1.0,25.0,0.0,0.0,1.0,0.7652892985740639,0.4205583260255459,0.3218487863335725,True
CLAYTON ST,1,0,0.0,0,0.0,,1,223.72306997899412,1.0,25.0,0.0,0.0,2.0,0.7652892985740639,0.4205583260255459,0.3218487863335725,True
ELLINGTON ST,1,0,0.0,0,0.0,,1,605.7799742480137,1.0,25.0,0.0,0.0,1.0,0.7652892985740639,0.4205583260255459,0.3218487863335725,True
GOTHAM AVE,2,0,0.0,0,0.0,,1,1592.076467375111,1.0,25.0,0.0,0.0,2.0,0.7652892985740639,0.4205583260255459,0.3218487863335725,True
W 9 RD,1,0,0.0,0,0.0,,1,420.26948483416504,1.0,25.0,0.0,0.0,3.0,0.7652892985740639,0.4205583260255459,0.3218487863335725,True
LEGATE AVE,1,0,0.0,0,0.0,,1,761.2313841430412,1.0,25.0,0.0,0.0,2.0,0.7652892985740639,0.4205583260255459,0.3218487863335725,True
RODMAN ST,1,0,0.0,0,0.0,,1,207.16654957301574,1.0,25.0,0.0,0.0,1.0,0.7652892985740639,0.4205583260255459,0.3218487863335725,True
ORMSBY AVE,1,0,0.0,0,0.0,,1,864.5511653066776,1.0,25.0,0.0,0.0,3.0,0.7652892985740639,0.4205583260255459,0.3218487863335725,True
HAWKSTONE ST,1,0,0.0,0,0.0,,1,364.43926416137333,1.0,20.0,0.0,0.0,1.0,0.7534069548802296,0.42437633863226853,0.31972808501215855,True
SALERNO AVE,1,0,0.0,0,0.0,,1,1049.3037957066297,1.3333333333333333,25.0,0.0,0.0,6.0,0.7519692327714249,0.42484301138240976,0.31946887331753243,True
FORSTER PL,1,0,0.0,0,0.0,,1,182.94709601267922,2.0,25.0,0.0,0.0,1.0,0.7225723532078403,0.43461521456816427,0.3140409383304489,True
GROSVENOR AVE,1,0,0.0,0,0.0,,1,2919.1559228336528,1.0,25.0,0.0,0.0,10.0,0.7158050559302535,0.4369288169373316,0.3127558562453661,True
CELTIC AVE,1,0,0.0,1,0.0,,1,461.05273057464103,1.0,20.0,0.0,0.0,1.0,0.697630839159332,0.4432658876655502,0.309235953182824,True
LEVERICH ST,3,0,0.0,1,1.0,,1,454.95736928569386,1.0,20.0,0.0,0.0,1.0,0.697630839159332,0.4432658876655502,0.309235953182824,True
FILBERT AVE,1,0,0.0,0,0.0,,1,120.89331769841988,2.0,20.0,0.0,0.0,1.0,0.6962404920531854,0.44375825796417945,0.3089624678776447,True
NOBLE PL,1,0,0.0,0,0.0,,1,171.96360793427996,1.0,25.0,0.0,0.0,1.0,0.6831166017537275,0.44846034799372864,0.30635070894276994,True
FITZGERALD AVE,1,0,0.0,0,0.0,,1,503.4660210954565,1.0,25.0,0.0,0.0,1.0,0.6831166017537275,0.44846034799372864,0.30635070894276994,True
HOMER ST,1,0,0.0,0,0.0,,1,586.3963003952767,1.0,25.0,0.0,0.0,1.0,0.6831166017537275,0.44846034799372864,0.30635070894276994,True
BRIGHTWATER AVE,3,0,0.0,0,0.0,,1,652.2185955822133,1.0,25.0,0.0,0.0,2.0,0.6831166017537275,0.44846034799372864,0.30635070894276994,True
PAXTON ST,1,0,0.0,0,0.0,,1,259.73035347897655,1.0,25.0,0.0,0.0,1.0,0.6831166017537275,0.44846034799372864,0.30635070894276994,True
99 PL,2,0,0.0,0,0.0,,1,473.70131643680435,1.0,25.0,0.0,0.0,2.0,0.6831166017537275,0.44846034799372864,0.30635070894276994,True
DOCK ST,7,0,0.0,0,0.0,,1,675.7011776370118,1.0,25.0,0.0,0.0,6.0,0.6831166017537275,0.44846034799372864,0.30635070894276994,True
WILLOW POND RD,1,0,0.0,0,0.0,,1,780.3674107389753,1.0,25.0,0.0,0.0,2.0,0.6831166017537275,0.44846034799372864,0.30635070894276994,True
E 9 RD,1,0,0.0,0,0.0,,1,871.3199902338231,1.0,25.0,0.0,0.0,3.0,0.6831166017537275,0.44846034799372864,0.30635070894276994,True
GRANT ST,3,0,0.0,0,0.0,,1,992.9330819268988,1.0,25.0,0.0,0.0,3.0,0.6831166017537275,0.44846034799372864,0.30635070894276994,True
PLUMB 3 ST,1,0,0.0,0,0.0,,1,545.8144554491475,1.0,25.0,0.0,0.0,2.0,0.6831166017537275,0.44846034799372864,0.30635070894276994,True
BERTRAM AVE,3,0,0.0,0,0.0,,1,1904.0135985755476,1.0,25.0,0.0,0.0,7.0,0.6139220484846217,0.47499690602192357,0.2916110735688367,True
MARVIN ST,1,0,0.0,0,0.0,,1,865.5138888908095,1.0,25.0,0.0,0.0,1.0,0.6025071018257407,0.4796793603529076,0.2890102212118555,True
CATHEDRAL PL,3,0,0.0,3,0.0,,1,582.6531507244966,1.0,25.0,0.0,0.0,2.0,0.6025071018257407,0.4796793603529076,0.2890102212118555,True
BLOOMFIELD ST,1,0,0.0,0,0.0,,1,899.5253380393567,1.0,25.0,0.0,0.0,2.0,0.6025071018257407,0.4796793603529076,0.2890102212118555,True
TENNIS PL,1,0,0.0,0,0.0,,1,1059.8695948280977,1.0,25.0,0.0,0.0,2.0,0.6025071018257407,0.4796793603529076,0.2890102212118555,True
DOUGHTY ST,1,0,0.0,0,0.0,,1,689.1836108378868,1.0,25.0,0.0,0.0,4.0,0.5826147042562277,0.48806377186272726,0.2843531301019819,True
VARKENS HOOK RD,1,0,0.0,0,0.0,,1,732.4738950863707,1.0,25.0,0.0,0.0,1.0,0.5628310185389673,0.4966982128289675,0.27955716103301254,True
W 249 ST,1,0,0.0,0,0.0,,1,1339.4666517241344,1.0,25.0,0.0,0.0,7.0,0.523600234273319,0.5147566173359293,0.2695266854308338,True
REGAN AVE,1,0,0.0,0,0.0,,1,1699.5205429905081,1.0,25.0,0.0,0.0,2.0,0.523600234273319,0.5147566173359293,0.2695266854308338,True
CENTER PL,1,0,0.0,0,0.0,,1,684.5671386360265,1.0,25.0,0.0,0.0,1.0,0.523600234273319,0.5147566173359293,0.2695266854308338,True
SURF RD,1,0,0.0,0,0.0,,1,200.4961235323082,1.0,25.0,0.0,0.0,1.0,0.523600234273319,0.5147566173359293,0.2695266854308338,True
MORRIS PL,1,0,0.0,0,0.0,,1,126.9866462955201,1.0,25.0,0.0,0.0,2.0,0.523600234273319,0.5147566173359293,0.2695266854308338,True
CUNNINGHAM RD,1,0,0.0,2,2.0,,1,6445.875013106757,1.0,25.0,0.0,0.0,12.0,0.49770471684503204,0.5274137648830974,0.26249631851131433,True
SIGMA PL,1,0,0.0,0,0.0,,1,854.2084628326289,1.0,25.0,0.0,0.0,3.0,0.49770471684503204,0.5274137648830974,0.26249631851131433,True
UTICA WALK,1,0,0.0,0,0.0,,1,1001.1053953334762,1.0,25.0,0.0,0.0,3.0,0.48483713676121765,0.5339375044972298,0.2588727308898667,True
MATTHEWS PL,2,0,0.0,0,0.0,,1,609.7848322315373,1.0,25.0,0.0,0.0,1.0,0.4465668011236803,0.5543304171621731,0.2475455611576669,True
CARLISLE ST,3,0,0.0,1,1.0,,1,509.34605808479364,1.0,25.0,0.0,0.0,2.0,0.4465668011236803,0.5543304171621731,0.2475455611576669,True
W 258 ST,1,0,0.0,1,1.0,,1,361.55259580546493,1.0,25.0,0.0,0.0,1.0,0.4465668011236803,0.5543304171621731,0.2475455611576669,True
STEVENS PL,1,0,0.0,0,0.0,,1,199.04809275974114,1.0,25.0,0.0,0.0,2.0,0.4465668011236803,0.5543304171621731,0.2475455611576669,True
VALENTINE PL,1,0,0.0,0,0.0,,1,252.07910556810944,1.0,25.0,0.0,0.0,1.0,0.4465668011236803,0.5543304171621731,0.2475455611576669,True
MINETTA ST,2,0,0.0,1,1.0,,1,411.6308087980251,1.0,25.0,0.0,0.0,1.0,0.4465668011236803,0.5543304171621731,0.2475455611576669,True
POE PL,1,0,0.0,0,0.0,,1,468.89389984518203,1.0,25.0,0.0,0.0,1.0,0.3716215324599868,0.5991431444848354,0.22265449351634983,True
SPINNAKER DR,1,0,0.0,0,0.0,,1,274.85778279502927,1.0,25.0,0.0,0.0,1.0,0.3716215324599868,0.5991431444848354,0.22265449351634983,True
W MARKET ST,1,0,0.0,0,0.0,,1,2005.2806624032019,1.0,25.0,1.0,0.75,8.0,0.3374873678219175,0.622046579979638,0.20993286293995392,True
LOCKMAN PL,1,0,0.0,0,0.0,,1,177.78354065380861,1.0,25.0,0.0,0.0,1.0,0.29904364481470797,0.6500326130860219,0.1943881218656728,True
HUDSON WALK,2,0,0.0,0,0.0,,2,1661.0170897964133,0.14285714285714285,25.0,1.0,0.75,7.0,0.06639266903828461,0.9436052921299662,0.06264847386315872,True
NAVY WALK,4,0,0.0,0,0.0,,2,1031.1537680110862,0.0,25.0,1.0,0.75,6.0,0.06639266903828461,0.9436052921299662,0.06264847386315872,True
0CEAN AVE,1,0,0.0,0,0.0,,0,,,,,0.0,,,,,False
1 AVE LOOP,3,0,0.0,0,0.0,,0,1187.6242084417563,1.2,25.0,0.0,0.0,10.0,,,,False
1 CARDINALCARDINAL SPELLMAN PL,1,0,0.0,0,0.0,,0,,,,,0.0,,,,,False
1 CENTRE AVE,1,0,0.0,0,0.0,,0,,,,,0.0,,,,,False
1 FDR DR,1,0,0.0,0,0.0,,0,,,,,0.0,,,,,False
1 LIBERTY PLAZA,1,0,0.0,0,0.0,,0,,,,,0.0,,,,,False
1 POLICE PPEARL ST,1,0,0.0,0,0.0,,0,,,,,0.0,,,,,False
1 RUPPERT PL,1,1,0.0,0,0.0,0.0,0,,,,,0.0,,,,,False
100A 7 AVE SOUTH,1,0,0.0,0,0.0,,0,,,,,0.0,,,,,False
10101C AVE D,1,0,0.0,0,0.0,,0,,,,,0.0,,,,,False
1014B KELLY ST,0,0,0.0,0,0.0,,0,,,,,0.0,,,,,False
1016! BRYANT AVE,1,0,0.0,0,0.0,,0,,,,,0.0,,,,,False
102 19 SEAVIEW AVE,1,0,0.0,0,0.0,,0,,,,,0.0,,,,,False
102 CROSS DR,11,9,0.0,1,0.0,0.0,0,,,,,0.0,,,,,False
1025A KELLY ST,1,0,0.0,0,0.0,,0,,,,,0.0,,,,,False
103-04A 34 AVE,1,0,0.0,0,0.0,,0,,,,,0.0,,,,,False
103A MARCUS GARVEY BLVD,1,1,0.0,0,0.0,0.0,0,,,,,0.0,,,,,False
103TH AVE,1,0,0.0,0,0.0,,0,,,,,0.0,,,,,False
105 STREER,1,0,0.0,0,0.0,,0,,,,,0.0,,,,,False
105A CONSELYEA ST,0,0,0.0,0,0.0,,0,,,,,0.0,,,,,False
106-07 78 ST,1,0,0.0,0,0.0,,0,,,,,0.0,,,,,False
107 31 UNION HALL ST,1,1,0.0,0,0.0,0.0,0,,,,,0.0,,,,,False
107 RD,0,0,0.0,0,0.0,,0,357.21071118522144,2.0,25.0,0.0,0.0,1.0,,,,False
1071B GATES AVE,1,0,0.0,0,0.0,,0,,,,,0.0,,,,,False
108 DR,0,0,0.0,0,0.0,,0,1171.4946767574,1.8,25.0,0.0,0.0,5.0,,,,False
108-24A ROOSEVELT AVE,0,0,0.0,0,0.0,,0,,,,,0.0,,,,,False
109-21,1,0,0.0,0,0.0,,0,,,,,0.0,,,,,False
109-22,0,0,0.0,1,0.0,,0,,,,,0.0,,,,,False
109_62 FRANCIS LEWIS BLVD,1,0,0.0,0,0.0,,0,,,,,0.0,,,,,False
10A VERONA ST,0,0,0.0,0,0.0,,0,,,,,0.0,,,,,False
10B JULIE COURT,1,0,0.0,0,0.0,,0,,,,,0.0,,,,,False
10B JULIE CT,0,0,0.0,0,0.0,,0,,,,,0.0,,,,,False
10TH AVE,5,0,0.0,0,0.0,,0,,,,,0.0,,,,,False
11 12 MAIN AVE,1,0,0.0,0,0.0,,0,,,,,0.0,,,,,False
11 37 BAYPORT PL,1,1,0.0,0,0.0,0.0,0,,,,,0.0,,,,,False
11-59A BEACH CHANNEL DR,1,0,0.0,0,0.0,,0,,,,,0.0,,,,,False
110A MARCUS GARVEY BLVD,1,0,0.0,0,0.0,,0,,,,,0.0,,,,,False
111 EAST 54 ST,1,0,0.0,0,0.0,,0,,,,,0.0,,,,,False
1110` SOUTH AVE,0,0,0.0,1,0.0,,0,,,,,0.0,,,,,False
111A CHAUNCEY ST,1,0,0.0,0,0.0,,0,,,,,0.0,,,,,False
111C 11 AVE,0,0,0.0,0,0.0,,0,,,,,0.0,,,,,False
112-10,0,0,0.0,1,0.0,,0,,,,,0.0,,,,,False
112B BROAD ST,1,0,0.0,0,0.0,,0,,,,,0.0,,,,,False
1135A MORRIS PARK AVE,1,1,0.0,0,0.0,0.0,0,,,,,0.0,,,,,False
114 TERRACE,3,1,0.0,0,0.0,0.0,0,,,,,0.0,,,,,False
114-14C SUTPHIN BLVD,1,1,0.0,0,0.0,0.0,0,,,,,0.0,,,,,False
114A PATCHEN AVE,1,2,0.0,0,0.0,0.0,0,,,,,0.0,,,,,False
114TH ST,0,0,0.0,2,0.0,,0,,,,,0.0,,,,,False
115,0,0,0.0,0,0.0,,0,,,,,0.0,,,,,False
115 COURT,2,0,0.0,0,0.0,,0,,,,,0.0,,,,,False
115 TER,0,0,0.0,0,0.0,,0,179.3312264838062,2.0,25.0,0.0,0.0,1.0,,,,False
115 TERRACE,1,0,0.0,0,0.0,,0,,,,,0.0,,,,,False
1159A SAINT LAWRENCE AVE,1,0,0.0,0,0.0,,0,,,,,0.0,,,,,False
115A 2 PL,1,0,0.0,0,0.0,,0,,,,,0.0,,,,,False
115A INDUSTRIAL LOOP,1,0,0.0,0,0.0,,0,,,,,0.0,,,,,False
116 196 ST,0,0,0.0,1,0.0,,0,,,,,0.0,,,,,False
116! EAST 124 ST,1,0,0.0,0,0.0,,0,,,,,0.0,,,,,False
116-50A 225 ST,1,0,0.0,0,0.0,,0,,,,,0.0,,,,,False
1169A BAY ST,1,0,0.0,0,0.0,,0,,,,,0.0,,,,,False
116TH ST,1,0,0.0,0,0.0,,0,,,,,0.0,,,,,False
117 AVE,2,0,0.0,0,0.0,,0,,,,,0.0,,,,,False
117 RD FARMERS BLVD,1,0,0.0,0,0.0,,0,,,,,0.0,,,,,False
117-20B 118 ST,0,0,0.0,0,0.0,,0,,,,,0.0,,,,,False
1184] SAINT MARKS AVE,1,0,0.0,0,0.0,,0,,,,,0.0,,,,,False
118A 13 ST,1,1,0.0,0,0.0,0.0,0,,,,,0.0,,,,,False
119 WEST 40 ST,1,0,0.0,0,0.0,,0,,,,,0.0,,,,,False
11A 7 AVE,1,0,0.0,0,0.0,,0,,,,,0.0,,,,,False
11A STUYVESANT AVE,1,0,0.0,0,0.0,,0,,,,,0.0,,,,,False
11AVE EDGEWATER PARK,1,0,0.0,0,0.0,,0,,,,,0.0,,,,,False
11TH AVE,3,0,0.0,0,0.0,,0,,,,,0.0,,,,,False
12,1,0,0.0,0,0.0,,0,,,,,0.0,,,,,False
12 AVE SERVICE RD,1,0,0.0,0,0.0,,0,,,,,0.0,,,,,False
12-14 CAFFREY AVE,0,0,0.0,1,0.0,,0,,,,,0.0,,,,,False
1235A 79 ST,1,0,0.0,0,0.0,,0,,,,,0.0,,,,,False
125 WEST 125TH ST,1,1,0.0,0,0.0,0.0,0,,,,,0.0,,,,,False
125TH ST,2,4,0.0,0,0.0,0.0,0,,,,,0.0,,,,,False
125TH ST AND 2ND AVE,0,0,0.0,4,0.0,,0,,,,,0.0,,,,,False
126-50B NORTHERN BLVD,1,0,0.0,0,0.0,,0,,,,,0.0,,,,,False
1264A RICHMOND AVE,1,0,0.0,0,0.0,,0,,,,,0.0,,,,,False
1278 RFK BRIDGE QUEENS TO RANDAL,0,0,0.0,0,0.0,,0,,,,,0.0,,,,,False
1278 SEDGWICK AVE,0,0,0.0,0,0.0,,0,,,,,0.0,,,,,False
127TH ST,1,1,0.0,0,0.0,0.0,0,,,,,0.0,,,,,False
128A WEST FORDHAM RD,1,0,0.0,0,0.0,,0,,,,,0.0,,,,,False
1292A WESTCHESTER AVE,1,0,0.0,0,0.0,,0,,,,,0.0,,,,,False
129A ELDRIDGE ST,1,0,0.0,0,0.0,,0,,,,,0.0,,,,,False
12A LOUIS PL,1,0,0.0,0,0.0,,0,,,,,0.0,,,,,False
12TH AVE,2,0,0.0,1,0.0,,0,,,,,0.0,,,,,False
13 A TOMPKINS AVE,1,1,0.0,0,0.0,0.0,0,,,,,0.0,,,,,False
13 EAST 54 ST,1,1,0.0,0,0.0,0.0,0,,,,,0.0,,,,,False
13 PIERCE ST,1,1,0.0,0,0.0,0.0,0,,,,,0.0,,,,,False
130 FURMAN ST,1,0,0.0,0,0.0,,0,,,,,0.0,,,,,False
1300B CENTRAL AVE,1,1,0.0,0,0.0,0.0,0,,,,,0.0,,,,,False
131-04 MERIDIAN RD,1,1,0.0,0,0.0,0.0,0,,,,,0.0,,,,,False
132-25A 14 AVE,1,0,0.0,0,0.0,,0,,,,,0.0,,,,,False
132A EAST 65 ST,1,0,0.0,0,0.0,,0,,,,,0.0,,,,,False
133-44Q 150 ST,1,0,0.0,0,0.0,,0,,,,,0.0,,,,,False
1332A ROCKLAND AVE,1,1,0.0,0,0.0,0.0,0,,,,,0.0,,,,,False
133B SHARROTT AVE,0,0,0.0,0,0.0,,0,,,,,0.0,,,,,False
134-46,1,0,0.0,0,0.0,,0,,,,,0.0,,,,,False
1350 A FLATBUSH AVE,1,0,0.0,0,0.0,,0,,,,,0.0,,,,,False
1350 BRUCKNER BLVD,0,0,0.0,0,0.0,,0,,,,,0.0,,,,,False
137A MASPETH AVE,1,0,0.0,0,0.0,,0,,,,,0.0,,,,,False
1380A WHITE PLAINS RD,1,2,0.0,0,0.0,0.0,0,,,,,0.0,,,,,False
139 PL,1,0,0.0,0,0.0,,0,,,,,0.0,,,,,False
1393B 2 AVE,1,0,0.0,0,0.0,,0,,,,,0.0,,,,,False
13A TOMPKINS AVE,1,1,0.0,0,0.0,0.0,0,,,,,0.0,,,,,False
13TH ST,1,0,0.0,0,0.0,,0,,,,,0.0,,,,,False
140-158 32ND ST,1,1,0.0,0,0.0,0.0,0,,,,,0.0,,,,,False
140-15B SANFORD AVE,0,0,0.0,0,0.0,,0,,,,,0.0,,,,,False
140A VANCORTLANDT AVE SOUTH,0,0,0.0,0,0.0,,0,,,,,0.0,,,,,False
143 PL,0,0,0.0,1,0.0,,0,861.7338030434247,2.0,25.0,0.0,0.0,2.0,,,,False
144 TER,0,0,0.0,0,0.0,,0,1122.3310063616568,2.0,25.0,0.0,0.0,2.0,,,,False
144 TERRACE,4,1,0.0,0,0.0,0.0,0,,,,,0.0,,,,,False
144--39 175 ST,1,0,0.0,0,0.0,,0,,,,,0.0,,,,,False
1440 ST,1,0,0.0,0,0.0,,0,,,,,0.0,,,,,False
145 ST BRIDGE,5,2,0.0,1,0.0,0.0,0,1041.7636714069527,4.0,25.0,1.0,0.75,7.0,,,,False
145 ST BRIDGE PED AND BIKE PATH,0,0,0.0,2,0.0,,0,3335.6886599635773,2.0,25.0,1.0,0.75,19.0,,,,False
1453 A BAY RIDGE PKWY,0,0,0.0,0,0.0,,0,,,,,0.0,,,,,False
146 TER,0,0,0.0,2,0.0,,0,1336.1909363824361,2.0,25.0,0.0,0.0,4.0,,,,False
146 TERRACE,15,14,0.0,0,0.0,0.0,0,,,,,0.0,,,,,False
146H JAVA ST,0,0,0.0,0,0.0,,0,,,,,0.0,,,,,False
146TH ST,1,1,0.0,0,0.0,0.0,0,,,,,0.0,,,,,False
147-95B FARMERS BLVD,1,0,0.0,0,0.0,,0,,,,,0.0,,,,,False
1478,0,0,0.0,1,0.0,,0,,,,,0.0,,,,,False
1479A LONGFELLOW AVE,1,0,0.0,0,0.0,,0,,,,,0.0,,,,,False
147A MC GUINNESS BLVD,1,0,0.0,0,0.0,,0,,,,,0.0,,,,,False
148 - 12 84 AVE,1,0,0.0,0,0.0,,0,,,,,0.0,,,,,False
148 PL,0,0,0.0,0,0.0,,0,366.29833765020754,1.0,25.0,0.0,0.0,1.0,,,,False
149 28 STR28 ST,1,0,0.0,0,0.0,,0,,,,,0.0,,,,,False
1490A EAST 52 ST,1,0,0.0,0,0.0,,0,,,,,0.0,,,,,False
149TH ST,1,0,0.0,0,0.0,,0,,,,,0.0,,,,,False
14A JENNIFER PL,1,0,0.0,0,0.0,,0,,,,,0.0,,,,,False
14A SAINT JAMES PL,1,0,0.0,0,0.0,,0,,,,,0.0,,,,,False
14B 43 ST,0,0,0.0,0,0.0,,0,,,,,0.0,,,,,False
14B SYLVA LANE,1,0,0.0,0,0.0,,0,,,,,0.0,,,,,False
14STREET,1,0,0.0,0,0.0,,0,,,,,0.0,,,,,False
1505 BRUCKBRUCKNER BLVD,1,0,0.0,0,0.0,,0,,,,,0.0,,,,,False
150TH ST,1,1,0.0,0,0.0,0.0,0,,,,,0.0,,,,,False
151 PL,0,0,0.0,0,0.0,,0,1385.1356508842405,2.0,25.0,0.0,0.0,5.0,,,,False
1510A JEROME AVE,1,0,0.0,0,0.0,,0,,,,,0.0,,,,,False
151A NASSAU AVE,1,0,0.0,0,0.0,,0,,,,,0.0,,,,,False
151A WATERBURY AVE,1,0,0.0,0,0.0,,0,,,,,0.0,,,,,False
153 COURT,9,5,0.0,0,0.0,0.0,0,,,,,0.0,,,,,False
153 CT,0,0,0.0,1,0.0,,0,651.1481977037622,2.0,25.0,0.0,0.0,2.0,,,,False
153 LANE,11,11,0.0,1,0.0,0.0,0,,,,,0.0,,,,,False
153 LN,0,0,0.0,0,0.0,,0,653.6919331674917,2.0,25.0,0.0,0.0,1.0,,,,False
154 STREEET,1,0,0.0,0,0.0,,0,,,,,0.0,,,,,False
1540 E. 172 ST,1,0,0.0,0,0.0,,0,,,,,0.0,,,,,False
154TH ST,2,0,0.0,0,0.0,,0,,,,,0.0,,,,,False
155TH ST AND 116TH AVE,1,0,0.0,0,0.0,,0,,,,,0.0,,,,,False
156-02 94TH ST,0,0,0.0,1,0.0,,0,,,,,0.0,,,,,False
158 18 159 ST,1,0,0.0,0,0.0,,0,,,,,0.0,,,,,False
159A LUDLOW ST,3,0,0.0,0,0.0,,0,,,,,0.0,,,,,False
15A DWIGHT ST,1,0,0.0,0,0.0,,0,,,,,0.0,,,,,False
1616 B VOORHIES AVE,1,0,0.0,0,0.0,,0,,,,,0.0,,,,,False
162 E 102 ST,1,0,0.0,0,0.0,,0,,,,,0.0,,,,,False
1626A BEDFORD AVE,1,0,0.0,0,0.0,,0,,,,,0.0,,,,,False
163 A 14 ST,1,0,0.0,0,0.0,,0,,,,,0.0,,,,,False
1634 ST. MST. MARKS AVE,1,0,0.0,0,0.0,,0,,,,,0.0,,,,,False
1636A 3 AVE,1,0,0.0,0,0.0,,0,,,,,0.0,,,,,False
1637 F FOREST AVE,1,0,0.0,0,0.0,,0,,,,,0.0,,,,,False
163A HULL ST,1,0,0.0,0,0.0,,0,,,,,0.0,,,,,False
163A WEST 228 ST,1,0,0.0,0,0.0,,0,,,,,0.0,,,,,False
163RD ST,1,0,0.0,0,0.0,,0,,,,,0.0,,,,,False
163RD ST AND 3RD AVE,1,0,0.0,0,0.0,,0,,,,,0.0,,,,,False
164TH PL,1,0,0.0,0,0.0,,0,,,,,0.0,,,,,False
165A STUYVESANT AVE,1,0,0.0,0,0.0,,0,,,,,0.0,,,,,False
1662 EAST 5 ST,1,0,0.0,0,0.0,,0,,,,,0.0,,,,,False
168-25B HILLSIDE AVE,1,0,0.0,0,0.0,,0,,,,,0.0,,,,,False
168-30B JAMAICA AVE,1,0,0.0,0,0.0,,0,,,,,0.0,,,,,False
1689B SAINT JOHNS PL,1,0,0.0,0,0.0,,0,,,,,0.0,,,,,False
168PLACE 104 AVE,1,0,0.0,0,0.0,,0,,,,,0.0,,,,,False
1699A FULTON AVE,0,0,0.0,0,0.0,,0,,,,,0.0,,,,,False
16A BARRETT AVE,1,0,0.0,0,0.0,,0,,,,,0.0,,,,,False
16A DEWEY PL,1,0,0.0,0,0.0,,0,,,,,0.0,,,,,False
16TH ST,1,0,0.0,0,0.0,,0,,,,,0.0,,,,,False
17 A MOULTRIE ST,1,0,0.0,0,0.0,,0,,,,,0.0,,,,,False
170-186 VAN BRUNT ST,1,1,0.0,0,0.0,0.0,0,,,,,0.0,,,,,False
1717B TROUTMAN ST,1,0,0.0,0,0.0,,0,,,,,0.0,,,,,False
172ND,1,1,0.0,0,0.0,0.0,0,,,,,0.0,,,,,False
172ND ST,1,0,0.0,0,0.0,,0,,,,,0.0,,,,,False
1738A CONEY ISLAND AVE,1,1,0.0,0,0.0,0.0,0,,,,,0.0,,,,,False
1742B FOREST HILL RD,2,1,0.0,0,0.0,0.0,0,,,,,0.0,,,,,False
175A EAST 165 ST,1,0,0.0,0,0.0,,0,,,,,0.0,,,,,False
177 DREISEDREISER LOOP,1,0,0.0,0,0.0,,0,,,,,0.0,,,,,False
1770 A WESTCHESTER AVE,1,1,0.0,0,0.0,0.0,0,,,,,0.0,,,,,False
1772A PACIFIC ST,1,0,0.0,0,0.0,,0,,,,,0.0,,,,,False
1772A RALPH AVE,1,0,0.0,0,0.0,,0,,,,,0.0,,,,,False
178A 26 ST,1,0,0.0,0,0.0,,0,,,,,0.0,,,,,False
1796A PACIFIC ST,1,1,0.0,0,0.0,0.0,0,,,,,0.0,,,,,False
179B BROADWAY,1,0,0.0,0,0.0,,0,,,,,0.0,,,,,False
17A MOULTRIE ST,1,0,0.0,0,0.0,,0,,,,,0.0,,,,,False
17B DWIGHT ST,1,0,0.0,0,0.0,,0,,,,,0.0,,,,,False
18-10 BROOKHAVEN AVE,1,0,0.0,0,0.0,,0,,,,,0.0,,,,,False
1812 PITKIPITKIN AVE,1,0,0.0,0,0.0,,0,,,,,0.0,,,,,False
1819C WEST FARMS RD,1,0,0.0,0,0.0,,0,,,,,0.0,,,,,False
182 VERMONATLANTIC AVE,1,0,0.0,0,0.0,,0,,,,,0.0,,,,,False
182A CALYER ST,1,0,0.0,0,0.0,,0,,,,,0.0,,,,,False
1835 UNIVERSITY AVE,0,0,0.0,5,0.0,,0,,,,,0.0,,,,,False
1851A ATLANTIC AVE,1,0,0.0,0,0.0,,0,,,,,0.0,,,,,False
1858B EAST TREMONT AVE,1,0,0.0,0,0.0,,0,,,,,0.0,,,,,False
186 LANE,11,1,0.0,4,0.0,0.0,0,,,,,0.0,,,,,False
186 LN,0,0,0.0,2,0.0,,0,3833.730270435509,2.0,25.0,0.0,0.0,9.0,,,,False
1865-A EAST TREMONT AVE,1,0,0.0,0,0.0,,0,,,,,0.0,,,,,False
187-20 GRAND CENTRAL PKWY,0,0,0.0,2,0.0,,0,,,,,0.0,,,,,False
187A 6 AVE,1,0,0.0,0,0.0,,0,,,,,0.0,,,,,False
188-20C 69 AVE,0,0,0.0,0,0.0,,0,,,,,0.0,,,,,False
188-25B 71 CRES,0,0,0.0,0,0.0,,0,,,,,0.0,,,,,False
188-35E 71 CRESCENT,1,0,0.0,0,0.0,,0,,,,,0.0,,,,,False
188-35G 71 CRES,0,0,0.0,0,0.0,,0,,,,,0.0,,,,,False
188-40A 71 CRES,0,0,0.0,0,0.0,,0,,,,,0.0,,,,,False
188A STUYVESANT AVE,1,0,0.0,0,0.0,,0,,,,,0.0,,,,,False
188A VERNON AVE,1,0,0.0,0,0.0,,0,,,,,0.0,,,,,False
189- 10 ABERDEEN RD,1,0,0.0,0,0.0,,0,,,,,0.0,,,,,False
19 1/2 PITT ST,1,0,0.0,0,0.0,,0,,,,,0.0,,,,,False
19 LANE,1,0,0.0,0,0.0,,0,,,,,0.0,,,,,False
19-19 STREASTORIA,1,1,0.0,0,0.0,0.0,0,,,,,0.0,,,,,False
19-44 A 37 ST,1,0,0.0,0,0.0,,0,,,,,0.0,,,,,False
19-W EAST FORDHAM RD,1,0,0.0,0,0.0,,0,,,,,0.0,,,,,False
190 LANE,5,0,0.0,0,0.0,,0,,,,,0.0,,,,,False
190 LN,0,0,0.0,1,0.0,,0,760.1182138339752,1.5,25.0,0.0,0.0,2.0,,,,False
190 PL,0,0,0.0,1,0.0,,0,406.2704330108919,2.0,25.0,0.0,0.0,1.0,,,,False
190-15A 73 AVE,1,0,0.0,0,0.0,,0,,,,,0.0,,,,,False
190TH ST,1,0,0.0,0,0.0,,0,,,,,0.0,,,,,False
1915 BATH AVE,1,1,0.0,0,0.0,0.0,0,,,,,0.0,,,,,False
191A HALSEY ST,1,0,0.0,0,0.0,,0,,,,,0.0,,,,,False
192-10C 64 AVE,1,0,0.0,1,0.0,,0,,,,,0.0,,,,,False
192-15A 64 AVE,1,0,0.0,0,0.0,,0,,,,,0.0,,,,,False
192-24B 64 CIRCLE,1,0,0.0,0,0.0,,0,,,,,0.0,,,,,False
192-45B 71 CRESCENT,1,0,0.0,0,0.0,,0,,,,,0.0,,,,,False
192ND ST,1,1,0.0,0,0.0,0.0,0,,,,,0.0,,,,,False
193 LANE,2,1,0.0,0,0.0,0.0,0,,,,,0.0,,,,,False
193 LN,0,0,0.0,0,0.0,,0,755.5057246696646,2.0,25.0,0.0,0.0,2.0,,,,False
193-15B 73 AVE,0,0,0.0,1,0.0,,0,,,,,0.0,,,,,False
1930. FOSTER AVE,1,0,0.0,0,0.0,,0,,,,,0.0,,,,,False
194 AVE,1,0,0.0,0,0.0,,0,,,,,0.0,,,,,False
194-10C 64 CIRCLE,1,1,0.0,0,0.0,0.0,0,,,,,0.0,,,,,False
19401C 64TH CIRCLE,1,0,0.0,0,0.0,,0,,,,,0.0,,,,,False
195 LANE,2,1,0.0,0,0.0,0.0,0,,,,,0.0,,,,,False
195 LN,0,0,0.0,0,0.0,,0,745.2262770931916,2.0,25.0,0.0,0.0,5.0,,,,False
195-10A PECK AVE,1,0,0.0,0,0.0,,0,,,,,0.0,,,,,False
195-10F PECK AVE,1,0,0.0,0,0.0,,0,,,,,0.0,,,,,False
195-15C 67 AVE,1,0,0.0,0,0.0,,0,,,,,0.0,,,,,False
1954A ROCKAWAY PKWY,1,0,0.0,0,0.0,,0,,,,,0.0,,,,,False
195A CANAL ST,1,0,0.0,0,0.0,,0,,,,,0.0,,,,,False
196-10C 65 CRESCENT,1,0,0.0,0,0.0,,0,,,,,0.0,,,,,False
196-19B LINDEN BLVD,1,0,0.0,0,0.0,,0,,,,,0.0,,,,,False
196A FLATBUSH AVE,1,0,0.0,0,0.0,,0,,,,,0.0,,,,,False
197-80C PECK AVE,0,0,0.0,3,0.0,,0,,,,,0.0,,,,,False
197-80E PECK AVE,1,0,0.0,0,0.0,,0,,,,,0.0,,,,,False
197-80G PECK AVE,1,0,0.0,0,0.0,,0,,,,,0.0,,,,,False
197-80H PECK AVE,1,0,0.0,0,0.0,,0,,,,,0.0,,,,,False
1984-D FLATBUSH AVE,1,0,0.0,0,0.0,,0,,,,,0.0,,,,,False
1988A FULTON ST,1,0,0.0,0,0.0,,0,,,,,0.0,,,,,False
198A LEWIS AVE,1,0,0.0,0,0.0,,0,,,,,0.0,,,,,False
199TH ST,1,0,0.0,0,0.0,,0,,,,,0.0,,,,,False
19TH AVE,1,0,0.0,0,0.0,,0,,,,,0.0,,,,,False
19TH ST,1,0,0.0,0,0.0,,0,,,,,0.0,,,,,False
1E W 35 ST,0,0,0.0,0,0.0,,0,,,,,0.0,,,,,False
1OTH AVE,1,0,0.0,0,0.0,,0,,,,,0.0,,,,,False
1ST AVE,4,3,0.0,0,0.0,0.0,0,,,,,0.0,,,,,False
1ST HWY,1,0,0.0,0,0.0,,0,,,,,0.0,,,,,False
20 LANE,5,1,0.0,0,0.0,0.0,0,,,,,0.0,,,,,False
20 LN,0,0,0.0,0,0.0,,0,762.9167116411029,2.0,25.0,0.0,0.0,1.0,,,,False
202A HESTER ST,2,0,0.0,0,0.0,,0,,,,,0.0,,,,,False
203RD ST,1,0,0.0,0,0.0,,0,,,,,0.0,,,,,False
2056A PACIFIC ST,1,0,0.0,0,0.0,,0,,,,,0.0,,,,,False
2058B LEXINGTON AVE,1,0,0.0,0,0.0,,0,,,,,0.0,,,,,False
2063A BARTOW AVE,1,0,0.0,0,0.0,,0,,,,,0.0,,,,,False
2065,1,1,0.0,0,0.0,0.0,0,,,,,0.0,,,,,False
207--19 111 AVE,1,0,0.0,0,0.0,,0,,,,,0.0,,,,,False
207-08,1,0,0.0,0,0.0,,0,,,,,0.0,,,,,False
2077A FULTON ST,0,0,0.0,1,0.0,,0,,,,,0.0,,,,,False
2077A PACIFIC ST,0,0,0.0,0,0.0,,0,,,,,0.0,,,,,False
208TH ST,1,0,0.0,0,0.0,,0,,,,,0.0,,,,,False
20B 3 AVE,0,0,0.0,0,0.0,,0,,,,,0.0,,,,,False
20TH AVE,1,0,0.0,0,0.0,,0,,,,,0.0,,,,,False
21 ST AND 31 RD,1,1,0.0,0,0.0,0.0,0,,,,,0.0,,,,,False
21-046A MOTT AVE,1,0,0.0,0,0.0,,0,,,,,0.0,,,,,False
21-12C 36 AVE,1,1,0.0,0,0.0,0.0,0,,,,,0.0,,,,,False
210 WEST 55 ST,1,0,0.0,0,0.0,,0,,,,,0.0,,,,,False
210-33A 26 AVE,1,0,0.0,0,0.0,,0,,,,,0.0,,,,,False
210A PARKSIDE AVE,1,0,0.0,0,0.0,,0,,,,,0.0,,,,,False
210P WEST 153 ST,1,0,0.0,0,0.0,,0,,,,,0.0,,,,,False
2110 C CLOVE RD,1,0,0.0,0,0.0,,0,,,,,0.0,,,,,False
211A 9 ST,1,0,0.0,0,0.0,,0,,,,,0.0,,,,,False
211D WEST 151 ST,1,1,0.0,0,0.0,0.0,0,,,,,0.0,,,,,False
212 SREET,1,0,0.0,0,0.0,,0,,,,,0.0,,,,,False
212-37C 99 AVE,0,0,0.0,0,0.0,,0,,,,,0.0,,,,,False
213 15 26 AVE,1,0,0.0,0,0.0,,0,,,,,0.0,,,,,False
214 LANE,1,0,0.0,0,0.0,,0,,,,,0.0,,,,,False
214 LN,0,0,0.0,0,0.0,,0,444.1334355870491,1.0,25.0,0.0,0.0,1.0,,,,False
214 RIVERSIDE DR,1,0,0.0,0,0.0,,0,,,,,0.0,,,,,False
214-21S HILLSIDE AVE,1,0,0.0,0,0.0,,0,,,,,0.0,,,,,False
214-32` JAMAICA AVE,1,1,0.0,0,0.0,0.0,0,,,,,0.0,,,,,False
2144A ATLANTIC AVE,0,0,0.0,0,0.0,,0,,,,,0.0,,,,,False
2145A RALPH AVE,1,0,0.0,0,0.0,,0,,,,,0.0,,,,,False
2148A FULTON ST,1,0,0.0,0,0.0,,0,,,,,0.0,,,,,False
214TH ST,1,0,0.0,0,0.0,,0,,,,,0.0,,,,,False
217 LANE,12,4,0.0,1,0.0,0.0,0,,,,,0.0,,,,,False
217 LN,0,0,0.0,0,0.0,,0,1992.4351905143674,1.7142857142857142,25.0,0.0,0.0,7.0,,,,False
217B CANAL ST,1,0,0.0,0,0.0,,0,,,,,0.0,,,,,False
2183A RALPH AVE,2,0,0.0,0,0.0,,0,,,,,0.0,,,,,False
2193A NEW ENGLAND THRUWAY,1,0,0.0,0,0.0,,0,,,,,0.0,,,,,False
21B KNOLLS CRESCENT,1,0,0.0,0,0.0,,0,,,,,0.0,,,,,False
21`-15 BROADWAY,1,1,0.0,0,0.0,0.0,0,,,,,0.0,,,,,False
220STREET,1,0,0.0,0,0.0,,0,,,,,0.0,,,,,False
221 STRRET,0,0,0.0,1,0.0,,0,,,,,0.0,,,,,False
222A 6 AVE,0,0,0.0,0,0.0,,0,,,,,0.0,,,,,False
222ND ST,1,1,0.0,0,0.0,0.0,0,,,,,0.0,,,,,False
2230 CHURCH AVE,1,2,0.0,0,0.0,0.0,0,,,,,0.0,,,,,False
224A 19 ST,1,0,0.0,0,0.0,,0,,,,,0.0,,,,,False
225A EAST 149 ST,2,1,0.0,0,0.0,0.0,0,,,,,0.0,,,,,False
225E SIGNS RD,0,0,0.0,0,0.0,,0,,,,,0.0,,,,,False
226 DR,0,0,0.0,0,0.0,,0,1143.5678885915172,1.0,25.0,0.0,0.0,3.0,,,,False
226A 19 ST,0,0,0.0,5,0.0,,0,,,,,0.0,,,,,False
226B CANAL ST,1,0,0.0,0,0.0,,0,,,,,0.0,,,,,False
227A EAST 167 ST,1,0,0.0,0,0.0,,0,,,,,0.0,,,,,False
227A SCHOLES ST,1,1,0.0,0,0.0,0.0,0,,,,,0.0,,,,,False
227TH ST,1,0,0.0,0,0.0,,0,,,,,0.0,,,,,False
229 DR N,0,0,0.0,1,0.0,,0,1488.719620565625,2.0,25.0,0.0,0.0,15.0,,,,False
229 DR S,0,0,0.0,1,0.0,,0,1086.167658136174,2.0,25.0,0.0,0.0,3.0,,,,False
229A E 204 ST,0,0,0.0,0,0.0,,0,,,,,0.0,,,,,False
22A W 47 ST,0,0,0.0,0,0.0,,0,,,,,0.0,,,,,False
22A WINDSOR PL,1,0,0.0,0,0.0,,0,,,,,0.0,,,,,False
22B BOWERY,1,0,0.0,0,0.0,,0,,,,,0.0,,,,,False
23 AVE 85 ST,1,0,0.0,0,0.0,,0,,,,,0.0,,,,,False
23 AVENEUE,1,1,0.0,0,0.0,0.0,0,,,,,0.0,,,,,False
23 TERRACE,2,0,0.0,0,0.0,,0,,,,,0.0,,,,,False
2303A PACIFIC ST,1,0,0.0,0,0.0,,0,,,,,0.0,,,,,False
230B EDGEWATER PARK,1,0,0.0,0,0.0,,0,,,,,0.0,,,,,False
231 A EAST 55 ST,1,0,0.0,0,0.0,,0,,,,,0.0,,,,,False
231 ST BROADWAY,1,1,0.0,0,0.0,0.0,0,,,,,0.0,,,,,False
231B E 149 ST,0,0,0.0,1,0.0,,0,,,,,0.0,,,,,False
233RD ST,1,0,0.0,0,0.0,,0,,,,,0.0,,,,,False
235 COURT,12,4,0.0,1,0.0,0.0,0,,,,,0.0,,,,,False
235 CT,0,0,0.0,3,0.0,,0,955.0677130193938,1.0,25.0,0.0,0.0,3.0,,,,False
235-237 W 145TH ST,1,0,0.0,0,0.0,,0,,,,,0.0,,,,,False
236A 6 ST,1,0,0.0,0,0.0,,0,,,,,0.0,,,,,False
237A RUSSELL ST,1,0,0.0,0,0.0,,0,,,,,0.0,,,,,False
237B GRAND ST,1,0,0.0,0,0.0,,0,,,,,0.0,,,,,False
238,1,2,0.0,0,0.0,0.0,0,,,,,0.0,,,,,False
239A SUMPTER ST,1,0,0.0,0,0.0,,0,,,,,0.0,,,,,False
239TH ST,1,1,0.0,0,0.0,0.0,0,,,,,0.0,,,,,False
23A VERNON AVE,1,0,0.0,0,0.0,,0,,,,,0.0,,,,,False
23RD AVE,1,0,0.0,0,0.0,,0,,,,,0.0,,,,,False
240TH,1,0,0.0,0,0.0,,0,,,,,0.0,,,,,False
240TH ST,1,0,0.0,0,0.0,,0,,,,,0.0,,,,,False
2413A 2 AVE,1,0,0.0,0,0.0,,0,,,,,0.0,,,,,False
241A ROCKAWAY PKWY,2,2,0.0,0,0.0,0.0,0,,,,,0.0,,,,,False
2430,1,0,0.0,0,0.0,,0,,,,,0.0,,,,,False
246 PL,0,0,0.0,0,0.0,,0,651.3035389575512,2.0,25.0,0.0,0.0,2.0,,,,False
2461 NOSTRAND AVE,1,1,0.0,0,0.0,0.0,0,,,,,0.0,,,,,False
247-05A 76 AVE,1,0,0.0,0,0.0,,0,,,,,0.0,,,,,False
24TH RD,1,0,0.0,0,0.0,,0,,,,,0.0,,,,,False
25 WEST 52 ST,1,1,0.0,0,0.0,0.0,0,,,,,0.0,,,,,False
251 EAST 161 ST,1,0,0.0,0,0.0,,0,,,,,0.0,,,,,False
2529A GRAND AVE,1,0,0.0,0,0.0,,0,,,,,0.0,,,,,False
2531A GRAND AVE,1,0,0.0,0,0.0,,0,,,,,0.0,,,,,False
254B LIVONIA AVE,1,2,0.0,0,0.0,0.0,0,,,,,0.0,,,,,False
255A CANAL ST,1,0,0.0,0,0.0,,0,,,,,0.0,,,,,False
256A MASON AVE,1,4,0.0,0,0.0,0.0,0,,,,,0.0,,,,,False
256B MASON AVE,2,1,0.0,0,0.0,0.0,0,,,,,0.0,,,,,False
257B JERSEY ST,0,0,0.0,1,0.0,,0,,,,,0.0,,,,,False
258A BROOKLYN AVE,1,0,0.0,0,0.0,,0,,,,,0.0,,,,,False
25A HULL ST,1,0,0.0,0,0.0,,0,,,,,0.0,,,,,False
2602B HYLAN BLVD,1,1,0.0,0,0.0,0.0,0,,,,,0.0,,,,,False
2602B LINDEN BLVD,2,0,0.0,0,0.0,,0,,,,,0.0,,,,,False
262A LEWIS AVE,1,1,0.0,0,0.0,0.0,0,,,,,0.0,,,,,False
262B ARDEN AVE,0,0,0.0,0,0.0,,0,,,,,0.0,,,,,False
265B MASON AVE,1,1,0.0,0,0.0,0.0,0,,,,,0.0,,,,,False
266A 19 ST,0,0,0.0,0,0.0,,0,,,,,0.0,,,,,False
266A FLATBUSH AVE,1,0,0.0,0,0.0,,0,,,,,0.0,,,,,False
26TH AVE,4,2,0.0,0,0.0,0.0,0,,,,,0.0,,,,,False
2737B KINGSBRIDGE TERRACE,1,0,0.0,0,0.0,,0,,,,,0.0,,,,,False
273A COOPER ST,2,0,0.0,0,0.0,,0,,,,,0.0,,,,,False
273A JEWETT AVE,0,0,0.0,6,0.0,,0,,,,,0.0,,,,,False
273A NASSAU AVE,1,0,0.0,0,0.0,,0,,,,,0.0,,,,,False
275-300 FDR DR S,1,0,0.0,0,0.0,,0,,,,,0.0,,,,,False
2750 GERRITSEN AVE,1,0,0.0,0,0.0,,0,,,,,0.0,,,,,False
278 INTERSTATE ROUTE EAST,0,0,0.0,0,0.0,,0,,,,,0.0,,,,,False
278B 5 AVE,1,1,0.0,0,0.0,0.0,0,,,,,0.0,,,,,False
280-A LINWOOD ST,1,0,0.0,0,0.0,,0,,,,,0.0,,,,,False
2804A 3 AVE,1,1,0.0,0,0.0,0.0,0,,,,,0.0,,,,,False
281A 19 ST,1,0,0.0,0,0.0,,0,,,,,0.0,,,,,False
282A NASSAU AVE,1,0,0.0,0,0.0,,0,,,,,0.0,,,,,False
2842A RICHMOND TERRACE,2,0,0.0,0,0.0,,0,,,,,0.0,,,,,False
2878 WEST WEST 15 ST,1,0,0.0,0,0.0,,0,,,,,0.0,,,,,False
2882C 3 AVE,1,1,0.0,0,0.0,0.0,0,,,,,0.0,,,,,False
2896` SHELL RD,1,0,0.0,0,0.0,,0,,,,,0.0,,,,,False
28TH AVE,1,0,0.0,0,0.0,,0,,,,,0.0,,,,,False
2903A GRACE AVE,1,0,0.0,0,0.0,,0,,,,,0.0,,,,,False
290B JERSEY ST,0,0,0.0,1,0.0,,0,,,,,0.0,,,,,False
295 SOUTH,1,0,0.0,0,0.0,,0,,,,,0.0,,,,,False
295A MAC DOUGAL ST,0,0,0.0,0,0.0,,0,,,,,0.0,,,,,False
296D WEST 137 ST,1,0,0.0,0,0.0,,0,,,,,0.0,,,,,False
297A PULASKI ST,0,0,0.0,0,0.0,,0,,,,,0.0,,,,,False
299 PARK AEAST 49 ST,1,0,0.0,0,0.0,,0,,,,,0.0,,,,,False
29TH AVE,1,1,0.0,0,0.0,0.0,0,,,,,0.0,,,,,False
29TH ST/HOYT AVE N,0,0,0.0,0,0.0,,0,,,,,0.0,,,,,False
2ND AVE,1,0,0.0,0,0.0,,0,,,,,0.0,,,,,False
3 AVE BRG,0,0,0.0,1,0.0,,0,,,,,0.0,,,,,False
3 AVEN4E,1,1,0.0,0,0.0,0.0,0,,,,,0.0,,,,,False
3 AVEUNE,1,0,0.0,0,0.0,,0,,,,,0.0,,,,,False
30,1,0,0.0,0,0.0,,0,,,,,0.0,,,,,False
30 30 THOMSON AVE,1,0,0.0,0,0.0,,0,,,,,0.0,,,,,False
30 AVE 50 ST,1,1,0.0,0,0.0,0.0,0,,,,,0.0,,,,,False
300 EAST MAIN ST,1,1,0.0,0,0.0,0.0,0,,,,,0.0,,,,,False
3000 OCEAN PKWY,1,0,0.0,0,0.0,,0,,,,,0.0,,,,,False
300A 18 ST,1,0,0.0,0,0.0,,0,,,,,0.0,,,,,False
3010 SHORE PKWY,0,0,0.0,0,0.0,,0,,,,,0.0,,,,,False
3031A VALENTINE AVE,1,0,0.0,0,0.0,,0,,,,,0.0,,,,,False
303A PULASKI ST,2,0,0.0,0,0.0,,0,,,,,0.0,,,,,False
307A W 146 ST,0,0,0.0,0,0.0,,0,,,,,0.0,,,,,False
30A COUNTRY DR EAST,1,0,0.0,0,0.0,,0,,,,,0.0,,,,,False
30AVENUE,1,0,0.0,0,0.0,,0,,,,,0.0,,,,,False
30TH AVE,1,0,0.0,0,0.0,,0,,,,,0.0,,,,,False
31,1,0,0.0,0,0.0,,0,,,,,0.0,,,,,False
310A STUYVESANT AVE,1,0,0.0,0,0.0,,0,,,,,0.0,,,,,False
311A LEONARD ST,1,0,0.0,0,0.0,,0,,,,,0.0,,,,,False
315? SUTTER AVE,1,0,0.0,0,0.0,,0,,,,,0.0,,,,,False
31A KINGSLAND AVE,1,0,0.0,0,0.0,,0,,,,,0.0,,,,,False
31ST,1,0,0.0,0,0.0,,0,,,,,0.0,,,,,False
31W 31 ST,1,0,0.0,0,0.0,,0,,,,,0.0,,,,,False
32--38 100 ST,1,0,0.0,0,0.0,,0,,,,,0.0,,,,,False
32-70A 31 ST,2,0,0.0,0,0.0,,0,,,,,0.0,,,,,False
3204 PARK AVE,1,0,0.0,0,0.0,,0,,,,,0.0,,,,,False
320` BEACH 100 ST,1,0,0.0,0,0.0,,0,,,,,0.0,,,,,False
3211A WHITE PLAINS RD,1,0,0.0,0,0.0,,0,,,,,0.0,,,,,False
321A 15 ST,0,0,0.0,0,0.0,,0,,,,,0.0,,,,,False
324A UTICA AVE,1,0,0.0,0,0.0,,0,,,,,0.0,,,,,False
325A 22 ST,0,0,0.0,1,0.0,,0,,,,,0.0,,,,,False
3269 HULL AVE,1,0,0.0,0,0.0,,0,,,,,0.0,,,,,False
326A 9 ST,1,0,0.0,0,0.0,,0,,,,,0.0,,,,,False
327A WINTHROP ST,0,0,0.0,0,0.0,,0,,,,,0.0,,,,,False
329A QUINTARD ST,1,1,0.0,0,0.0,0.0,0,,,,,0.0,,,,,False
32A CAROLL ST,1,0,0.0,0,0.0,,0,,,,,0.0,,,,,False
330A CASANOVA ST,1,0,0.0,0,0.0,,0,,,,,0.0,,,,,False
331A MYRTLE AVE,1,1,0.0,0,0.0,0.0,0,,,,,0.0,,,,,False
333A NORTH HENRY ST,1,0,0.0,0,0.0,,0,,,,,0.0,,,,,False
333B EAST GUN HILL RD,1,0,0.0,0,0.0,,0,,,,,0.0,,,,,False
337B 96 ST,1,0,0.0,0,0.0,,0,,,,,0.0,,,,,False
3380 NOSTRAND AVE,0,0,0.0,0,0.0,,0,,,,,0.0,,,,,False
339A BAINBRIDGE ST,1,0,0.0,0,0.0,,0,,,,,0.0,,,,,False
33A PARK ROW,0,0,0.0,0,0.0,,0,,,,,0.0,,,,,False
33RD AVE,1,0,0.0,0,0.0,,0,,,,,0.0,,,,,False
33STREET,1,0,0.0,0,0.0,,0,,,,,0.0,,,,,False
33W EAST 58 ST,1,1,0.0,0,0.0,0.0,0,,,,,0.0,,,,,False
34,1,1,0.0,0,0.0,0.0,0,,,,,0.0,,,,,False
34 1/2 12 ST,1,0,0.0,0,0.0,,0,,,,,0.0,,,,,False
34 1/2 EAST 12 ST,1,0,0.0,0,0.0,,0,,,,,0.0,,,,,False
34 AVE 80 ST,1,0,0.0,0,0.0,,0,,,,,0.0,,,,,False
344A 19 ST,1,1,0.0,0,0.0,0.0,0,,,,,0.0,,,,,False
344B MAUJER ST,1,0,0.0,0,0.0,,0,,,,,0.0,,,,,False
346 A LAFAYETTE AVE,1,1,0.0,0,0.0,0.0,0,,,,,0.0,,,,,False
348A 4 ST,1,0,0.0,0,0.0,,0,,,,,0.0,,,,,False
34C 1 AVE,1,0,0.0,0,0.0,,0,,,,,0.0,,,,,False
34H SAINT MARKS PL,1,0,0.0,0,0.0,,0,,,,,0.0,,,,,False
34TH AVE,1,0,0.0,0,0.0,,0,,,,,0.0,,,,,False
34TH ST,1,1,0.0,0,0.0,0.0,0,,,,,0.0,,,,,False
35 STEEET,1,1,0.0,0,0.0,0.0,0,,,,,0.0,,,,,False
35-41 91 S91 ST,1,0,0.0,0,0.0,,0,,,,,0.0,,,,,False
350A DECATUR ST,1,0,0.0,0,0.0,,0,,,,,0.0,,,,,False
3555 B WHITE PLAINS RD,1,0,0.0,0,0.0,,0,,,,,0.0,,,,,False
3555A WHITE PLAINS RD,1,1,0.0,0,0.0,0.0,0,,,,,0.0,,,,,False
358E EAST 112 ST,1,0,0.0,0,0.0,,0,,,,,0.0,,,,,False
35A PROSPECT PL,2,0,0.0,0,0.0,,0,,,,,0.0,,,,,False
35TH AVE,2,2,0.0,0,0.0,0.0,0,,,,,0.0,,,,,False
35TH ST,2,4,0.0,0,0.0,0.0,0,,,,,0.0,,,,,False
36-24A UNION ST,0,0,0.0,0,0.0,,0,,,,,0.0,,,,,False
3605 SEDGWICK AVE,1,0,0.0,0,0.0,,0,,,,,0.0,,,,,False
361F SKYLINE DR,1,0,0.0,0,0.0,,0,,,,,0.0,,,,,False
365 CANAL ST,1,0,0.0,0,0.0,,0,,,,,0.0,,,,,False
368A DECATUR ST,1,0,0.0,0,0.0,,0,,,,,0.0,,,,,False
36A EDGEWATER PARK,0,0,0.0,0,0.0,,0,,,,,0.0,,,,,False
36A RALPH AVE,1,0,0.0,0,0.0,,0,,,,,0.0,,,,,False
36TH AVE,0,0,0.0,0,0.0,,0,,,,,0.0,,,,,False
36TH ST,1,1,0.0,0,0.0,0.0,0,,,,,0.0,,,,,False
370A EAST 17 ST,1,0,0.0,0,0.0,,0,,,,,0.0,,,,,False
3718 OCEANIC AVE,1,0,0.0,0,0.0,,0,,,,,0.0,,,,,False
377A WEBSTER AVE,1,0,0.0,0,0.0,,0,,,,,0.0,,,,,False
37ST,1,0,0.0,0,0.0,,0,,,,,0.0,,,,,False
380. 88 ST,1,1,0.0,0,0.0,0.0,0,,,,,0.0,,,,,False
3815 ORLOFF AVE,1,0,0.0,0,0.0,,0,,,,,0.0,,,,,False
381A MARCUS GARVEY BLVD,1,1,0.0,0,0.0,0.0,0,,,,,0.0,,,,,False
383B 2 AVE,1,0,0.0,0,0.0,,0,,,,,0.0,,,,,False
3847A NOSTRAND AVE,0,0,0.0,0,0.0,,0,,,,,0.0,,,,,False
386B CHAUNCEY ST,1,0,0.0,0,0.0,,0,,,,,0.0,,,,,False
38TH AVE,2,0,0.0,0,0.0,,0,,,,,0.0,,,,,False
38TH ST,1,0,0.0,0,0.0,,0,,,,,0.0,,,,,False
39,1,2,0.0,0,0.0,0.0,0,,,,,0.0,,,,,False
39 PARK AVE,1,0,0.0,0,0.0,,0,,,,,0.0,,,,,False
3929A BROADWAY,1,2,0.0,0,0.0,0.0,0,,,,,0.0,,,,,False
3980 B BARNES AVE,1,0,0.0,0,0.0,,0,,,,,0.0,,,,,False
39A GRAMERCY PARK NORTH,1,0,0.0,0,0.0,,0,,,,,0.0,,,,,False
39AVENUE,1,0,0.0,0,0.0,,0,,,,,0.0,,,,,False
39RD,1,0,0.0,0,0.0,,0,,,,,0.0,,,,,False
39TH AVE,1,0,0.0,0,0.0,,0,,,,,0.0,,,,,False
3H DELMAR AVE,1,1,0.0,0,0.0,0.0,0,,,,,0.0,,,,,False
3RD AVE,0,0,0.0,0,0.0,,0,,,,,0.0,,,,,False
3RD AVE EAST 181ST ST,0,0,0.0,0,0.0,,0,,,,,0.0,,,,,False
40 18 UNION ST,1,0,0.0,0,0.0,,0,,,,,0.0,,,,,False
40 AVEUNE,1,0,0.0,0,0.0,,0,,,,,0.0,,,,,False
400 8 8 AVE,1,0,0.0,0,0.0,,0,,,,,0.0,,,,,False
404A MONROE ST,1,0,0.0,0,0.0,,0,,,,,0.0,,,,,False
4068` BROADWAY,1,0,0.0,0,0.0,,0,,,,,0.0,,,,,False
4072A LACONIA AVE,1,0,0.0,0,0.0,,0,,,,,0.0,,,,,False
409A EAST 35 ST,1,0,0.0,0,0.0,,0,,,,,0.0,,,,,False
40A REMSEN AVE,1,1,0.0,0,0.0,0.0,0,,,,,0.0,,,,,False
40TH RD,1,0,0.0,0,0.0,,0,,,,,0.0,,,,,False
40TH ST AND DYER AVE,1,1,0.0,0,0.0,0.0,0,,,,,0.0,,,,,False
41--15 23 ST,1,0,0.0,0,0.0,,0,,,,,0.0,,,,,False
4100A PAULDING AVE,1,0,0.0,0,0.0,,0,,,,,0.0,,,,,False
411A STUYVESANT AVE,1,0,0.0,0,0.0,,0,,,,,0.0,,,,,False
414-13A BEACH CHANNEL DR,0,0,0.0,0,0.0,,0,,,,,0.0,,,,,False
415A 18 ST,1,0,0.0,0,0.0,,0,,,,,0.0,,,,,False
41A GRAND ST,1,0,0.0,0,0.0,,0,,,,,0.0,,,,,False
41ST ST,1,0,0.0,0,0.0,,0,,,,,0.0,,,,,False
42 -38 BELL BLVD,1,0,0.0,0,0.0,,0,,,,,0.0,,,,,False
42 25 235 ST,1,0,0.0,0,0.0,,0,,,,,0.0,,,,,False
42 STREEET,1,0,0.0,0,0.0,,0,,,,,0.0,,,,,False
42-96A MAIN ST,1,0,0.0,0,0.0,,0,,,,,0.0,,,,,False
421A MONROE ST,0,0,0.0,0,0.0,,0,,,,,0.0,,,,,False
4226A 3 AVE,1,0,0.0,0,0.0,,0,,,,,0.0,,,,,False
425 R 10 ST,1,0,0.0,0,0.0,,0,,,,,0.0,,,,,False
425A QUINCY ST,1,0,0.0,0,0.0,,0,,,,,0.0,,,,,False
426? LEFFERTS AVE,0,0,0.0,0,0.0,,0,,,,,0.0,,,,,False
42C MOTT ST,0,0,0.0,0,0.0,,0,,,,,0.0,,,,,False
42ND ST,4,1,0.0,0,0.0,0.0,0,,,,,0.0,,,,,False
42RD,1,0,0.0,0,0.0,,0,,,,,0.0,,,,,False
43-20C DITMARS BLVD,1,0,0.0,0,0.0,,0,,,,,0.0,,,,,False
43-29` BELL BLVD,1,0,0.0,0,0.0,,0,,,,,0.0,,,,,False
430A PULASKI ST,1,1,0.0,0,0.0,0.0,0,,,,,0.0,,,,,False
4319B WICKHAM AVE,1,0,0.0,0,0.0,,0,,,,,0.0,,,,,False
43RD AVE,2,0,0.0,0,0.0,,0,,,,,0.0,,,,,False
43RD ST,1,0,0.0,0,0.0,,0,,,,,0.0,,,,,False
43STREET ASTORIA BLVD,1,0,0.0,0,0.0,,0,,,,,0.0,,,,,False
44 NORTH SHORE RD,1,0,0.0,0,0.0,,0,,,,,0.0,,,,,False
44-14 25 AVE,1,0,0.0,0,0.0,,0,,,,,0.0,,,,,False
440,0,0,0.0,0,0.0,,0,,,,,0.0,,,,,False
44A HULL ST,1,0,0.0,0,0.0,,0,,,,,0.0,,,,,False
44DRIVE,1,0,0.0,0,0.0,,0,,,,,0.0,,,,,False
45-37 B BELL BLVD,0,0,0.0,0,0.0,,0,,,,,0.0,,,,,False
454,1,1,0.0,0,0.0,0.0,0,,,,,0.0,,,,,False
455A MYRTLE AVE,0,0,0.0,0,0.0,,0,,,,,0.0,,,,,False
45TH ST,2,0,0.0,0,0.0,,0,,,,,0.0,,,,,False
46 A CIRCLE LOOP,1,0,0.0,0,0.0,,0,,,,,0.0,,,,,False
46 A LOVELL AVE,1,0,0.0,0,0.0,,0,,,,,0.0,,,,,False
46-01 58TH ST,0,0,0.0,1,0.0,,0,,,,,0.0,,,,,False
460N BRIELLE AVE,1,0,0.0,0,0.0,,0,,,,,0.0,,,,,False
465` 52 ST,1,0,0.0,0,0.0,,0,,,,,0.0,,,,,False
466B E 179 ST,0,0,0.0,0,0.0,,0,,,,,0.0,,,,,False
467A MACDONOUGH ST,1,2,0.0,0,0.0,0.0,0,,,,,0.0,,,,,False
46A CIRCLE LOOP,1,0,0.0,0,0.0,,0,,,,,0.0,,,,,False
46TH AVE,2,2,0.0,0,0.0,0.0,0,,,,,0.0,,,,,False
46TH ST,1,0,0.0,0,0.0,,0,,,,,0.0,,,,,False
47-01` 111 ST,0,0,0.0,1,0.0,,0,,,,,0.0,,,,,False
474A HEMLOCK ST,1,0,0.0,0,0.0,,0,,,,,0.0,,,,,False
475-A DRIGGS AVE,1,0,0.0,0,0.0,,0,,,,,0.0,,,,,False
476S EAST 139 ST,0,0,0.0,1,0.0,,0,,,,,0.0,,,,,False
47AVE,1,0,0.0,0,0.0,,0,,,,,0.0,,,,,False
47B EDGEWATER PARK,2,0,0.0,0,0.0,,0,,,,,0.0,,,,,False
47B MOULTRIE ST,1,0,0.0,0,0.0,,0,,,,,0.0,,,,,False
47ST,1,0,0.0,0,0.0,,0,,,,,0.0,,,,,False
47TH ST,2,1,0.0,0,0.0,0.0,0,,,,,0.0,,,,,False
48-01A METROPOLITAN AVE,0,0,0.0,0,0.0,,0,,,,,0.0,,,,,False
488A 17 ST,1,0,0.0,0,0.0,,0,,,,,0.0,,,,,False
48A WEST 28 ST,1,0,0.0,0,0.0,,0,,,,,0.0,,,,,False
48C 9 ST,1,1,0.0,0,0.0,0.0,0,,,,,0.0,,,,,False
48TH AVE,2,0,0.0,0,0.0,,0,,,,,0.0,,,,,False
49 LANE,2,0,0.0,0,0.0,,0,,,,,0.0,,,,,False
49B EDGEWATER PARK,1,0,0.0,0,0.0,,0,,,,,0.0,,,,,False
49B WEST 37 ST,1,0,0.0,0,0.0,,0,,,,,0.0,,,,,False
49ST,1,1,0.0,0,0.0,0.0,0,,,,,0.0,,,,,False
4TH AVE,1,1,0.0,1,0.0,0.0,0,,,,,0.0,,,,,False
500 RIVERSIDE PARK SOUTH,1,1,0.0,0,0.0,0.0,0,,,,,0.0,,,,,False
500 W WEST 177 ST,1,0,0.0,0,0.0,,0,,,,,0.0,,,,,False
500A GRAND ST,2,0,0.0,0,0.0,,0,,,,,0.0,,,,,False
500B GRAND ST,1,0,0.0,0,0.0,,0,,,,,0.0,,,,,False
500C GRAND ST,1,1,0.0,0,0.0,0.0,0,,,,,0.0,,,,,False
501-517 E 60TH ST,1,0,0.0,0,0.0,,0,,,,,0.0,,,,,False
504B EAST 98 ST,1,0,0.0,0,0.0,,0,,,,,0.0,,,,,False
507 STREETWEST 134 ST,1,0,0.0,0,0.0,,0,,,,,0.0,,,,,False
507A 6 AVE,1,1,0.0,0,0.0,0.0,0,,,,,0.0,,,,,False
50TH ST,1,0,0.0,0,0.0,,0,,,,,0.0,,,,,False
50 GATEWAY DR,1,0,0.0,0,0.0,,0,,,,,0.0,,,,,False
5104A POST RD,1,0,0.0,0,0.0,,0,,,,,0.0,,,,,False
510A WYONA ST,0,0,0.0,0,0.0,,0,,,,,0.0,,,,,False
517A DE GRAW ST,1,0,0.0,0,0.0,,0,,,,,0.0,,,,,False
51A BEHAN COURT,1,0,0.0,0,0.0,,0,,,,,0.0,,,,,False
51A EAST 117 ST,1,0,0.0,0,0.0,,0,,,,,0.0,,,,,False
51B CLOVE RD,1,1,0.0,0,0.0,0.0,0,,,,,0.0,,,,,False
51D RICHMOND HILL RD,1,0,0.0,0,0.0,,0,,,,,0.0,,,,,False
52 COURT,1,0,0.0,0,0.0,,0,,,,,0.0,,,,,False
523A GATES AVE,1,0,0.0,0,0.0,,0,,,,,0.0,,,,,False
525B LINWOOD ST,1,0,0.0,0,0.0,,0,,,,,0.0,,,,,False
527. SNEDIKER AVE,1,0,0.0,0,0.0,,0,,,,,0.0,,,,,False
527A MACON ST,1,0,0.0,0,0.0,,0,,,,,0.0,,,,,False
529A MEEKER AVE,1,0,0.0,0,0.0,,0,,,,,0.0,,,,,False
529B WORTHEN ST,0,0,0.0,0,0.0,,0,,,,,0.0,,,,,False
52C BROADWAY,1,0,0.0,0,0.0,,0,,,,,0.0,,,,,False
53-15 58 S58 ST,1,0,0.0,0,0.0,,0,,,,,0.0,,,,,False
530C CONDUIT BLVD,0,0,0.0,0,0.0,,0,,,,,0.0,,,,,False
530E GRAND ST,0,0,0.0,0,0.0,,0,,,,,0.0,,,,,False
530F GRAND ST,2,0,0.0,0,0.0,,0,,,,,0.0,,,,,False
534A SEAVIEW AVE,1,0,0.0,0,0.0,,0,,,,,0.0,,,,,False
535A 6 AVE,1,0,0.0,0,0.0,,0,,,,,0.0,,,,,False
538 WEST 55TH ST,1,1,0.0,0,0.0,0.0,0,,,,,0.0,,,,,False
53TH ST,1,0,0.0,0,0.0,,0,,,,,0.0,,,,,False
54 BRONX SHORE RD,1,0,0.0,0,0.0,,0,,,,,0.0,,,,,False
541 A 3 AVE,1,1,0.0,0,0.0,0.0,0,,,,,0.0,,,,,False
541A RALPH AVE,1,0,0.0,0,0.0,,0,,,,,0.0,,,,,False
545A LAFAYETTE AVE,1,0,0.0,0,0.0,,0,,,,,0.0,,,,,False
545A QUINCY ST,1,0,0.0,0,0.0,,0,,,,,0.0,,,,,False
54TH ST,2,0,0.0,0,0.0,,0,,,,,0.0,,,,,False
550J GRAND ST,1,0,0.0,0,0.0,,0,,,,,0.0,,,,,False
552,1,0,0.0,0,0.0,,0,,,,,0.0,,,,,False
553A PUTNAM AVE,1,0,0.0,0,0.0,,0,,,,,0.0,,,,,False
55A BAYARD ST,1,0,0.0,0,0.0,,0,,,,,0.0,,,,,False
55B RICHMOND TERRACE,1,0,0.0,0,0.0,,0,,,,,0.0,,,,,False
55C 10 AVE,0,0,0.0,0,0.0,,0,,,,,0.0,,,,,False
55TH ST,1,2,0.0,0,0.0,0.0,0,,,,,0.0,,,,,False
56 TER,0,0,0.0,1,0.0,,0,519.8041155063751,1.0,25.0,0.0,0.0,1.0,,,,False
56 TERRACE,1,0,0.0,0,0.0,,0,,,,,0.0,,,,,False
562 BUSHWIBUSHWICK AVE,1,0,0.0,0,0.0,,0,,,,,0.0,,,,,False
565A VETERANS RD WEST,1,0,0.0,0,0.0,,0,,,,,0.0,,,,,False
569B BUCHANAN AVE,1,1,0.0,0,0.0,0.0,0,,,,,0.0,,,,,False
56TH ST,1,0,0.0,0,0.0,,0,,,,,0.0,,,,,False
578A LEXINGTON AVE,1,1,0.0,0,0.0,0.0,0,,,,,0.0,,,,,False
57TH ST,1,0,0.0,0,0.0,,0,,,,,0.0,,,,,False
58 2 AVE,1,1,0.0,0,0.0,0.0,0,,,,,0.0,,,,,False
58 LANE,13,0,0.0,0,0.0,,0,,,,,0.0,,,,,False
58 LN,0,0,0.0,0,0.0,,0,2242.6060107965927,2.0,25.0,0.0,0.0,4.0,,,,False
582` EAST 178 ST,1,0,0.0,0,0.0,,0,,,,,0.0,,,,,False
585A LAFAYETTE AVE,1,0,0.0,0,0.0,,0,,,,,0.0,,,,,False
585A VETERANS RD WEST,1,0,0.0,0,0.0,,0,,,,,0.0,,,,,False
587 HOWARD AVE,1,2,0.0,0,0.0,0.0,0,,,,,0.0,,,,,False
58TH RD,1,0,0.0,0,0.0,,0,,,,,0.0,,,,,False
58TH ST,1,0,0.0,0,0.0,,0,,,,,0.0,,,,,False
59 ST BRIDGE,1,0,0.0,0,0.0,,0,,,,,0.0,,,,,False
597A LEXINGTON AVE,1,0,0.0,0,0.0,,0,,,,,0.0,,,,,False
59A SAINT MARKS PL,1,0,0.0,0,0.0,,0,,,,,0.0,,,,,False
59ST,1,0,0.0,0,0.0,,0,,,,,0.0,,,,,False
59TH RD,1,0,0.0,0,0.0,,0,,,,,0.0,,,,,False
5A HULL ST,0,0,0.0,0,0.0,,0,,,,,0.0,,,,,False
5TH AVE,1,0,0.0,0,0.0,,0,,,,,0.0,,,,,False
6 1/2 ELIZABETH ST,1,0,0.0,0,0.0,,0,,,,,0.0,,,,,False
60 B CLARK LANE,1,0,0.0,0,0.0,,0,,,,,0.0,,,,,False
60 LANE,64,11,0.0,1,0.0,0.0,0,,,,,0.0,,,,,False
60 LN,0,0,0.0,7,0.0,,0,7225.20220781151,1.2083333333333333,25.0,1.0,0.75,24.0,,,,False
60-01C 194 ST,1,0,0.0,0,0.0,,0,,,,,0.0,,,,,False
60-01D,1,0,0.0,0,0.0,,0,,,,,0.0,,,,,False
60-17A 194 ST,1,0,0.0,0,0.0,,0,,,,,0.0,,,,,False
60-17H 194 ST,1,0,0.0,0,0.0,,0,,,,,0.0,,,,,False
60-20A 194 ST,1,0,0.0,0,0.0,,0,,,,,0.0,,,,,False
600-610 EUCLID AVE,1,0,0.0,0,0.0,,0,,,,,0.0,,,,,False
6012A 8 AVE,1,0,0.0,0,0.0,,0,,,,,0.0,,,,,False
609B FOUNTAIN AVE,1,0,0.0,0,0.0,,0,,,,,0.0,,,,,False
60AV,1,0,0.0,0,0.0,,0,,,,,0.0,,,,,False
60TH PL,1,0,0.0,0,0.0,,0,,,,,0.0,,,,,False
61-00,1,0,0.0,0,0.0,,0,,,,,0.0,,,,,False
61-22 B FRESH POND RD,1,0,0.0,0,0.0,,0,,,,,0.0,,,,,False
61-22F/E FRESH POND RD,1,0,0.0,0,0.0,,0,,,,,0.0,,,,,False
61-22G FRESH POND RD,2,2,0.0,0,0.0,0.0,0,,,,,0.0,,,,,False
611A BEACH 20 ST,1,0,0.0,0,0.0,,0,,,,,0.0,,,,,False
611A WILSON AVE,1,0,0.0,0,0.0,,0,,,,,0.0,,,,,False
613A KOSCIUSZKO ST,0,0,0.0,0,0.0,,0,,,,,0.0,,,,,False
616A MACDONOUGH ST,1,0,0.0,0,0.0,,0,,,,,0.0,,,,,False
61A 7 AVE,1,1,0.0,0,0.0,0.0,0,,,,,0.0,,,,,False
61A 9 ST,0,0,0.0,1,0.0,,0,,,,,0.0,,,,,False
61AVENUE,1,0,0.0,0,0.0,,0,,,,,0.0,,,,,False
61ST,1,0,0.0,0,0.0,,0,,,,,0.0,,,,,False
61TH ST,1,0,0.0,0,0.0,,0,,,,,0.0,,,,,False
62 B CLARK LANE,1,0,0.0,0,0.0,,0,,,,,0.0,,,,,False
625 W WASHINGTON AVE,1,1,0.0,0,0.0,0.0,0,,,,,0.0,,,,,False
626B 10 AVE,1,0,0.0,0,0.0,,0,,,,,0.0,,,,,False
62ND ST,1,0,0.0,0,0.0,,0,,,,,0.0,,,,,False
630 -1 LOUISIANA AVE,1,0,0.0,0,0.0,,0,,,,,0.0,,,,,False
63RD ST,1,1,0.0,0,0.0,0.0,0,,,,,0.0,,,,,False
64 CIR,0,0,0.0,0,0.0,,0,1945.199218854452,1.0,25.0,0.0,0.0,11.0,,,,False
64 CIRCLE,4,0,0.0,0,0.0,,0,,,,,0.0,,,,,False
64 LANE,5,1,0.0,0,0.0,0.0,0,,,,,0.0,,,,,False
64 LN,0,0,0.0,0,0.0,,0,1918.0148854581253,2.0,25.0,0.0,0.0,4.0,,,,False
64 PLCE,1,0,0.0,0,0.0,,0,,,,,0.0,,,,,False
64-15A 186 LANE,1,0,0.0,0,0.0,,0,,,,,0.0,,,,,False
64-15E 186 LANE,1,0,0.0,0,0.0,,0,,,,,0.0,,,,,False
64-29 59TH AVE,1,0,0.0,0,0.0,,0,,,,,0.0,,,,,False
64-36B 186 LANE,1,0,0.0,0,0.0,,0,,,,,0.0,,,,,False
64-50B 188 ST,1,0,0.0,0,0.0,,0,,,,,0.0,,,,,False
64-51C 186 LANE,1,0,0.0,0,0.0,,0,,,,,0.0,,,,,False
64-51G 186 LANE,1,0,0.0,0,0.0,,0,,,,,0.0,,,,,False
640-666 S CONDUIT AVE,1,0,0.0,0,0.0,,0,,,,,0.0,,,,,False
641,1,0,0.0,0,0.0,,0,,,,,0.0,,,,,False
6415-6421 3RD AVE,1,0,0.0,0,0.0,,0,,,,,0.0,,,,,False
646E EAST 241 ST,1,0,0.0,0,0.0,,0,,,,,0.0,,,,,False
64A EDGE ST,1,0,0.0,0,0.0,,0,,,,,0.0,,,,,False
64TH ST,1,0,0.0,0,0.0,,0,,,,,0.0,,,,,False
65,0,0,0.0,1,0.0,,0,,,,,0.0,,,,,False
65 CRESCENT,2,0,0.0,0,0.0,,0,,,,,0.0,,,,,False
65 LANE,3,2,0.0,0,0.0,0.0,0,,,,,0.0,,,,,False
65 LN,0,0,0.0,1,0.0,,0,618.8591002411489,1.0,25.0,0.0,0.0,1.0,,,,False
65 ST TRANSVERSE,0,0,0.0,4,0.0,,0,3948.6680147476945,1.9333333333333333,25.0,0.0,0.0,15.0,,,,False
656A EAST 232 ST,0,0,0.0,0,0.0,,0,,,,,0.0,,,,,False
65A COUNTRY DR E,0,0,0.0,0,0.0,,0,,,,,0.0,,,,,False
65A RALPH AVE,2,1,0.0,0,0.0,0.0,0,,,,,0.0,,,,,False
65B 9 AVE,1,0,0.0,0,0.0,,0,,,,,0.0,,,,,False
65TH ST TRANSVERSE RD,0,0,0.0,0,0.0,,0,,,,,0.0,,,,,False
66 VAN CORVAN CORTLANDT PARK S,0,0,0.0,2,0.0,,0,,,,,0.0,,,,,False
667A 5 AVE,1,0,0.0,0,0.0,,0,,,,,0.0,,,,,False
66B EDGEWATER PARK,1,0,0.0,0,0.0,,0,,,,,0.0,,,,,False
66TH ST,1,0,0.0,0,0.0,,0,,,,,0.0,,,,,False
67-02A 188 ST,1,0,0.0,0,0.0,,0,,,,,0.0,,,,,False
67-02B 188 ST,1,0,0.0,0,0.0,,0,,,,,0.0,,,,,False
67-02C 188 ST,1,1,0.0,0,0.0,0.0,0,,,,,0.0,,,,,False
67-06A 186 LANE,1,0,0.0,0,0.0,,0,,,,,0.0,,,,,False
67-06K 186 LANE,1,0,0.0,0,0.0,,0,,,,,0.0,,,,,False
67-10B 190 LANE,0,0,0.0,0,0.0,,0,,,,,0.0,,,,,False
67-15 I 192 ST,1,0,0.0,0,0.0,,0,,,,,0.0,,,,,False
67-18B 195 LANE,1,0,0.0,0,0.0,,0,,,,,0.0,,,,,False
67-18C 197 ST,1,0,0.0,0,0.0,,0,,,,,0.0,,,,,False
67-18K 195 LANE,1,0,0.0,0,0.0,,0,,,,,0.0,,,,,False
67-20B 186 LN,0,0,0.0,0,0.0,,0,,,,,0.0,,,,,False
67-30B 186 LN,0,0,0.0,0,0.0,,0,,,,,0.0,,,,,False
67-30G 186 LANE,1,0,0.0,0,0.0,,0,,,,,0.0,,,,,False
67-35B 186 LANE,2,0,0.0,0,0.0,,0,,,,,0.0,,,,,False
67-45,1,0,0.0,0,0.0,,0,,,,,0.0,,,,,False
67-45B 190 LANE,0,0,0.0,0,0.0,,0,,,,,0.0,,,,,False
67-50A 188 ST,1,1,0.0,0,0.0,0.0,0,,,,,0.0,,,,,False
671A MONROE ST,0,0,0.0,0,0.0,,0,,,,,0.0,,,,,False
68 ST AND BAY PKWY,1,0,0.0,0,0.0,,0,,,,,0.0,,,,,False
682B ROCKAWAY AVE,1,0,0.0,0,0.0,,0,,,,,0.0,,,,,False
686 A NEREID AVE,1,0,0.0,0,0.0,,0,,,,,0.0,,,,,False
686A NEREID AVE,1,0,0.0,0,0.0,,0,,,,,0.0,,,,,False
686C NEREID AVE,1,0,0.0,0,0.0,,0,,,,,0.0,,,,,False
68A VISITATION PL,0,0,0.0,0,0.0,,0,,,,,0.0,,,,,False
68E 13 AVE,0,0,0.0,0,0.0,,0,,,,,0.0,,,,,False
69 LANE,43,7,0.0,1,0.0,0.0,0,,,,,0.0,,,,,False
69 LN,0,0,0.0,1,0.0,,0,4653.932781863604,1.2,25.0,0.0,0.0,10.0,,,,False
69-02A 186 LANE,1,0,0.0,0,0.0,,0,,,,,0.0,,,,,False
69-10C 188 ST,1,0,0.0,0,0.0,,0,,,,,0.0,,,,,False
69-34 F 186 LANE,1,0,0.0,0,0.0,,0,,,,,0.0,,,,,False
69-40C 186 LANE,1,0,0.0,0,0.0,,0,,,,,0.0,,,,,False
69-51,1,0,0.0,0,0.0,,0,,,,,0.0,,,,,False
691A ELBE AVE,0,0,0.0,0,0.0,,0,,,,,0.0,,,,,False
693 RALPH RALPH AVE,1,0,0.0,0,0.0,,0,,,,,0.0,,,,,False
69RD,1,0,0.0,0,0.0,,0,,,,,0.0,,,,,False
69TH AVE,1,0,0.0,0,0.0,,0,,,,,0.0,,,,,False
69TH ST,3,0,0.0,0,0.0,,0,,,,,0.0,,,,,False
6A GREENTREE LANE,0,0,0.0,0,0.0,,0,,,,,0.0,,,,,False
6TH AVE,3,0,0.0,2,0.0,,0,,,,,0.0,,,,,False
6TH ST,1,0,0.0,0,0.0,,0,,,,,0.0,,,,,False
7 AVE S,0,0,0.0,14,0.0,,0,2827.355559801231,3.3076923076923075,25.0,0.0,0.0,13.0,,,,False
7 AVE SOUTH,160,54,0.0,7,0.0,0.0,0,,,,,0.0,,,,,False
71 CRESCENT,3,0,0.0,0,0.0,,0,,,,,0.0,,,,,False
71 ST AVE,1,0,0.0,0,0.0,,0,,,,,0.0,,,,,False
71-05A AMSTEL BLVD,0,0,0.0,0,0.0,,0,,,,,0.0,,,,,False
711A 65 ST,1,1,0.0,0,0.0,0.0,0,,,,,0.0,,,,,False
711A SEAGIRT AVE,1,0,0.0,0,0.0,,0,,,,,0.0,,,,,False
711B 65 ST,1,0,0.0,0,0.0,,0,,,,,0.0,,,,,False
711B SEAGIRT AVE,0,0,0.0,0,0.0,,0,,,,,0.0,,,,,False
711C SEAGIRT AVE,1,0,0.0,0,0.0,,0,,,,,0.0,,,,,False
711D SEAGIRT AVE,2,0,0.0,0,0.0,,0,,,,,0.0,,,,,False
712A METCALF AVE,0,0,0.0,0,0.0,,0,,,,,0.0,,,,,False
71ST,1,0,0.0,0,0.0,,0,,,,,0.0,,,,,False
72,1,0,0.0,0,0.0,,0,,,,,0.0,,,,,False
72 3 PL,1,0,0.0,0,0.0,,0,,,,,0.0,,,,,False
72 COURT,0,0,0.0,0,0.0,,0,,,,,0.0,,,,,False
72 CRES,0,0,0.0,0,0.0,,0,595.5318322944447,2.0,25.0,0.0,0.0,1.0,,,,False
72 CRESCENT,1,0,0.0,0,0.0,,0,,,,,0.0,,,,,False
725 A QUINCY ST,0,0,0.0,0,0.0,,0,,,,,0.0,,,,,False
73 TER,0,0,0.0,1,0.0,,0,1506.905536082194,2.0,25.0,0.0,0.0,5.0,,,,False
73 TERRACE,3,2,0.0,0,0.0,0.0,0,,,,,0.0,,,,,False
730C WHITTIER ST,1,0,0.0,0,0.0,,0,,,,,0.0,,,,,False
736A EAST 233 ST,1,0,0.0,0,0.0,,0,,,,,0.0,,,,,False
73B VISITATION PL,1,0,0.0,0,0.0,,0,,,,,0.0,,,,,False
74-01A ROOSEVELT AVE,1,0,0.0,0,0.0,,0,,,,,0.0,,,,,False
742B MORRIS PARK AVE,1,0,0.0,0,0.0,,0,,,,,0.0,,,,,False
748` EAST 10 ST,1,0,0.0,0,0.0,,0,,,,,0.0,,,,,False
74ST ST,1,0,0.0,0,0.0,,0,,,,,0.0,,,,,False
74_35 GRAND AVE,1,0,0.0,0,0.0,,0,,,,,0.0,,,,,False
752B 61 ST,1,0,0.0,0,0.0,,0,,,,,0.0,,,,,False
75A ONDERDONK AVE,1,0,0.0,0,0.0,,0,,,,,0.0,,,,,False
75STREET,1,1,0.0,0,0.0,0.0,0,,,,,0.0,,,,,False
75TH ST,1,0,0.0,0,0.0,,0,,,,,0.0,,,,,False
764A MESEROLE AVE,1,0,0.0,0,0.0,,0,,,,,0.0,,,,,False
76B NORTH 4 ST,1,0,0.0,0,0.0,,0,,,,,0.0,,,,,False
77 CRESCENT,1,0,0.0,0,0.0,,0,,,,,0.0,,,,,False
772B SUTTER AVE,1,0,0.0,0,0.0,,0,,,,,0.0,,,,,False
778A MANOR RD,1,1,0.0,0,0.0,0.0,0,,,,,0.0,,,,,False
77A RICHMOND HILL RD,2,1,0.0,0,0.0,0.0,0,,,,,0.0,,,,,False
77B RICHMOND HILL RD,1,0,0.0,0,0.0,,0,,,,,0.0,,,,,False
78 CRES,0,0,0.0,0,0.0,,0,537.5860771737488,1.0,25.0,0.0,0.0,3.0,,,,False
78 CRESCENT,11,4,0.0,0,0.0,0.0,0,,,,,0.0,,,,,False
786A HANCOCK ST,1,0,0.0,0,0.0,,0,,,,,0.0,,,,,False
78AV,1,0,0.0,0,0.0,,0,,,,,0.0,,,,,False
79 LANE,9,3,0.0,0,0.0,0.0,0,,,,,0.0,,,,,False
79 LN,0,0,0.0,1,0.0,,0,698.9580932174271,1.5,25.0,0.0,0.0,2.0,,,,False
79 ST TRANSVERSE,0,0,0.0,2,0.0,,0,4266.502974233903,1.8571428571428572,25.0,0.0,0.0,14.0,,,,False
7900B FLATLANDS AVE,1,0,0.0,0,0.0,,0,,,,,0.0,,,,,False
795A WILLOUGHBY AVE,1,0,0.0,0,0.0,,0,,,,,0.0,,,,,False
79TH ST,1,0,0.0,0,0.0,,0,,,,,0.0,,,,,False
7A DEFOE PL,1,0,0.0,0,0.0,,0,,,,,0.0,,,,,False
7TH AVE,1,0,0.0,0,0.0,,0,,,,,0.0,,,,,False
8 E 96 ST,1,0,0.0,0,0.0,,0,,,,,0.0,,,,,False
80A DAFFODIL LANE,1,0,0.0,0,0.0,,0,,,,,0.0,,,,,False
80TH ST,1,0,0.0,0,0.0,,0,,,,,0.0,,,,,False
81-18A LEFFERTS BLVD,0,0,0.0,0,0.0,,0,,,,,0.0,,,,,False
82 W WEST KINGSBRIDGE RD,1,0,0.0,0,0.0,,0,,,,,0.0,,,,,False
824A QUINCY ST,0,0,0.0,0,0.0,,0,,,,,0.0,,,,,False
825A MADISON ST,1,0,0.0,0,0.0,,0,,,,,0.0,,,,,False
82B EAST 18 ST,1,0,0.0,0,0.0,,0,,,,,0.0,,,,,False
82ST,1,0,0.0,0,0.0,,0,,,,,0.0,,,,,False
83-28,1,0,0.0,0,0.0,,0,,,,,0.0,,,,,False
836A ROGERS AVE,1,0,0.0,0,0.0,,0,,,,,0.0,,,,,False
845A EAST 222 ST,1,0,0.0,0,0.0,,0,,,,,0.0,,,,,False
847A UNION ST,1,0,0.0,0,0.0,,0,,,,,0.0,,,,,False
848A LELAND AVE,1,0,0.0,0,0.0,,0,,,,,0.0,,,,,False
849A UNION ST,1,0,0.0,0,0.0,,0,,,,,0.0,,,,,False
85 55 257 ST,1,0,0.0,0,0.0,,0,,,,,0.0,,,,,False
85 STEET,0,0,0.0,1,0.0,,0,,,,,0.0,,,,,False
85-07A 57 AVE,0,0,0.0,0,0.0,,0,,,,,0.0,,,,,False
858A FLATBUSH AVE,1,0,0.0,0,0.0,,0,,,,,0.0,,,,,False
85A SEIGEL ST,0,0,0.0,0,0.0,,0,,,,,0.0,,,,,False
85TH AVE,1,0,0.0,0,0.0,,0,,,,,0.0,,,,,False
86 CRESCENT,2,0,0.0,0,0.0,,0,,,,,0.0,,,,,False
86 ST 60 DR,1,0,0.0,0,0.0,,0,,,,,0.0,,,,,False
86 ST TRANSVERSE,0,0,0.0,4,0.0,,0,3854.655013842269,1.9,25.0,0.0,0.0,10.0,,,,False
860A REMSEN AVE,1,0,0.0,0,0.0,,0,,,,,0.0,,,,,False
860A WILLOUGHBY AVE,1,0,0.0,0,0.0,,0,,,,,0.0,,,,,False
863 A FREEMAN ST,1,0,0.0,0,0.0,,0,,,,,0.0,,,,,False
865,1,0,0.0,0,0.0,,0,,,,,0.0,,,,,False
87 TER,0,0,0.0,0,0.0,,0,357.8659193796657,2.0,25.0,0.0,0.0,1.0,,,,False
87 TERRACE,1,0,0.0,0,0.0,,0,,,,,0.0,,,,,False
87-51,1,0,0.0,0,0.0,,0,,,,,0.0,,,,,False
874A UNION ST,1,0,0.0,0,0.0,,0,,,,,0.0,,,,,False
88 LANE,3,2,0.0,0,0.0,0.0,0,,,,,0.0,,,,,False
88 LN,0,0,0.0,0,0.0,,0,745.3714028745055,2.0,25.0,0.0,0.0,2.0,,,,False
886A UNION AVE,1,1,0.0,0,0.0,0.0,0,,,,,0.0,,,,,False
89 SAINT NICHOLAS PL,1,0,0.0,0,0.0,,0,,,,,0.0,,,,,False
894A GREENE AVE,1,0,0.0,0,0.0,,0,,,,,0.0,,,,,False
89A ANDROS AVE,0,0,0.0,1,0.0,,0,,,,,0.0,,,,,False
89D EDGEWATER PARK,1,0,0.0,0,0.0,,0,,,,,0.0,,,,,False
8H AVE,0,0,0.0,1,0.0,,0,,,,,0.0,,,,,False
8TH AVE,4,0,0.0,0,0.0,,0,,,,,0.0,,,,,False
905? WINTHROP ST,1,0,0.0,0,0.0,,0,,,,,0.0,,,,,False
90A 3 PL,1,0,0.0,0,0.0,,0,,,,,0.0,,,,,False
90AVENUE,1,0,0.0,0,0.0,,0,,,,,0.0,,,,,False
90TH AVE,1,0,0.0,0,0.0,,0,,,,,0.0,,,,,False
91_41 QUEENS BLVD,1,0,0.0,0,0.0,,0,,,,,0.0,,,,,False
92-33 170 ST,1,0,0.0,0,0.0,,0,,,,,0.0,,,,,False
926A UNION AVE,1,1,0.0,0,0.0,0.0,0,,,,,0.0,,,,,False
92?12 51 AVE,1,0,0.0,0,0.0,,0,,,,,0.0,,,,,False
92A HULL ST,1,0,0.0,0,0.0,,0,,,,,0.0,,,,,False
92ND ST,1,0,0.0,0,0.0,,0,,,,,0.0,,,,,False
93 1/2 E 7 ST,0,0,0.0,1,0.0,,0,,,,,0.0,,,,,False
938A LAFAYETTE AVE,1,0,0.0,0,0.0,,0,,,,,0.0,,,,,False
93AVENUE,1,0,0.0,0,0.0,,0,,,,,0.0,,,,,False
94-22` 43 AVE,1,0,0.0,0,0.0,,0,,,,,0.0,,,,,False
940 GATES,0,0,0.0,2,0.0,,0,,,,,0.0,,,,,False
944A INTERVALE AVE,1,0,0.0,0,0.0,,0,,,,,0.0,,,,,False
94A DEBBIE ST,1,0,0.0,0,0.0,,0,,,,,0.0,,,,,False
95 I EAST,1,0,0.0,0,0.0,,0,,,,,0.0,,,,,False
952B SENECA AVE,1,0,0.0,0,0.0,,0,,,,,0.0,,,,,False
959A PENNSYLVANIA AVE,0,0,0.0,1,0.0,,0,,,,,0.0,,,,,False
95A VISITATION PL,0,0,0.0,0,0.0,,0,,,,,0.0,,,,,False
97 ST TRANSVERSE,0,0,0.0,1,0.0,,0,4039.7256345580086,1.9444444444444444,25.0,0.0,0.0,18.0,,,,False
97-05A 57 AVE,1,0,0.0,0,0.0,,0,,,,,0.0,,,,,False
97TH AVE,1,0,0.0,0,0.0,,0,,,,,0.0,,,,,False
98-17,0,0,0.0,1,0.0,,0,,,,,0.0,,,,,False
982A ROGERS PL,1,0,0.0,0,0.0,,0,,,,,0.0,,,,,False
99D EDGEWATER PARK,1,0,0.0,0,0.0,,0,,,,,0.0,,,,,False
9B BELLHAVEN PL,0,0,0.0,0,0.0,,0,,,,,0.0,,,,,False
9TH AVE,3,0,0.0,0,0.0,,0,,,,,0.0,,,,,False
:625 ATLANTIC AVE,1,0,0.0,0,0.0,,0,,,,,0.0,,,,,False
AARON LANE,3,1,0.0,0,0.0,0.0,0,,,,,0.0,,,,,False
ABBEY COURT,3,0,0.0,0,0.0,,0,,,,,0.0,,,,,False
ADAM CLAYTON POWELL BLVD,3,1,0.0,0,0.0,0.0,0,,,,,0.0,,,,,False
ADAM CLAYTON POWELL JR BLVD,0,0,0.0,76,0.0,,0,24756.935093828833,2.5772357723577235,25.0,1.0,0.75,123.0,,,,False
ADELE CT,0,0,0.0,0,0.0,,0,197.61953209877043,2.0,25.0,0.0,0.0,1.0,,,,False
ADELPHI AVE,0,0,0.0,0,0.0,,0,486.9203320859495,1.0,25.0,0.0,0.0,1.0,,,,False
ADLERS LANE,1,0,0.0,0,0.0,,0,,,,,0.0,,,,,False
ADMIRAL COURT,1,0,0.0,0,0.0,,0,,,,,0.0,,,,,False
ADMIRAL LANE,2,0,0.0,0,0.0,,0,,,,,0.0,,,,,False
ADMIRALTY LOOP,0,0,0.0,0,0.0,,0,1477.23588053664,1.0,25.0,0.0,0.0,4.0,,,,False
AITKEN PL,0,0,0.0,0,0.0,,0,302.27435920273297,1.0,20.0,0.0,0.0,1.0,,,,False
ALAN PL,1,0,0.0,0,0.0,,0,160.94895103384474,1.0,25.0,0.0,0.0,1.0,,,,False
ALANTIC AVE,3,0,0.0,0,0.0,,0,,,,,0.0,,,,,False
ALBANY CRES,0,0,0.0,2,0.0,,0,2006.3397956549006,1.2857142857142858,25.0,0.0,0.0,7.0,,,,False
ALBANY CRESCENT,46,18,0.0,1,0.0,0.0,0,,,,,0.0,,,,,False
ALBEE SQ,0,0,0.0,2,0.0,,0,789.2483579561243,2.0,25.0,0.0,0.0,1.0,,,,False
ALBEE SQUARE,22,5,0.0,2,0.0,0.0,0,,,,,0.0,,,,,False
ALBEE SQUARE MALL,2,1,0.0,1,0.0,0.0,0,,,,,0.0,,,,,False
ALBEMARLE TERRACE,1,0,0.0,0,0.0,,0,,,,,0.0,,,,,False
ALBERT COURT,1,0,0.0,0,0.0,,0,,,,,0.0,,,,,False
ALDEN PARK,2,1,0.0,0,0.0,0.0,0,,,,,0.0,,,,,False
ALDEN PL,0,0,0.0,0,0.0,,0,559.0126014156975,2.0,25.0,0.0,0.0,2.0,,,,False
ALEX CIR,0,0,0.0,0,0.0,,0,1285.0611989025015,1.1666666666666667,25.0,0.0,0.0,6.0,,,,False
ALEXANDER HAMILTON BRG,0,0,0.0,5,0.0,,0,3580.0905982920276,3.2,32.5,1.0,0.75,40.0,,,,False
ALEXANDER HAMILTON BRIDGE,136,34,0.0,33,0.0,0.0,0,,,,,0.0,,,,,False
ALLENTOWN LANE,1,0,0.0,2,0.0,,0,,,,,0.0,,,,,False
ALLEY PARK,1,0,0.0,0,0.0,,0,,,,,0.0,,,,,False
ALLEY POND PARK,2,2,0.0,0,0.0,0.0,0,,,,,0.0,,,,,False
ALTANTIC AVE,1,0,0.0,0,0.0,,0,,,,,0.0,,,,,False
ALTAVISTA COURT,2,0,0.0,0,0.0,,0,,,,,0.0,,,,,False
ALVERSON LOOP,0,0,0.0,0,0.0,,0,752.9958184790228,2.0,25.0,0.0,0.0,3.0,,,,False
AMANDA COURT,1,0,0.0,0,0.0,,0,,,,,0.0,,,,,False
AMARON LANE,1,0,0.0,0,0.0,,0,,,,,0.0,,,,,False
AMBASSADOR LANE,0,0,0.0,0,0.0,,0,,,,,0.0,,,,,False
AMBOY LANE,2,1,0.0,0,0.0,0.0,0,,,,,0.0,,,,,False
AMBOY LN,0,0,0.0,3,0.0,,0,390.66003050642837,1.0,25.0,0.0,0.0,2.0,,,,False
AMERICAS AVE,2,0,0.0,0,0.0,,0,,,,,0.0,,,,,False
AMPHITHEATRE BRIDGE,0,0,0.0,2,0.0,,0,,,,,0.0,,,,,False
AMSTERDAM PL,0,0,0.0,0,0.0,,0,716.3707200816981,2.0,25.0,0.0,0.0,2.0,,,,False
ANACONDA ST,0,0,0.0,0,0.0,,0,893.5732851784353,2.0,25.0,0.0,0.0,4.0,,,,False
ANDES PL,0,0,0.0,0,0.0,,0,670.2393055337844,2.0,25.0,0.0,0.0,1.0,,,,False
ANDREWS AVE N,0,0,0.0,2,0.0,,0,1982.6686389821807,1.0,25.0,0.0,0.0,2.0,,,,False
ANDREWS AVE S,0,0,0.0,1,0.0,,0,3663.1662703905195,1.1428571428571428,25.0,0.0,0.0,7.0,,,,False
ANNADALE LN,0,0,0.0,0,0.0,,0,720.6992280313011,2.0,25.0,0.0,0.0,1.0,,,,False
ANNANDALE LANE,2,0,0.0,0,0.0,,0,,,,,0.0,,,,,False
ANNANDALE RD,1,0,0.0,1,0.0,,0,,,,,0.0,,,,,False
ANTHONY J GRIFFEN ST,1,0,0.0,0,0.0,,0,,,,,0.0,,,,,False
ANTHONY J GRIFFIN PL,0,0,0.0,0,0.0,,0,1125.8928491290503,1.5,25.0,0.0,0.0,2.0,,,,False
APPLEGATE COURT,2,0,0.0,0,0.0,,0,,,,,0.0,,,,,False
AQUEDUCT AVE,66,9,0.0,5,0.0,0.0,0,,,,,0.0,,,,,False
AQUEDUCT AVE E,0,0,0.0,5,0.0,,0,2420.8057514202387,1.0,25.0,0.0,0.0,8.0,,,,False
AQUEDUCT AVE W,0,0,0.0,0,0.0,,0,1690.0876289748937,1.0,25.0,0.0,0.0,3.0,,,,False
AQUEDUCT LINE,2,0,0.0,0,0.0,,0,,,,,0.0,,,,,False
AQUEDUCT RD,1,1,0.0,0,0.0,0.0,0,,,,,0.0,,,,,False
ARC PL,0,0,0.0,0,0.0,,0,716.3846091890173,1.0,25.0,0.0,0.0,4.0,,,,False
ARKANSAS DR,0,0,0.0,1,0.0,,0,1766.8412122006932,2.0,25.0,0.0,0.0,5.0,,,,False
ARLENE COURT,2,0,0.0,0,0.0,,0,,,,,0.0,,,,,False
ARLENE CT,0,0,0.0,1,0.0,,0,572.0083210488986,2.0,25.0,0.0,0.0,2.0,,,,False
ARLINGTON TER,0,0,0.0,0,0.0,,0,2050.681445212473,2.0,25.0,0.0,0.0,4.0,,,,False
ARLINGTON TERRACE,12,4,0.0,0,0.0,0.0,0,,,,,0.0,,,,,False
ARTHUR KILL,3,3,0.0,0,0.0,0.0,0,,,,,0.0,,,,,False
ARTHURKILL RD,5,1,0.0,0,0.0,0.0,0,,,,,0.0,,,,,False
ASHTON DR,0,0,0.0,0,0.0,,0,655.6354527989489,1.0,25.0,0.0,0.0,1.0,,,,False
ASHWORTH AVE,0,0,0.0,3,0.0,,0,3437.165583795696,1.6363636363636365,25.0,0.0,0.0,11.0,,,,False
ASPEN KNOLL WAY,7,0,0.0,0,0.0,,0,,,,,0.0,,,,,False
ASPEN KNOLLS WAY,0,0,0.0,0,0.0,,0,3430.1974513063406,1.1111111111111112,25.0,0.0,0.0,36.0,,,,False
ASQUITH CRES,0,0,0.0,0,0.0,,0,730.4412701123044,2.0,25.0,0.0,0.0,2.0,,,,False
ASQUITH CRESCENT,1,0,0.0,0,0.0,,0,,,,,0.0,,,,,False
ASSER LEVY,1,0,0.0,0,0.0,,0,,,,,0.0,,,,,False
ASSER LEVY PL,0,0,0.0,1,0.0,,0,,,,,0.0,,,,,False
ASTER COURT,2,0,0.0,0,0.0,,0,,,,,0.0,,,,,False
ASTER CT,0,0,0.0,1,0.0,,0,2289.6355881017826,1.0,25.0,0.0,0.0,5.0,,,,False
ASTORIA BLVD N,2,0,0.0,13,0.0,,0,8766.595314658647,2.55,28.5,1.0,0.75,40.0,,,,False
ASTORIA BLVD NORTH,8,6,0.0,0,0.0,0.0,0,,,,,0.0,,,,,False
ASTORIA BLVD S,3,1,0.0,14,0.0,0.0,0,8510.864151361024,2.696969696969697,29.393939393939394,1.0,0.75,33.0,,,,False
ASTORIA BLVD SOUTH,18,9,0.0,0,0.0,0.0,0,,,,,0.0,,,,,False
ASTORIA BOLUEVARD,1,2,0.0,0,0.0,0.0,0,,,,,0.0,,,,,False
ASTORIA BOUDVARD CROSSOVER,1,0,0.0,0,0.0,,0,,,,,0.0,,,,,False
ASTORIA PARK NORTH,1,0,0.0,0,0.0,,0,,,,,0.0,,,,,False
ASTORIA PARK S,0,0,0.0,1,0.0,,0,2210.39670035425,1.125,25.0,0.0,0.0,8.0,,,,False
ASTORIA PARK SOUTH,20,10,0.0,2,0.0,0.0,0,,,,,0.0,,,,,False
ATHUR KILL RD,1,1,0.0,0,0.0,0.0,0,,,,,0.0,,,,,False
ATLANTIC,1,1,0.0,0,0.0,0.0,0,,,,,0.0,,,,,False
ATLANTIC AVE SERVICE RD,0,0,0.0,0,0.0,,0,,,,,0.0,,,,,False
ATLANTIC COMMONS,2,0,0.0,0,0.0,,0,,,,,0.0,,,,,False
AUBURNDALE LANE,11,2,0.0,2,0.0,0.0,0,,,,,0.0,,,,,False
AUBURNDALE LN,0,0,0.0,0,0.0,,0,4491.551406257292,1.8333333333333333,25.0,0.0,0.0,12.0,,,,False
AUGUSTA CT,1,0,0.0,0,0.0,,0,205.44728724317525,2.0,25.0,0.0,0.0,1.0,,,,False
AURELIA COURT,6,5,0.0,0,0.0,0.0,0,,,,,0.0,,,,,False
AUTUMN LANE,1,3,0.0,0,0.0,0.0,0,,,,,0.0,,,,,False
AVE B AND EAST 7,0,0,0.0,0,0.0,,0,,,,,0.0,,,,,False
AVE C LOOP,1,2,0.0,0,0.0,0.0,0,1255.8096262071701,1.2222222222222223,25.0,0.0,0.0,9.0,,,,False
AVE OF AFRICA,0,0,0.0,0,0.0,,0,,,,,0.0,,,,,False
AVE OF AMERICA,1,1,0.0,0,0.0,0.0,0,,,,,0.0,,,,,False
AVE OF AMERICAS,4,1,0.0,1,0.0,0.0,0,,,,,0.0,,,,,False
AVE OF COMMERCE,2,2,0.0,0,0.0,0.0,0,,,,,0.0,,,,,False
AVE OF DISCOVERY,1,0,0.0,0,0.0,,0,,,,,0.0,,,,,False
AVE OF PEACE,1,0,0.0,0,0.0,,0,,,,,0.0,,,,,False
AVE OF SCIENCE,1,1,0.0,0,0.0,0.0,0,1153.0344880696157,1.4,25.0,0.0,0.0,5.0,,,,False
AVE OF THE FINEST,4,0,0.0,0,0.0,,0,819.1191054489403,1.0,25.0,0.0,0.0,3.0,,,,False
AVE SAINT JOHN,7,3,0.0,0,0.0,0.0,0,,,,,0.0,,,,,False
AVE ST JOHN,4,3,0.0,6,0.0,0.0,0,1531.23079191259,2.0,25.0,0.0,0.0,5.0,,,,False
AVE ST. JOHN,4,1,0.0,0,0.0,0.0,0,,,,,0.0,,,,,False
AVON PL,0,0,0.0,1,0.0,,0,793.7935093770449,1.4,25.0,1.0,0.75,5.0,,,,False
AZALEA COURT,2,1,0.0,0,0.0,0.0,0,,,,,0.0,,,,,False
BAGLEY AVE,0,0,0.0,0,0.0,,0,821.5381767790286,1.75,25.0,0.0,0.0,4.0,,,,False
BAINBRIDGE,1,1,0.0,0,0.0,0.0,0,,,,,0.0,,,,,False
BAMBERGER LN,0,0,0.0,0,0.0,,0,529.7951210074357,2.0,25.0,0.0,0.0,1.0,,,,False
BANNER 3 TERRACE,1,0,0.0,0,0.0,,0,,,,,0.0,,,,,False
BARCLAY CIRCLE,1,1,0.0,0,0.0,0.0,0,,,,,0.0,,,,,False
BARDLEY AVE,1,0,0.0,0,0.0,,0,,,,,0.0,,,,,False
BARLOW DR NORTH,1,0,0.0,0,0.0,,0,,,,,0.0,,,,,False
BARLOW DR SOUTH,1,0,0.0,0,0.0,,0,,,,,0.0,,,,,False
BARTOW,1,0,0.0,0,0.0,,0,,,,,0.0,,,,,False
BARTOW CIRCLE,22,14,0.0,0,0.0,0.0,0,,,,,0.0,,,,,False
BATCHELDOR ST,1,0,0.0,0,0.0,,0,,,,,0.0,,,,,False
BATTERY PARK,0,0,0.0,1,0.0,,0,,,,,0.0,,,,,False
BATTERY PARK PLAZA,3,1,0.0,0,0.0,0.0,0,,,,,0.0,,,,,False
BATTERY PARK UNDERPASS,2,2,0.0,0,0.0,0.0,0,4917.175239484499,2.0,32.5,1.0,0.75,26.0,,,,False
BATTERY PARK UPAS,0,0,0.0,0,0.0,,0,,,,,0.0,,,,,False
BAY 20,1,0,0.0,0,0.0,,0,,,,,0.0,,,,,False
BAY 25TH ST,1,1,0.0,0,0.0,0.0,0,,,,,0.0,,,,,False
BAY 32 PL,1,0,0.0,0,0.0,,0,220.8159122782008,2.0,25.0,0.0,0.0,1.0,,,,False
BAY CLIFF TER,0,0,0.0,0,0.0,,0,218.76144505607098,2.0,25.0,0.0,0.0,1.0,,,,False
BAY CLUB DR,1,0,0.0,0,0.0,,0,,,,,0.0,,,,,False
BAY COURT,1,0,0.0,0,0.0,,0,,,,,0.0,,,,,False
BAY CT,0,0,0.0,2,0.0,,0,523.6490858508129,1.5,25.0,0.0,0.0,2.0,,,,False
BAY PLAZA BLVD,2,3,0.0,0,0.0,0.0,0,,,,,0.0,,,,,False
BAY ST LNDG,0,0,0.0,0,0.0,,0,,,,,0.0,,,,,False
BAY TER,0,0,0.0,0,0.0,,0,2213.9027388956993,2.0,25.0,0.0,0.0,6.0,,,,False
BAY TERRACE,7,2,0.0,0,0.0,0.0,0,,,,,0.0,,,,,False
BAYCLUB DR,4,2,0.0,0,0.0,0.0,0,,,,,0.0,,,,,False
BAYRIDGE AVE,2,1,0.0,0,0.0,0.0,0,,,,,0.0,,,,,False
BAYRIDGE PKWY,4,0,0.0,0,0.0,,0,,,,,0.0,,,,,False
BAYSIDE,1,0,0.0,0,0.0,,0,3341.3821892446044,1.25,25.0,0.0,0.0,12.0,,,,False
BAYSIDE LANE,4,0,0.0,0,0.0,,0,,,,,0.0,,,,,False
BAYSIDE LN,0,0,0.0,2,0.0,,0,2678.7399229594257,1.8333333333333333,25.0,0.0,0.0,12.0,,,,False
BAYSIDE MARINA ACCESS RD,0,0,0.0,2,0.0,,0,488.72780054108205,1.0,50.0,0.0,0.0,3.0,,,,False
BAYVIEW PL,0,0,0.0,1,0.0,,0,644.3123023781291,2.0,25.0,0.0,0.0,2.0,,,,False
BEACH 100 ST,8,0,0.0,1,0.0,,0,,,,,0.0,,,,,False
BEACH 101 ST,14,0,0.0,2,0.0,,0,,,,,0.0,,,,,False
BEACH 102 ST,13,2,0.0,1,0.0,0.0,0,,,,,0.0,,,,,False
BEACH 104 ST,5,2,0.0,1,0.0,0.0,0,,,,,0.0,,,,,False
BEACH 105 ST,7,5,0.0,1,0.0,0.0,0,,,,,0.0,,,,,False
BEACH 106 ST,1,0,0.0,0,0.0,,0,,,,,0.0,,,,,False
BEACH 108 ST,26,12,0.0,8,0.0,0.0,0,,,,,0.0,,,,,False
BEACH 108TH ST ROCKAWAY BEAC,0,0,0.0,1,0.0,,0,,,,,0.0,,,,,False
BEACH 109 ST,11,3,0.0,1,0.0,0.0,0,,,,,0.0,,,,,False
BEACH 11 ST,5,2,0.0,0,0.0,0.0,0,,,,,0.0,,,,,False
BEACH 110 ST,2,0,0.0,0,0.0,,0,,,,,0.0,,,,,False
BEACH 111 ST,2,1,0.0,0,0.0,0.0,0,,,,,0.0,,,,,False
BEACH 112 ST,4,0,0.0,1,0.0,,0,,,,,0.0,,,,,False
BEACH 113 ST,3,2,0.0,1,0.0,0.0,0,,,,,0.0,,,,,False
BEACH 114 ST,3,2,0.0,1,0.0,0.0,0,,,,,0.0,,,,,False
BEACH 115 ST,5,3,0.0,1,0.0,0.0,0,,,,,0.0,,,,,False
BEACH 116 ST,51,9,0.0,12,0.0,0.0,0,,,,,0.0,,,,,False
BEACH 117 ST,7,3,0.0,2,0.0,0.0,0,,,,,0.0,,,,,False
BEACH 118 ST,6,0,0.0,0,0.0,,0,,,,,0.0,,,,,False
BEACH 119 ST,5,1,0.0,0,0.0,0.0,0,,,,,0.0,,,,,False
BEACH 12 ST,20,3,0.0,1,0.0,0.0,0,,,,,0.0,,,,,False
BEACH 120 ST,3,0,0.0,0,0.0,,0,,,,,0.0,,,,,False
BEACH 121 ST,3,1,0.0,1,0.0,0.0,0,,,,,0.0,,,,,False
BEACH 122 ST,7,1,0.0,2,0.0,0.0,0,,,,,0.0,,,,,False
BEACH 123 ST,7,2,0.0,1,0.0,0.0,0,,,,,0.0,,,,,False
BEACH 124 ST,5,3,0.0,0,0.0,0.0,0,,,,,0.0,,,,,False
BEACH 125 ST,1,0,0.0,1,0.0,,0,,,,,0.0,,,,,False
BEACH 126 ST,4,2,0.0,3,0.0,0.0,0,,,,,0.0,,,,,False
BEACH 127 ST,1,0,0.0,0,0.0,,0,,,,,0.0,,,,,False
BEACH 128 ST,6,1,0.0,3,0.0,0.0,0,,,,,0.0,,,,,False
BEACH 129 ST,22,3,0.0,4,0.0,0.0,0,,,,,0.0,,,,,False
BEACH 12TH ST,1,0,0.0,0,0.0,,0,,,,,0.0,,,,,False
BEACH 13 ST,9,5,0.0,5,0.0,0.0,0,,,,,0.0,,,,,False
BEACH 130 ST,5,2,0.0,3,0.0,0.0,0,,,,,0.0,,,,,False
BEACH 131 ST,1,1,0.0,0,0.0,0.0,0,,,,,0.0,,,,,False
BEACH 132 ST,1,1,0.0,0,0.0,0.0,0,,,,,0.0,,,,,False
BEACH 133 ST,5,0,0.0,1,0.0,,0,,,,,0.0,,,,,False
BEACH 134 ST,4,2,0.0,0,0.0,0.0,0,,,,,0.0,,,,,False
BEACH 135 ST,3,2,0.0,0,0.0,0.0,0,,,,,0.0,,,,,False
BEACH 136 ST,2,1,0.0,0,0.0,0.0,0,,,,,0.0,,,,,False
BEACH 137 ST,1,0,0.0,0,0.0,,0,,,,,0.0,,,,,False
BEACH 138 ST,3,0,0.0,1,0.0,,0,,,,,0.0,,,,,False
BEACH 139 ST,1,3,0.0,0,0.0,0.0,0,,,,,0.0,,,,,False
BEACH 14 ST,12,1,0.0,2,0.0,0.0,0,,,,,0.0,,,,,False
BEACH 140 ST,4,5,0.0,0,0.0,0.0,0,,,,,0.0,,,,,False
BEACH 141 ST,1,0,0.0,0,0.0,,0,,,,,0.0,,,,,False
BEACH 142 ST,1,1,0.0,0,0.0,0.0,0,,,,,0.0,,,,,False
BEACH 144 ST,0,0,0.0,1,0.0,,0,,,,,0.0,,,,,False
BEACH 145 ST,1,0,0.0,0,0.0,,0,,,,,0.0,,,,,False
BEACH 146 ST,1,0,0.0,0,0.0,,0,,,,,0.0,,,,,False
BEACH 147 ST,5,1,0.0,0,0.0,0.0,0,,,,,0.0,,,,,False
BEACH 148 ST,2,1,0.0,0,0.0,0.0,0,,,,,0.0,,,,,False
BEACH 149 ST,3,1,0.0,0,0.0,0.0,0,,,,,0.0,,,,,False
BEACH 15 ST,10,1,0.0,3,0.0,0.0,0,,,,,0.0,,,,,False
BEACH 16 ST,3,0,0.0,0,0.0,,0,,,,,0.0,,,,,False
BEACH 169 ST,5,3,0.0,2,0.0,0.0,0,,,,,0.0,,,,,False
BEACH 17 ST,44,6,0.0,2,0.0,0.0,0,,,,,0.0,,,,,False
BEACH 18 ST,4,0,0.0,1,0.0,,0,,,,,0.0,,,,,False
BEACH 181 ST,1,0,0.0,0,0.0,,0,,,,,0.0,,,,,False
BEACH 19 ST,94,17,0.0,13,0.0,0.0,0,,,,,0.0,,,,,False
BEACH 193 ST,0,0,0.0,2,0.0,,0,,,,,0.0,,,,,False
BEACH 197 ROCKAWAY BREEZY BLVD,1,1,0.0,0,0.0,0.0,0,,,,,0.0,,,,,False
BEACH 19TH ST,1,2,0.0,0,0.0,0.0,0,,,,,0.0,,,,,False
BEACH 20,1,0,0.0,0,0.0,,0,,,,,0.0,,,,,False
BEACH 20 ST,153,39,0.0,30,0.0,0.0,0,,,,,0.0,,,,,False
BEACH 207 ST,2,0,0.0,0,0.0,,0,,,,,0.0,,,,,False
BEACH 208 ST,2,0,0.0,0,0.0,,0,,,,,0.0,,,,,False
BEACH 209 ST,0,0,0.0,1,0.0,,0,,,,,0.0,,,,,False
BEACH 21 ST,32,3,0.0,8,0.0,0.0,0,,,,,0.0,,,,,False
BEACH 216 ST,0,0,0.0,1,0.0,,0,,,,,0.0,,,,,False
BEACH 22 ST,49,18,0.0,9,0.0,0.0,0,,,,,0.0,,,,,False
BEACH 221 ST,1,0,0.0,0,0.0,,0,,,,,0.0,,,,,False
BEACH 222 ST,1,0,0.0,0,0.0,,0,,,,,0.0,,,,,False
BEACH 227 ST,1,0,0.0,0,0.0,,0,,,,,0.0,,,,,False
BEACH 22ND ST,1,1,0.0,0,0.0,0.0,0,,,,,0.0,,,,,False
BEACH 25 ST,24,8,0.0,7,0.0,0.0,0,,,,,0.0,,,,,False
BEACH 26 ST,13,5,0.0,8,0.0,0.0,0,,,,,0.0,,,,,False
BEACH 27 ST,14,15,0.0,1,0.0,0.0,0,,,,,0.0,,,,,False
BEACH 28 ST,10,2,0.0,0,0.0,0.0,0,,,,,0.0,,,,,False
BEACH 29 ST,18,7,0.0,3,0.0,0.0,0,,,,,0.0,,,,,False
BEACH 3 ST,0,0,0.0,0,0.0,,0,,,,,0.0,,,,,False
BEACH 30 ST,9,2,0.0,1,0.0,0.0,0,,,,,0.0,,,,,False
BEACH 31 ST,11,2,0.0,0,0.0,0.0,0,,,,,0.0,,,,,False
BEACH 32 ST,28,5,0.0,16,0.0,0.0,0,,,,,0.0,,,,,False
BEACH 33 ST,1,0,0.0,1,0.0,,0,,,,,0.0,,,,,False
BEACH 34 ST,2,1,0.0,0,0.0,0.0,0,,,,,0.0,,,,,False
BEACH 35,1,1,0.0,0,0.0,0.0,0,,,,,0.0,,,,,False
BEACH 35 ST,12,5,0.0,3,0.0,0.0,0,,,,,0.0,,,,,False
BEACH 36 ST,7,1,0.0,0,0.0,0.0,0,,,,,0.0,,,,,False
BEACH 37 ST,9,4,0.0,0,0.0,0.0,0,,,,,0.0,,,,,False
BEACH 38 ST,25,12,0.0,7,0.0,0.0,0,,,,,0.0,,,,,False
BEACH 39 ST,5,5,0.0,0,0.0,0.0,0,,,,,0.0,,,,,False
BEACH 4 ST,3,0,0.0,0,0.0,,0,,,,,0.0,,,,,False
BEACH 40 ST,16,3,0.0,2,0.0,0.0,0,,,,,0.0,,,,,False
BEACH 41 ST,9,5,0.0,3,0.0,0.0,0,,,,,0.0,,,,,False
BEACH 42 ST,8,4,0.0,3,0.0,0.0,0,,,,,0.0,,,,,False
BEACH 43 ST,16,2,0.0,1,0.0,0.0,0,,,,,0.0,,,,,False
BEACH 44 ST,27,17,0.0,4,0.0,0.0,0,,,,,0.0,,,,,False
BEACH 45 ST,4,3,0.0,4,0.0,0.0,0,,,,,0.0,,,,,False
BEACH 46 ST,4,0,0.0,5,0.0,,0,,,,,0.0,,,,,False
BEACH 47 ST,9,1,0.0,3,0.0,0.0,0,,,,,0.0,,,,,False
BEACH 48 ST,5,0,0.0,0,0.0,,0,,,,,0.0,,,,,False
BEACH 49 ST,3,1,0.0,0,0.0,0.0,0,,,,,0.0,,,,,False
BEACH 50 ST,1,0,0.0,1,0.0,,0,,,,,0.0,,,,,False
BEACH 51 ST,15,2,0.0,2,0.0,0.0,0,,,,,0.0,,,,,False
BEACH 52 ST,0,0,0.0,0,0.0,,0,,,,,0.0,,,,,False
BEACH 53 ST,3,1,0.0,0,0.0,0.0,0,,,,,0.0,,,,,False
BEACH 54 ST,59,17,0.0,7,0.0,0.0,0,,,,,0.0,,,,,False
BEACH 55 ST,1,0,0.0,0,0.0,,0,,,,,0.0,,,,,False
BEACH 56 PL,13,8,0.0,6,0.0,0.0,0,,,,,0.0,,,,,False
BEACH 56 ST,11,4,0.0,4,0.0,0.0,0,,,,,0.0,,,,,False
BEACH 57 ST,11,2,0.0,0,0.0,0.0,0,,,,,0.0,,,,,False
BEACH 58 ST,10,1,0.0,2,0.0,0.0,0,,,,,0.0,,,,,False
BEACH 59 ST,51,18,0.0,5,0.0,0.0,0,,,,,0.0,,,,,False
BEACH 6 ST,6,5,0.0,0,0.0,0.0,0,,,,,0.0,,,,,False
BEACH 60 ST,5,0,0.0,1,0.0,,0,,,,,0.0,,,,,False
BEACH 61 ST,5,1,0.0,1,0.0,0.0,0,,,,,0.0,,,,,False
BEACH 62 ST,21,8,0.0,6,0.0,0.0,0,,,,,0.0,,,,,False
BEACH 63 ST,18,6,0.0,4,0.0,0.0,0,,,,,0.0,,,,,False
BEACH 64 ST,10,9,0.0,1,0.0,0.0,0,,,,,0.0,,,,,False
BEACH 65 ST,14,6,0.0,2,0.0,0.0,0,,,,,0.0,,,,,False
BEACH 66 ST,9,4,0.0,2,0.0,0.0,0,,,,,0.0,,,,,False
BEACH 67 ST,31,7,0.0,12,0.0,0.0,0,,,,,0.0,,,,,False
BEACH 68 ST,21,5,0.0,6,0.0,0.0,0,,,,,0.0,,,,,False
BEACH 69 ST,36,22,0.0,9,0.0,0.0,0,,,,,0.0,,,,,False
BEACH 70 ST,2,0,0.0,0,0.0,,0,,,,,0.0,,,,,False
BEACH 72 ST,19,5,0.0,4,0.0,0.0,0,,,,,0.0,,,,,False
BEACH 73 ST,21,11,0.0,10,0.0,0.0,0,,,,,0.0,,,,,False
BEACH 74 ST,9,5,0.0,1,0.0,0.0,0,,,,,0.0,,,,,False
BEACH 75 ST,4,0,0.0,5,0.0,,0,,,,,0.0,,,,,False
BEACH 77 ST,7,1,0.0,0,0.0,0.0,0,,,,,0.0,,,,,False
BEACH 77ST,1,0,0.0,0,0.0,,0,,,,,0.0,,,,,False
BEACH 79 ST,9,4,0.0,4,0.0,0.0,0,,,,,0.0,,,,,False
BEACH 8 ST,2,0,0.0,1,0.0,,0,,,,,0.0,,,,,False
BEACH 80 ST,7,1,0.0,1,0.0,0.0,0,,,,,0.0,,,,,False
BEACH 81 ST,8,2,0.0,1,0.0,0.0,0,,,,,0.0,,,,,False
BEACH 82 ST,1,1,0.0,0,0.0,0.0,0,,,,,0.0,,,,,False
BEACH 84 ST,16,1,0.0,8,0.0,0.0,0,,,,,0.0,,,,,False
BEACH 85 ST,7,1,0.0,1,0.0,0.0,0,,,,,0.0,,,,,False
BEACH 86 ST,10,3,0.0,0,0.0,0.0,0,,,,,0.0,,,,,False
BEACH 87 ST,17,4,0.0,5,0.0,0.0,0,,,,,0.0,,,,,False
BEACH 88 ST,9,4,0.0,2,0.0,0.0,0,,,,,0.0,,,,,False
BEACH 89 ST,1,0,0.0,0,0.0,,0,,,,,0.0,,,,,False
BEACH 9 ST,71,21,0.0,12,0.0,0.0,0,,,,,0.0,,,,,False
BEACH 90 ST,16,4,0.0,3,0.0,0.0,0,,,,,0.0,,,,,False
BEACH 91,1,0,0.0,0,0.0,,0,,,,,0.0,,,,,False
BEACH 91 ST,18,5,0.0,4,0.0,0.0,0,,,,,0.0,,,,,False
BEACH 92 ST,18,8,0.0,5,0.0,0.0,0,,,,,0.0,,,,,False
BEACH 94 ST,22,9,0.0,8,0.0,0.0,0,,,,,0.0,,,,,False
BEACH 95 ST,14,13,0.0,4,0.0,0.0,0,,,,,0.0,,,,,False
BEACH 96 ST,19,1,0.0,2,0.0,0.0,0,,,,,0.0,,,,,False
BEACH 97 ST,11,0,0.0,1,0.0,,0,,,,,0.0,,,,,False
BEACH 98 ST,15,3,0.0,5,0.0,0.0,0,,,,,0.0,,,,,False
BEACH 99 ST,6,1,0.0,0,0.0,0.0,0,,,,,0.0,,,,,False
BEACH 9TH ST,2,0,0.0,0,0.0,,0,,,,,0.0,,,,,False
BEACH BREEZE LANE,3,0,0.0,0,0.0,,0,,,,,0.0,,,,,False
BEACH BREEZE PL,1,0,0.0,0,0.0,,0,,,,,0.0,,,,,False
BEACH CHANNEL DR,1045,498,0.0,221,0.0,0.0,0,,,,,0.0,,,,,False
BEACH FRONT RD,2,1,0.0,2,0.0,0.0,0,,,,,0.0,,,,,False
BEACH WALK,1,0,0.0,1,0.0,,0,546.6869908468382,2.0,25.0,1.0,0.75,2.0,,,,False
BEACON AVE,0,0,0.0,0,0.0,,0,2210.650664271039,2.0,25.0,0.0,0.0,5.0,,,,False
BEACON COURT,2,0,0.0,0,0.0,,0,,,,,0.0,,,,,False
BEACON CT,0,0,0.0,0,0.0,,0,2202.4369863387105,1.0,25.0,0.0,0.0,4.0,,,,False
BEACON LANE,1,0,0.0,0,0.0,,0,,,,,0.0,,,,,False
BEACON PL,0,0,0.0,4,0.0,,0,1205.6525472714145,2.0,25.0,0.0,0.0,6.0,,,,False
BEADLE ST,1,0,0.0,0,0.0,,0,,,,,0.0,,,,,False
BEDELL LANE,4,1,0.0,0,0.0,0.0,0,,,,,0.0,,,,,False
BEDFIRD AVE,1,1,0.0,0,0.0,0.0,0,,,,,0.0,,,,,False
BEDFOD AVE,1,0,0.0,0,0.0,,0,,,,,0.0,,,,,False
BEDFORD PARK,1,0,0.0,0,0.0,,0,,,,,0.0,,,,,False
BEDFORD PARK BLVD W,0,0,0.0,2,0.0,,0,1530.9439003895518,3.3333333333333335,25.0,1.0,0.75,3.0,,,,False
BEDFORD PARK BLVD WEST,3,1,0.0,0,0.0,0.0,0,,,,,0.0,,,,,False
BEECH TERRACE,3,0,0.0,1,0.0,,0,,,,,0.0,,,,,False
BELFIELD AVE,1,0,0.0,0,0.0,,0,2302.059904340685,1.75,25.0,0.0,0.0,8.0,,,,False
BELL BOULVARD,1,0,0.0,0,0.0,,0,,,,,0.0,,,,,False
BELL BOULVEARD,1,0,0.0,0,0.0,,0,,,,,0.0,,,,,False
BELL SLIP,1,0,0.0,0,0.0,,0,288.89442098445795,2.0,25.0,0.0,0.0,1.0,,,,False
BELMAR DR,1,0,0.0,0,0.0,,0,,,,,0.0,,,,,False
BELMONT ST,2,0,0.0,0,0.0,,0,,,,,0.0,,,,,False
BELT,1,0,0.0,0,0.0,,0,,,,,0.0,,,,,False
BEMENT COURT,1,0,0.0,0,0.0,,0,,,,,0.0,,,,,False
BENNETT COURT,4,0,0.0,0,0.0,,0,,,,,0.0,,,,,False
BENNETT CT,0,0,0.0,0,0.0,,0,809.2892259574072,1.5,25.0,0.0,0.0,2.0,,,,False
BENTLEY LANE,2,0,0.0,0,0.0,,0,,,,,0.0,,,,,False
BENTLEY LN,0,0,0.0,0,0.0,,0,596.1131321081357,1.0,25.0,0.0,0.0,1.0,,,,False
BEOOKLYN QUEENS EXPY,1,0,0.0,0,0.0,,0,,,,,0.0,,,,,False
BEP PKWY,0,0,0.0,0,0.0,,0,152.71220883129251,1.0,25.0,1.0,0.75,1.0,,,,False
BERGEN COURT,6,1,0.0,0,0.0,0.0,0,,,,,0.0,,,,,False
BERGEN COVE,2,0,0.0,0,0.0,,0,,,,,0.0,,,,,False
BERRIAN BULEVARD,1,0,0.0,0,0.0,,0,,,,,0.0,,,,,False
BERRY PL,1,0,0.0,0,0.0,,0,120.86727810323427,1.0,25.0,0.0,0.0,2.0,,,,False
BEVERLY AVE,0,0,0.0,0,0.0,,0,1431.1294257495786,2.0,25.0,0.0,0.0,3.0,,,,False
BEVERLY ST,1,0,0.0,0,0.0,,0,,,,,0.0,,,,,False
BEVY COURT,1,1,0.0,0,0.0,0.0,0,,,,,0.0,,,,,False
BIALYSTOKER PL,2,0,0.0,0,0.0,,0,799.3406968669793,1.6666666666666667,25.0,0.0,0.0,6.0,,,,False
BIANCA COURT,1,0,0.0,0,0.0,,0,,,,,0.0,,,,,False
BIANCA CT,0,0,0.0,0,0.0,,0,365.5870377042249,1.0,25.0,0.0,0.0,3.0,,,,False
BILLINGS ST,0,0,0.0,0,0.0,,0,989.6040191148726,2.0,25.0,0.0,0.0,2.0,,,,False
BILLINGSLEY TER,0,0,0.0,1,0.0,,0,857.6562733260536,1.0,25.0,0.0,0.0,1.0,,,,False
BILLINGSLY TERRACE,13,1,0.0,0,0.0,0.0,0,,,,,0.0,,,,,False
BIRMINGTON PKWY,0,0,0.0,0,0.0,,0,788.8660354190979,1.0,25.0,0.0,0.0,1.0,,,,False
BLACKHORSE COURT,0,0,0.0,0,0.0,,0,,,,,0.0,,,,,False
BLISS TERRACE,4,0,0.0,0,0.0,,0,,,,,0.0,,,,,False
BLOCK ST,0,0,0.0,0,0.0,,0,355.9837305068094,2.0,25.0,0.0,0.0,1.0,,,,False
BLUCKNER BLVD,1,0,0.0,0,0.0,,0,,,,,0.0,,,,,False
BLUE SLIP,4,0,0.0,1,0.0,,0,307.11911168656405,2.0,25.0,0.0,0.0,1.0,,,,False
BLUEBERRY LN,0,0,0.0,0,0.0,,0,613.4724046836003,2.0,25.0,0.0,0.0,1.0,,,,False
BOARDWALK E,0,0,0.0,1,0.0,,0,3922.62535711121,2.0,25.0,1.0,0.75,8.0,,,,False
BOARDWALK EAST,1,1,0.0,0,0.0,0.0,0,,,,,0.0,,,,,False
BOARDWALK W,1,1,0.0,0,0.0,0.0,0,9381.176398756086,2.0,25.0,1.0,0.75,21.0,,,,False
BOAT BASIN,1,0,0.0,0,0.0,,0,,,,,0.0,,,,,False
BOAT BASIN PL,7,1,0.0,1,0.0,0.0,0,1006.1706218087114,3.5555555555555554,25.0,0.0,0.0,9.0,,,,False
BOELSEN CRESCENT,0,0,0.0,0,0.0,,0,,,,,0.0,,,,,False
BOKEE COURT,4,0,0.0,0,0.0,,0,,,,,0.0,,,,,False
BONX RIVER AVE,1,0,0.0,0,0.0,,0,,,,,0.0,,,,,False
BOOOMINGDALE RD,1,0,0.0,0,0.0,,0,,,,,0.0,,,,,False
BORDEN,1,0,0.0,0,0.0,,0,,,,,0.0,,,,,False
BORO PL,1,0,0.0,0,0.0,,0,,,,,0.0,,,,,False
BOSCOMBE AVEUNE,0,0,0.0,0,0.0,,0,,,,,0.0,,,,,False
BOSTON RD AND BIVONA ST,1,0,0.0,0,0.0,,0,,,,,0.0,,,,,False
BOTANICAL GRDN BRG,0,0,0.0,4,0.0,,0,909.8876131276012,1.4,25.0,1.0,0.75,10.0,,,,False
BOTANICAL SQUARE,7,0,0.0,0,0.0,,0,,,,,0.0,,,,,False
BOTANICAL SQUARE NORTH,2,0,0.0,0,0.0,,0,,,,,0.0,,,,,False
BOTANICAL SQUARE SOUTH,5,0,0.0,0,0.0,,0,,,,,0.0,,,,,False
BOUCK COURT,2,0,0.0,1,0.0,,0,,,,,0.0,,,,,False
BOUNDARY NORTH RD,1,0,0.0,0,0.0,,0,,,,,0.0,,,,,False
BOURTON ST,0,0,0.0,0,0.0,,0,670.0588767379147,2.0,25.0,0.0,0.0,1.0,,,,False
BOW ST,0,0,0.0,0,0.0,,0,474.17361790706616,2.0,25.0,0.0,0.0,3.0,,,,False
BOWER COURT,1,0,0.0,0,0.0,,0,,,,,0.0,,,,,False
BOWERY ST,1,1,0.0,0,0.0,0.0,0,,,,,0.0,,,,,False
BOWERY ST AND DELANCEY,0,0,0.0,0,0.0,,0,,,,,0.0,,,,,False
BOWLING GREEN,2,0,0.0,0,0.0,,0,,,,,0.0,,,,,False
BOYLAND ST,378,220,0.0,33,0.0,0.0,0,,,,,0.0,,,,,False
BQE,1,0,0.0,12,0.0,,0,22379.89594335834,1.2201834862385321,25.0,1.0,0.75,109.0,,,,False
BQE WEST,0,0,0.0,0,0.0,,0,,,,,0.0,,,,,False
BRANDIS LANE,1,0,0.0,0,0.0,,0,,,,,0.0,,,,,False
BREEZE HILL DR,0,0,0.0,0,0.0,,0,,,,,0.0,,,,,False
BREWER BLVD,703,344,0.0,48,0.0,0.0,0,,,,,0.0,,,,,False
BRICK TOWN WAY,2,0,0.0,0,0.0,,0,,,,,0.0,,,,,False
BRICKTOWN WAY,9,2,0.0,10,0.0,0.0,0,5693.308304702627,2.0,25.0,0.0,0.0,34.0,,,,False
BRIDGE PARK DR,2,0,0.0,0,0.0,,0,1438.1401664957132,1.4615384615384615,25.0,0.0,0.0,13.0,,,,False
BRIDGE PLAZA COURT,1,0,0.0,0,0.0,,0,,,,,0.0,,,,,False
BRIDGE PLAZA CT,2,0,0.0,0,0.0,,0,324.8185702838291,1.0,25.0,0.0,0.0,1.0,,,,False
BRIGHTON 10 COURT,3,1,0.0,0,0.0,0.0,0,,,,,0.0,,,,,False
BRIGHTON 10 LN,0,0,0.0,0,0.0,,0,389.9291815344404,1.0,25.0,0.0,0.0,1.0,,,,False
BRIGHTON 10 TERRACE,4,1,0.0,0,0.0,0.0,0,,,,,0.0,,,,,False
BRIGHTON 11TH ST,1,0,0.0,0,0.0,,0,,,,,0.0,,,,,False
BRIGHTON 12TH ST,1,0,0.0,0,0.0,,0,,,,,0.0,,,,,False
BRIGHTON 1ST ST,1,0,0.0,0,0.0,,0,,,,,0.0,,,,,False
BRIGHTON 2 LANE,1,0,0.0,0,0.0,,0,,,,,0.0,,,,,False
BRIGHTON 4 TERRACE,2,0,0.0,0,0.0,,0,,,,,0.0,,,,,False
BRIGHTON 4STREET,1,0,0.0,0,0.0,,0,,,,,0.0,,,,,False
BRIGHTON 8 COURT,3,1,0.0,1,0.0,0.0,0,,,,,0.0,,,,,False
BRIGHTON COURT,5,3,0.0,0,0.0,0.0,0,,,,,0.0,,,,,False
BRIGHTON CT,0,0,0.0,0,0.0,,0,874.2594786036673,1.3333333333333333,25.0,0.0,0.0,3.0,,,,False
BRIGHTWATER COURT,54,10,0.0,1,0.0,0.0,0,,,,,0.0,,,,,False
BRIGHTWATER CT,0,0,0.0,8,0.0,,0,1989.74967495047,1.0,25.0,0.0,0.0,8.0,,,,False
BROADWAY AVE,15,6,0.0,3,0.0,0.0,0,,,,,0.0,,,,,False
BROADWAY ST,5,2,0.0,0,0.0,0.0,0,,,,,0.0,,,,,False
BROADWAY TER,0,0,0.0,0,0.0,,0,439.8813697641146,1.0,25.0,0.0,0.0,2.0,,,,False
BROADWAY TERRACE,16,2,0.0,2,0.0,0.0,0,,,,,0.0,,,,,False
BROAWAY,1,1,0.0,0,0.0,0.0,0,,,,,0.0,,,,,False
BRONX AND PELHAM PARKWAYS,0,0,0.0,0,0.0,,0,,,,,0.0,,,,,False
BRONX AND PELHAM PKWY,1,0,0.0,0,0.0,,0,,,,,0.0,,,,,False
BRONX BOTANICAL GARDENS,2,1,0.0,0,0.0,0.0,0,,,,,0.0,,,,,False
BRONX PARK E,0,0,0.0,32,0.0,,0,6949.716169276108,3.789473684210526,25.0,0.0,0.0,19.0,,,,False
BRONX PARK EAST,276,112,0.0,14,0.0,0.0,0,,,,,0.0,,,,,False
BRONX PARK S,0,0,0.0,7,0.0,,0,2064.807011693858,2.0,25.0,0.0,0.0,6.0,,,,False
BRONX PARK SOUTH,50,15,0.0,1,0.0,0.0,0,,,,,0.0,,,,,False
BRONX RIV AVE,1,1,0.0,0,0.0,0.0,0,,,,,0.0,,,,,False
BRONX RIVER,0,0,0.0,0,0.0,,0,,,,,0.0,,,,,False
BRONX RIVER PARK,1,0,0.0,0,0.0,,0,,,,,0.0,,,,,False
BRONX RIVER PKWY NORTH,1,0,0.0,0,0.0,,0,,,,,0.0,,,,,False
BRONX RIVER PKWY RD,1,0,0.0,0,0.0,,0,,,,,0.0,,,,,False
BRONX RIVER PKWY SOUTH,1,0,0.0,0,0.0,,0,,,,,0.0,,,,,False
BRONX RIVER RD,1,0,0.0,0,0.0,,0,,,,,0.0,,,,,False
BRONX SHORE RD,15,4,0.0,2,0.0,0.0,0,5343.18192056088,1.5526315789473684,25.0,0.0,0.0,38.0,,,,False
BRONX STATE HOSPITAL,1,0,0.0,0,0.0,,0,,,,,0.0,,,,,False
BRONX WHITESTONE BRIDGE,1080,631,0.0,78,0.0,0.0,0,,,,,0.0,,,,,False
BROOKDALE PLAZA,35,9,0.0,1,0.0,0.0,0,,,,,0.0,,,,,False
BROOKDALE PLZ,0,0,0.0,4,0.0,,0,,,,,0.0,,,,,False
BROOKLYN BATTERY TUNNEL,292,117,0.0,77,0.0,0.0,0,,,,,0.0,,,,,False
BROOKLYN BRIDGE PED AND BIKE PAT,0,0,0.0,3,0.0,,0,,,,,0.0,,,,,False
BROOKLYN BRIDGE PEDESTRIAN PATH,0,0,0.0,5,0.0,,0,4563.532302918649,0.0,25.0,1.0,0.75,40.0,,,,False
BROOKLYN BRIDGE PROMENADE,1,0,0.0,0,0.0,,0,,,,,0.0,,,,,False
BROOKLYN BRIDGE WALKWAY,1,1,0.0,0,0.0,0.0,0,,,,,0.0,,,,,False
BROOKLYN NAVY YARD,1,0,0.0,0,0.0,,0,,,,,0.0,,,,,False
BROOKLYN QUEENS EXPY EAST,1,0,0.0,0,0.0,,0,,,,,0.0,,,,,False
BROOKLYN QUEENS EXPY SERVI,1,0,0.0,0,0.0,,0,,,,,0.0,,,,,False
BROOKLYN QUEENS EXPY WES,5,0,0.0,0,0.0,,0,,,,,0.0,,,,,False
BROOKLYN QUEESN EXPY WES,1,0,0.0,0,0.0,,0,,,,,0.0,,,,,False
BROOKLYN TERMINAL MARKET,2,3,0.0,1,0.0,0.0,0,,,,,0.0,,,,,False
BROOKYN QNS EXPY,1,0,0.0,0,0.0,,0,,,,,0.0,,,,,False
BROOM ST,1,0,0.0,0,0.0,,0,,,,,0.0,,,,,False
BROOME ST AND,1,0,0.0,0,0.0,,0,,,,,0.0,,,,,False
BROWER COURT,1,1,0.0,0,0.0,0.0,0,,,,,0.0,,,,,False
BROWER CT,0,0,0.0,0,0.0,,0,336.6819418072963,2.0,25.0,0.0,0.0,1.0,,,,False
BROWVALE LANE,10,1,0.0,0,0.0,0.0,0,,,,,0.0,,,,,False
BROWVALE LN,0,0,0.0,0,0.0,,0,3929.761227848379,1.9,25.0,0.0,0.0,20.0,,,,False
BRUCKNER BLVD AND BROOK AVE,1,0,0.0,0,0.0,,0,,,,,0.0,,,,,False
BRUCKNER BLVD EXPY,1,0,0.0,0,0.0,,0,,,,,0.0,,,,,False
BRUCKNER BLVD SERVICE RD,1,1,0.0,0,0.0,0.0,0,,,,,0.0,,,,,False
BRUCKNER BLVS,1,0,0.0,0,0.0,,0,,,,,0.0,,,,,False
BRUCKNER BOILEVARD,1,0,0.0,0,0.0,,0,,,,,0.0,,,,,False
BRUCKNER EXPRESSWAY/ I-278,1,0,0.0,0,0.0,,0,,,,,0.0,,,,,False
BRUCKNER EXPY SERVICE,1,1,0.0,0,0.0,0.0,0,,,,,0.0,,,,,False
BRUCKNER EXPY W,0,0,0.0,0,0.0,,0,,,,,0.0,,,,,False
BRUNO LANE,1,0,0.0,0,0.0,,0,,,,,0.0,,,,,False
BRYANT PARK,8,3,0.0,1,0.0,0.0,0,,,,,0.0,,,,,False
BUCHANAN ST,5,1,0.0,0,0.0,0.0,0,,,,,0.0,,,,,False
BUCKINGHAM RD,3,0,0.0,2,0.0,,0,1830.6952794554277,1.25,25.0,0.0,0.0,8.0,,,,False
BUCKNER BLVD,1,0,0.0,0,0.0,,0,,,,,0.0,,,,,False
BURDEN CRESCENT,7,1,0.0,0,0.0,0.0,0,,,,,0.0,,,,,False
BURDETTE PL,0,0,0.0,0,0.0,,0,236.4091495171474,1.0,25.0,0.0,0.0,1.0,,,,False
BURNET PL,3,1,0.0,0,0.0,0.0,0,,,,,0.0,,,,,False
BURNETT PL,0,0,0.0,0,0.0,,0,760.419056185588,2.0,25.0,0.0,0.0,2.0,,,,False
BURTON AVE,0,0,0.0,0,0.0,,0,1516.3771566142673,2.0,25.0,0.0,0.0,2.0,,,,False
BUSHWICK,1,0,0.0,0,0.0,,0,,,,,0.0,,,,,False
BUTLER TERRACE,1,0,0.0,0,0.0,,0,,,,,0.0,,,,,False
BYRNE AVE,0,0,0.0,1,0.0,,0,1907.3675249372834,2.0,25.0,0.0,0.0,3.0,,,,False
CABLE WAY,0,0,0.0,0,0.0,,0,554.5341592638055,2.0,25.0,0.0,0.0,1.0,,,,False
CADMAN PLAZA EAST,20,5,0.0,0,0.0,0.0,0,,,,,0.0,,,,,False
CADMAN PLAZA WEST,185,55,0.0,3,0.0,0.0,0,,,,,0.0,,,,,False
CADMAN PLZ E,0,0,0.0,0,0.0,,0,2064.7330593449924,2.2222222222222223,25.0,0.0,0.0,9.0,,,,False
CADMAN PLZ W,0,0,0.0,8,0.0,,0,5263.1881438189175,2.0,25.0,0.0,0.0,24.0,,,,False
CALCAGNO COURT,1,0,0.0,0,0.0,,0,,,,,0.0,,,,,False
CALVANICO LN,0,0,0.0,0,0.0,,0,383.7512222545332,2.0,25.0,0.0,0.0,1.0,,,,False
CALVIN PL,1,0,0.0,0,0.0,,0,173.4739031813995,2.0,25.0,0.0,0.0,1.0,,,,False
CAMERON COURT,2,0,0.0,0,0.0,,0,,,,,0.0,,,,,False
CANADA AVE,1,0,0.0,0,0.0,,0,,,,,0.0,,,,,False
CANAL ST W,0,0,0.0,0,0.0,,0,755.1494742941316,2.0,25.0,0.0,0.0,1.0,,,,False
CANAL ST WEST,4,1,0.0,0,0.0,0.0,0,,,,,0.0,,,,,False
CANARSIE CIRCLE,1,0,0.0,0,0.0,,0,,,,,0.0,,,,,False
CANARSIE LANE,1,1,0.0,0,0.0,0.0,0,,,,,0.0,,,,,False
CANARSIE LN,0,0,0.0,2,0.0,,0,510.77497925178847,1.6666666666666667,25.0,0.0,0.0,3.0,,,,False
CANARSIE VETERANS CIR,0,0,0.0,4,0.0,,0,873.503315337659,1.875,25.0,0.0,0.0,16.0,,,,False
CANARSIE VETERANS CIRCLE,7,2,0.0,0,0.0,0.0,0,,,,,0.0,,,,,False
CANEY LANE,10,4,0.0,0,0.0,0.0,0,,,,,0.0,,,,,False
CANEY LN,0,0,0.0,2,0.0,,0,2622.8655765576514,2.0,25.0,0.0,0.0,6.0,,,,False
CANNON ST,0,0,0.0,0,0.0,,0,207.1942146043891,1.0,25.0,0.0,0.0,1.0,,,,False
CAPODANNO BLVD,155,95,0.0,11,0.0,0.0,0,,,,,0.0,,,,,False
CAPUCHIN WAY,7,2,0.0,1,0.0,0.0,0,903.0662695255003,2.0,25.0,0.0,0.0,2.0,,,,False
CARDINAL LANE,1,0,0.0,0,0.0,,0,,,,,0.0,,,,,False
CARDINAL SPELLMAN PL,3,1,0.0,0,0.0,0.0,0,,,,,0.0,,,,,False
CARGO KENNEDY AIRPORT,0,0,0.0,1,0.0,,0,,,,,0.0,,,,,False
CARGO PLZ,0,0,0.0,0,0.0,,0,4349.337932327135,2.0,25.0,0.0,0.0,5.0,,,,False
CARLTON COURT,1,0,0.0,0,0.0,,0,,,,,0.0,,,,,False
CARLTON CT,1,1,0.0,0,0.0,0.0,0,829.2693044531443,2.0,25.0,0.0,0.0,3.0,,,,False
CARLYLE GREEN,7,0,0.0,0,0.0,,0,,,,,0.0,,,,,False
CARLYLE GRN,0,0,0.0,0,0.0,,0,2219.4660521556016,2.0,25.0,0.0,0.0,3.0,,,,False
CARROL ST,1,0,0.0,0,0.0,,0,,,,,0.0,,,,,False
CARROLL,1,0,0.0,0,0.0,,0,,,,,0.0,,,,,False
CASTLE HILL AVE AND RANDALL A,0,0,0.0,0,0.0,,0,,,,,0.0,,,,,False
CASTLEHILL AVE,2,0,0.0,0,0.0,,0,,,,,0.0,,,,,False
CASTOR PL,1,0,0.0,0,0.0,,0,789.0355797085857,2.0,25.0,0.0,0.0,3.0,,,,False
CATAMARAN WAY,0,0,0.0,0,0.0,,0,990.1041612916437,2.3333333333333335,25.0,0.0,0.0,6.0,,,,False
CATHERINE COURT,1,0,0.0,0,0.0,,0,,,,,0.0,,,,,False
CATHERINE LANE,2,0,0.0,0,0.0,,0,,,,,0.0,,,,,False
CBE,0,0,0.0,0,0.0,,0,15623.000375704343,1.8295454545454546,25.0,1.0,0.75,88.0,,,,False
CEDAR GROVE AVE,0,0,0.0,0,0.0,,0,2781.10751962898,1.1111111111111112,25.0,0.0,0.0,18.0,,,,False
CEDAR LN,0,0,0.0,0,0.0,,0,828.0463108341704,1.3333333333333333,25.0,0.0,0.0,3.0,,,,False
CEDAR TERRACE,1,0,0.0,0,0.0,,0,,,,,0.0,,,,,False
CEDARGROVE AVE,6,3,0.0,0,0.0,0.0,0,,,,,0.0,,,,,False
CEDARGROVE COURT,1,0,0.0,0,0.0,,0,,,,,0.0,,,,,False
CEDARWOOD CT,0,0,0.0,0,0.0,,0,432.24875596269925,2.0,25.0,0.0,0.0,1.0,,,,False
CELEBRATION LANE,1,0,0.0,0,0.0,,0,,,,,0.0,,,,,False
CELEST COURT,2,0,0.0,0,0.0,,0,,,,,0.0,,,,,False
CELESTE COURT,1,0,0.0,0,0.0,,0,,,,,0.0,,,,,False
CELESTE CT,0,0,0.0,0,0.0,,0,2291.045534524779,1.0,25.0,0.0,0.0,5.0,,,,False
CENTER,1,0,0.0,0,0.0,,0,,,,,0.0,,,,,False
CENTER 109 DR,1,0,0.0,0,0.0,,0,,,,,0.0,,,,,False
CENTER AVE,2,3,0.0,0,0.0,0.0,0,,,,,0.0,,,,,False
CENTER MARKET ST,4,0,0.0,0,0.0,,0,,,,,0.0,,,,,False
CENTER ST,1,0,0.0,2,0.0,,0,3955.8952084792572,1.7272727272727273,25.0,1.0,0.75,11.0,,,,False
CENTRAL PARK HECKSCHER FLDS,0,0,0.0,6,0.0,,0,,,,,0.0,,,,,False
CENTRAL PARK N,0,0,0.0,25,0.0,,0,2569.4770769871443,2.0,25.0,0.0,0.0,5.0,,,,False
CENTRAL PARK NORTH,39,31,0.0,2,0.0,0.0,0,,,,,0.0,,,,,False
CENTRAL PARK S,0,0,0.0,21,0.0,,0,2690.1234217563965,4.0,25.0,0.0,0.0,4.0,,,,False
CENTRAL PARK SOUTH,201,82,0.0,8,0.0,0.0,0,,,,,0.0,,,,,False
CENTRAL PARK W,0,0,0.0,56,0.0,,0,13323.563035437597,3.888888888888889,25.0,0.0,0.0,45.0,,,,False
CENTRAL PARK WEST,500,211,0.0,33,0.0,0.0,0,,,,,0.0,,,,,False
CENTRAL RD,17,5,0.0,6,0.0,0.0,0,7508.473635698263,1.9,25.0,1.0,0.75,40.0,,,,False
CENTRAL RD SOUTH,1,2,0.0,0,0.0,0.0,0,,,,,0.0,,,,,False
CENTRAL ROD,1,0,0.0,0,0.0,,0,,,,,0.0,,,,,False
CENTRAL TERMINAL DR,1,0,0.0,0,0.0,,0,,,,,0.0,,,,,False
CENTRE EDGEWATER PARK,1,1,0.0,0,0.0,0.0,0,,,,,0.0,,,,,False
CENTRE ST AND CHAMBERS ST,0,0,0.0,0,0.0,,0,,,,,0.0,,,,,False
CENTREVILLE AVE,42,21,0.0,1,0.0,0.0,0,,,,,0.0,,,,,False
CENTREVILLE ST,1,0,0.0,9,0.0,,0,3479.7650286532544,2.0,25.0,0.0,0.0,14.0,,,,False
CESAR PL,1,0,0.0,0,0.0,,0,,,,,0.0,,,,,False
CHAMBERS ST AND CENTRE ST,0,0,0.0,2,0.0,,0,,,,,0.0,,,,,False
CHAPIN COURT,2,1,0.0,0,0.0,0.0,0,,,,,0.0,,,,,False
CHARLECOTE RDG,0,0,0.0,2,0.0,,0,1528.0650072809033,1.0,25.0,0.0,0.0,6.0,,,,False
CHARLECOTE RIDGE,3,1,0.0,0,0.0,0.0,0,,,,,0.0,,,,,False
CHARLES GAY LOOP,3,2,0.0,0,0.0,0.0,0,1915.7068562571662,1.0,25.0,0.0,0.0,17.0,,,,False
CHARLES J CRIMI RD,0,0,0.0,1,0.0,,0,3724.6084439480287,2.1,27.0,1.0,0.75,10.0,,,,False
CHARLES LANE,3,0,0.0,0,0.0,,0,,,,,0.0,,,,,False
CHASE COURT,8,1,0.0,0,0.0,0.0,0,,,,,0.0,,,,,False
CHASE CT,0,0,0.0,0,0.0,,0,616.2645547770458,2.0,25.0,0.0,0.0,1.0,,,,False
CHATHAM SQ,0,0,0.0,1,0.0,,0,747.1037905615901,2.1538461538461537,25.0,0.0,0.0,13.0,,,,False
CHATHAM SQUARE,23,8,0.0,0,0.0,0.0,0,,,,,0.0,,,,,False
CHELSA RD,1,1,0.0,0,0.0,0.0,0,,,,,0.0,,,,,False
CHELSEA PIERS,1,0,0.0,0,0.0,,0,,,,,0.0,,,,,False
CHERRYWOOD COURT,2,1,0.0,0,0.0,0.0,0,,,,,0.0,,,,,False
CHESTER COURT,2,0,0.0,0,0.0,,0,,,,,0.0,,,,,False
CHESTNUT CIRCLE,1,0,0.0,0,0.0,,0,,,,,0.0,,,,,False
CHESTNUT CT,0,0,0.0,0,0.0,,0,302.19959636835284,2.0,25.0,0.0,0.0,1.0,,,,False
CHESTNUT DR NORTH,1,0,0.0,0,0.0,,0,,,,,0.0,,,,,False
CHICOT RD,0,0,0.0,5,0.0,,0,775.4565755244173,1.0,25.0,0.0,0.0,2.0,,,,False
CHISOLM ST,1,1,0.0,0,0.0,0.0,0,,,,,0.0,,,,,False
CHRISTOPHER AVE,54,26,0.0,10,0.0,0.0,0,4983.107895271941,1.2307692307692308,25.0,1.0,0.75,13.0,,,,False
CHRISTOPHER LANE,18,14,0.0,0,0.0,0.0,0,,,,,0.0,,,,,False
CHRISTOPHER LN,0,0,0.0,4,0.0,,0,2360.7131630778904,3.0,25.0,0.0,0.0,5.0,,,,False
CHURCH LANE,1,0,0.0,0,0.0,,0,,,,,0.0,,,,,False
CHURCH LN,0,0,0.0,0,0.0,,0,1837.3626172769896,1.1428571428571428,25.0,0.0,0.0,7.0,,,,False
CINCINATUS AVE,4,0,0.0,1,0.0,,0,,,,,0.0,,,,,False
CINCINNATUS AVE,0,0,0.0,0,0.0,,0,860.6730021461995,2.0,25.0,0.0,0.0,2.0,,,,False
CIP,1,1,0.0,0,0.0,0.0,0,390.66342187799444,2.0,25.0,1.0,0.75,1.0,,,,False
CITY AVE,0,0,0.0,0,0.0,,0,,,,,0.0,,,,,False
CITY HALL PARK,2,1,0.0,0,0.0,0.0,0,,,,,0.0,,,,,False
CITY ISLAND BRG,0,0,0.0,1,0.0,,0,,,,,0.0,,,,,False
CITY ISLAND BRIDGE,11,19,0.0,2,0.0,0.0,0,,,,,0.0,,,,,False
CITY ISLAND CIRCLE,17,5,0.0,0,0.0,0.0,0,,,,,0.0,,,,,False
CITY LIMIT,0,0,0.0,1,0.0,,0,,,,,0.0,,,,,False
CITY PT,0,0,0.0,0,0.0,,0,,,,,0.0,,,,,False
CLAIRE COURT,1,0,0.0,0,0.0,,0,,,,,0.0,,,,,False
CLARAN COURT,0,0,0.0,1,0.0,,0,,,,,0.0,,,,,False
CLARK LANE,3,0,0.0,0,0.0,,0,,,,,0.0,,,,,False
CLARKE PL,1,0,0.0,0,0.0,,0,,,,,0.0,,,,,False
CLARVIEW EXPY,1,0,0.0,0,0.0,,0,,,,,0.0,,,,,False
CLASON POINT LANE SOUTH,3,0,0.0,0,0.0,,0,,,,,0.0,,,,,False
CLASON POINT LN,0,0,0.0,0,0.0,,0,1642.76924870538,1.0,25.0,0.0,0.0,13.0,,,,False
CLEARVIEW EXPY SERVICE RD,6,0,0.0,0,0.0,,0,,,,,0.0,,,,,False
CLEARVIEW SERVICE RD,1,0,0.0,0,0.0,,0,,,,,0.0,,,,,False
CLEARVOEW EXPY,1,0,0.0,0,0.0,,0,,,,,0.0,,,,,False
CLIFF CT,0,0,0.0,0,0.0,,0,108.04904464519761,2.0,25.0,0.0,0.0,1.0,,,,False
CLINTON B FISK AVE,3,0,0.0,2,0.0,,0,2117.6702984455133,1.0,25.0,0.0,0.0,7.0,,,,False
CLINTON B FRISK,1,1,0.0,0,0.0,0.0,0,,,,,0.0,,,,,False
CLINTON TERRACE,1,0,0.0,0,0.0,,0,,,,,0.0,,,,,False
CLINTON WHRF,0,0,0.0,1,0.0,,0,,,,,0.0,,,,,False
CLOVE LAKES PARK,0,0,0.0,0,0.0,,0,,,,,0.0,,,,,False
CLOVERDALE AVE,0,0,0.0,0,0.0,,0,1594.3755481453059,1.3333333333333333,25.0,0.0,0.0,3.0,,,,False
CO-OP CITY BLVD,0,0,0.0,25,0.0,,0,15185.211008390004,2.5090909090909093,25.0,0.0,0.0,55.0,,,,False
COBEK COURT,1,0,0.0,0,0.0,,0,,,,,0.0,,,,,False
COIIEGE POINT BLBD,1,0,0.0,0,0.0,,0,,,,,0.0,,,,,False
COLBY COURT,4,0,0.0,0,0.0,,0,,,,,0.0,,,,,False
COLDSPRING RD,1,0,0.0,0,0.0,,0,,,,,0.0,,,,,False
COLIN PL,0,0,0.0,0,0.0,,0,502.6936966579747,1.0,25.0,0.0,0.0,1.0,,,,False
COLLEAR AVE,1,0,0.0,0,0.0,,0,,,,,0.0,,,,,False
COLLEGE POINT,1,0,0.0,0,0.0,,0,,,,,0.0,,,,,False
COLLIS PL,0,0,0.0,1,0.0,,0,447.8195177148347,2.0,25.0,0.0,0.0,1.0,,,,False
COLUMBIA AVE,0,0,0.0,2,0.0,,0,560.7972138173934,2.0,25.0,0.0,0.0,3.0,,,,False
COLUMBIA HEIGHTS,16,0,0.0,0,0.0,,0,,,,,0.0,,,,,False
COLUMBIA HTS,0,0,0.0,1,0.0,,0,2291.225234602652,1.0,22.272727272727273,1.0,0.75,11.0,,,,False
COLUMBUS,1,0,0.0,0,0.0,,0,,,,,0.0,,,,,False
COLUMBUS CIR,0,0,0.0,6,0.0,,0,830.4338469265606,3.875,25.0,0.0,0.0,16.0,,,,False
COLUMBUS CIRCLE,87,18,0.0,8,0.0,0.0,0,,,,,0.0,,,,,False
COLUMUS AVE,1,2,0.0,0,0.0,0.0,0,,,,,0.0,,,,,False
COMFORT CT,0,0,0.0,1,0.0,,0,370.08311414615684,1.0,25.0,0.0,0.0,3.0,,,,False
COMMONWEALTH AVE,0,0,0.0,6,0.0,,0,7185.486392847172,1.2307692307692308,25.0,0.0,0.0,13.0,,,,False
COMMONWLTH AVE,91,24,0.0,2,0.0,0.0,0,,,,,0.0,,,,,False
CONCOURSE VILLAGE EAST,48,12,0.0,7,0.0,0.0,0,,,,,0.0,,,,,False
CONCOURSE VILLAGE WEST,55,15,0.0,1,0.0,0.0,0,,,,,0.0,,,,,False
CONCOURSE VLG E,0,0,0.0,14,0.0,,0,1389.5451672911236,2.0,25.0,1.0,0.75,4.0,,,,False
CONCOURSE VLG W,0,0,0.0,3,0.0,,0,2188.756158745031,1.0,25.0,0.0,0.0,5.0,,,,False
CONCRETE PLANT PARK,1,0,0.0,0,0.0,,0,,,,,0.0,,,,,False
CONDUIT,1,0,0.0,1,0.0,,0,,,,,0.0,,,,,False
CONDUIT AVE,16,2,0.0,0,0.0,0.0,0,,,,,0.0,,,,,False
CONDUIT BLVD SOUTH,2,0,0.0,0,0.0,,0,,,,,0.0,,,,,False
CONFUCIUS PLAZA,2,0,0.0,0,0.0,,0,,,,,0.0,,,,,False
CONNECTOR RD TO ASTORIA BL N,0,0,0.0,2,0.0,,0,510.3011517553442,1.5714285714285714,25.0,0.0,0.0,7.0,,,,False
CONNECTOR RD TO BRUCKNER EXPY,0,0,0.0,2,0.0,,0,1571.6904363451365,1.25,25.0,1.0,0.75,8.0,,,,False
CONNECTOR RD TO MARINA RD,0,0,0.0,2,0.0,,0,2988.9784481690076,1.0,25.0,1.0,0.75,15.0,,,,False
CONNECTOR RD TO NORTHERN BLVD,0,0,0.0,1,0.0,,0,1502.9421420907574,2.7777777777777777,25.0,1.0,0.75,9.0,,,,False
CONNELL PL,1,0,0.0,0,0.0,,0,211.00625356442512,2.0,25.0,0.0,0.0,1.0,,,,False
COOKE CT,0,0,0.0,0,0.0,,0,258.1818448294043,2.0,25.0,0.0,0.0,1.0,,,,False
COONLEY COURT,1,0,0.0,0,0.0,,0,,,,,0.0,,,,,False
COOP CITY BLVD,138,48,0.0,13,0.0,0.0,0,,,,,0.0,,,,,False
COOPER SQ,0,0,0.0,10,0.0,,0,2084.754317501334,2.2666666666666666,25.0,0.0,0.0,15.0,,,,False
COOPER SQUARE,57,26,0.0,0,0.0,0.0,0,,,,,0.0,,,,,False
COOPER STEEET,1,1,0.0,0,0.0,0.0,0,,,,,0.0,,,,,False
COOPER TERRACE,2,0,0.0,0,0.0,,0,,,,,0.0,,,,,False
COPPER AVE,1,0,0.0,0,0.0,,0,,,,,0.0,,,,,False
CORBIN DR,3,1,0.0,0,0.0,0.0,0,,,,,0.0,,,,,False
CORNAGA COURT,1,0,0.0,0,0.0,,0,,,,,0.0,,,,,False
CORNEILA ST,1,1,0.0,0,0.0,0.0,0,,,,,0.0,,,,,False
CORP KENNEDY ST,1,0,0.0,0,0.0,,0,,,,,0.0,,,,,False
CORPORAL KENNEDY,2,1,0.0,0,0.0,0.0,0,,,,,0.0,,,,,False
CORPORAL KENNEDY ST,30,15,0.0,5,0.0,0.0,0,8873.733591826194,2.0,25.0,1.0,0.75,24.0,,,,False
CORPORAL KENNEY ST,1,0,0.0,0,0.0,,0,,,,,0.0,,,,,False
CORPORAL STONE ST,0,0,0.0,1,0.0,,0,1850.6178372123711,2.0,25.0,0.0,0.0,4.0,,,,False
CORTELYOU PL,0,0,0.0,0,0.0,,0,328.27443051330386,2.0,25.0,0.0,0.0,1.0,,,,False
CORTLANDT ALLEY,2,0,0.0,0,0.0,,0,,,,,0.0,,,,,False
CORYLLOS LANE,1,1,0.0,0,0.0,0.0,0,,,,,0.0,,,,,False
CORYN COURT,2,0,0.0,0,0.0,,0,,,,,0.0,,,,,False
COTTONTAIL COURT,1,0,0.0,0,0.0,,0,,,,,0.0,,,,,False
COUNTRY DR N,0,0,0.0,0,0.0,,0,569.4670307889442,1.0,25.0,0.0,0.0,2.0,,,,False
COUNTRY DR NORTH,1,0,0.0,0,0.0,,0,,,,,0.0,,,,,False
COUNTRY DR SOUTH,1,0,0.0,0,0.0,,0,,,,,0.0,,,,,False
COUNTRY DR W,0,0,0.0,1,0.0,,0,806.0209512937242,1.25,25.0,0.0,0.0,4.0,,,,False
COUNTRY LN,0,0,0.0,0,0.0,,0,591.4151771774718,1.0,25.0,0.0,0.0,3.0,,,,False
COUNTRY POINT CIRCLE,2,1,0.0,0,0.0,0.0,0,,,,,0.0,,,,,False
COUNTRY POINTE CIR,0,0,0.0,0,0.0,,0,1708.9697140662784,1.3333333333333333,25.0,0.0,0.0,3.0,,,,False
COURSEN CT,0,0,0.0,0,0.0,,0,276.82046702156083,2.0,25.0,0.0,0.0,1.0,,,,False
COURT SQ,0,0,0.0,3,0.0,,0,961.9966305611692,2.0,25.0,1.0,0.75,3.0,,,,False
COURT SQ W,0,0,0.0,0,0.0,,0,480.7616071440618,2.0,25.0,0.0,0.0,1.0,,,,False
COURT SQUARE,15,1,0.0,0,0.0,0.0,0,,,,,0.0,,,,,False
COURTNEY AVE,0,0,0.0,0,0.0,,0,722.9808626046652,3.0,25.0,0.0,0.0,2.0,,,,False
COVE CT,0,0,0.0,0,0.0,,0,407.55939475873373,2.0,25.0,1.0,0.75,4.0,,,,False
COVE LANE,1,0,0.0,0,0.0,,0,,,,,0.0,,,,,False
COVENTRY LOOP,0,0,0.0,0,0.0,,0,579.9826324493625,1.0,25.0,0.0,0.0,1.0,,,,False
COVINGTON CIRCLE,2,0,0.0,0,0.0,,0,,,,,0.0,,,,,False
CPK 70 ST,0,0,0.0,1,0.0,,0,,,,,0.0,,,,,False
CRABTREE AVE,3,0,0.0,0,0.0,,0,1068.3502021247305,2.0,25.0,0.0,0.0,4.0,,,,False
CRANBERRY COURT,1,0,0.0,0,0.0,,0,,,,,0.0,,,,,False
CRESCENT COURT,1,0,0.0,0,0.0,,0,,,,,0.0,,,,,False
CRESKILL PL,1,0,0.0,0,0.0,,0,,,,,0.0,,,,,False
CROAK AVE,0,0,0.0,0,0.0,,0,1332.7909052197624,2.0,25.0,0.0,0.0,3.0,,,,False
CROFT COURT,1,0,0.0,0,0.0,,0,,,,,0.0,,,,,False
CROMMELIN AVE,1,0,0.0,0,0.0,,0,,,,,0.0,,,,,False
CROMWELL CIRCLE,1,0,0.0,0,0.0,,0,,,,,0.0,,,,,False
CROMWELL CRES,0,0,0.0,1,0.0,,0,2095.0558921980696,2.0,25.0,0.0,0.0,4.0,,,,False
CROMWELL CRESCENT,1,0,0.0,0,0.0,,0,,,,,0.0,,,,,False
CROSS BAY BRIDGE,16,10,0.0,1,0.0,0.0,0,,,,,0.0,,,,,False
CROSS BRONX EXPY EXTENSI,1,0,0.0,0,0.0,,0,,,,,0.0,,,,,False
CROSS BRONX EXPY EXTENSION,108,44,0.0,2,0.0,0.0,0,,,,,0.0,,,,,False
CROSS BRONX EXPY SERVICE RD,4,0,0.0,1,0.0,,0,,,,,0.0,,,,,False
CROSS BRONX EXPY SERVISE R,1,0,0.0,0,0.0,,0,,,,,0.0,,,,,False
CROSS BRONX EXTENSION,0,0,0.0,6,0.0,,0,,,,,0.0,,,,,False
CROSS BRONX N SERVICE RD,1,1,0.0,0,0.0,0.0,0,,,,,0.0,,,,,False
CROSS BRONX NORTH SERVICE RD,2,0,0.0,0,0.0,,0,,,,,0.0,,,,,False
CROSS BRONX SERVICE RD,2,0,0.0,0,0.0,,0,,,,,0.0,,,,,False
CROSS BRONX XWAY SERVICE RD,1,1,0.0,0,0.0,0.0,0,,,,,0.0,,,,,False
CROSS BX EXPY,0,0,0.0,0,0.0,,0,3217.133558620731,1.8,25.0,1.0,0.75,15.0,,,,False
CROSS IS PKWY,0,0,0.0,2,0.0,,0,9968.501577924028,1.303030303030303,25.0,1.0,0.75,33.0,,,,False
CROSS ISLAND,1,1,0.0,0,0.0,0.0,0,,,,,0.0,,,,,False
CROSS ISLAND EXPY,1,0,0.0,0,0.0,,0,,,,,0.0,,,,,False
CROSS ISLAND PKWY N,0,0,0.0,0,0.0,,0,,,,,0.0,,,,,False
CROSS ISLAND PKWY S,1,1,0.0,0,0.0,0.0,0,,,,,0.0,,,,,False
CROSS ISLAND PKWY SERVICE RD,2,1,0.0,1,0.0,0.0,0,,,,,0.0,,,,,False
CROSS ISLAND PKWY SR,1,0,0.0,0,0.0,,0,,,,,0.0,,,,,False
CROSS ISLAND PLAZA,2,0,0.0,0,0.0,,0,,,,,0.0,,,,,False
CROSSBAY BLVD,2,0,0.0,1,0.0,,0,,,,,0.0,,,,,False
CROSSBRONX EXP,1,2,0.0,0,0.0,0.0,0,,,,,0.0,,,,,False
CROTONA PARK,1,2,0.0,0,0.0,0.0,0,,,,,0.0,,,,,False
CROTONA PARK E,0,0,0.0,1,0.0,,0,3307.896519082177,1.0,25.0,0.0,0.0,6.0,,,,False
CROTONA PARK EAST,56,16,0.0,3,0.0,0.0,0,,,,,0.0,,,,,False
CROTONA PARK N,2,3,0.0,8,0.0,0.0,0,3271.283989993396,1.3,25.0,0.0,0.0,10.0,,,,False
CROTONA PARK NORTH,76,27,0.0,3,0.0,0.0,0,,,,,0.0,,,,,False
CROTONA PARK S,0,0,0.0,3,0.0,,0,1271.5482115770512,1.0,25.0,0.0,0.0,4.0,,,,False
CROTONA PARK SOUTH,25,16,0.0,3,0.0,0.0,0,,,,,0.0,,,,,False
CRYDERS LANE,3,0,0.0,0,0.0,,0,,,,,0.0,,,,,False
CRYDERS LN,0,0,0.0,0,0.0,,0,3948.6164280600433,1.4666666666666666,25.0,0.0,0.0,15.0,,,,False
CUNNINGHAM PARK,2,0,0.0,0,0.0,,0,,,,,0.0,,,,,False
CUNNINGHAM PARK SR,0,0,0.0,2,0.0,,0,6147.395272787436,1.2307692307692308,25.0,1.0,0.75,13.0,,,,False
CURRY AVE,2,0,0.0,0,0.0,,0,,,,,0.0,,,,,False
CXBX EXPY SERVICE RD,0,0,0.0,0,0.0,,0,,,,,0.0,,,,,False
CYLMER ST,1,0,0.0,0,0.0,,0,,,,,0.0,,,,,False
CYPRESS HILL ST,28,11,0.0,0,0.0,0.0,0,,,,,0.0,,,,,False
CYPRESS HILLS CEMETERY,1,0,0.0,0,0.0,,0,,,,,0.0,,,,,False
D ST,1,0,0.0,0,0.0,,0,2897.261307383824,1.5714285714285714,25.0,0.0,0.0,7.0,,,,False
DAFFODIL COURT,1,0,0.0,0,0.0,,0,,,,,0.0,,,,,False
DAFFODIL LANE,1,0,0.0,0,0.0,,0,,,,,0.0,,,,,False
DAKALB AVE,1,0,0.0,0,0.0,,0,,,,,0.0,,,,,False
DALEHAM ST,0,0,0.0,0,0.0,,0,1376.3307363656036,2.0,25.0,0.0,0.0,4.0,,,,False
DALIAN COURT,1,2,0.0,0,0.0,0.0,0,,,,,0.0,,,,,False
DANA COURT,1,0,0.0,0,0.0,,0,,,,,0.0,,,,,False
DANE PL,0,0,0.0,1,0.0,,0,433.8332366981645,1.0,25.0,0.0,0.0,2.0,,,,False
DANFORTH ST,0,0,0.0,0,0.0,,0,616.4416127262593,1.0,25.0,0.0,0.0,2.0,,,,False
DANIEL LOW TER,0,0,0.0,5,0.0,,0,2523.659935514249,1.0,20.0,0.0,0.0,8.0,,,,False
DANIEL LOW TERRACE,12,10,0.0,1,0.0,0.0,0,,,,,0.0,,,,,False
DANIEL ST,0,0,0.0,0,0.0,,0,355.099726458437,1.0,25.0,0.0,0.0,1.0,,,,False
DANIELLA CT,0,0,0.0,0,0.0,,0,473.09977901826096,2.0,25.0,0.0,0.0,3.0,,,,False
DANK COURT,3,0,0.0,0,0.0,,0,,,,,0.0,,,,,False
DANK CT,0,0,0.0,0,0.0,,0,545.7139019120783,1.0,25.0,0.0,0.0,1.0,,,,False
DANNY COURT,2,0,0.0,0,0.0,,0,,,,,0.0,,,,,False
DARE CT,0,0,0.0,0,0.0,,0,2098.39259691464,1.0,25.0,0.0,0.0,5.0,,,,False
DARNELL LANE,4,0,0.0,0,0.0,,0,,,,,0.0,,,,,False
DARNELL LN,0,0,0.0,0,0.0,,0,1512.779942311436,1.0,25.0,0.0,0.0,6.0,,,,False
DAVENPORT COURT,0,0,0.0,0,0.0,,0,,,,,0.0,,,,,False
DAVID SHERIDAN PLAZA,1,0,0.0,0,0.0,,0,,,,,0.0,,,,,False
DAVIDSON COURT,1,1,0.0,0,0.0,0.0,0,,,,,0.0,,,,,False
DAVIS COURT,2,0,0.0,0,0.0,,0,,,,,0.0,,,,,False
DAVIS CT,0,0,0.0,0,0.0,,0,1063.5614624000898,1.5,25.0,0.0,0.0,2.0,,,,False
DAWSON CIR,0,0,0.0,0,0.0,,0,2001.3515781226074,2.0,25.0,0.0,0.0,3.0,,,,False
DAWSON CIRCLE,2,0,0.0,0,0.0,,0,,,,,0.0,,,,,False
DE GRAW ST,81,12,0.0,4,0.0,0.0,0,,,,,0.0,,,,,False
DE GROOT PL,0,0,0.0,0,0.0,,0,855.6095691613823,2.0,25.0,0.0,0.0,3.0,,,,False
DE HART AVE,0,0,0.0,0,0.0,,0,1577.934032351536,2.0,25.0,1.0,0.75,3.0,,,,False
DE KALB AVE,862,381,0.0,58,0.0,0.0,0,,,,,0.0,,,,,False
DE LAVALL AVE,0,0,0.0,3,0.0,,0,1550.84313823895,2.0,25.0,0.0,0.0,4.0,,,,False
DE REIMER AVE,0,0,0.0,1,0.0,,0,7381.339372372542,1.5,25.0,0.0,0.0,14.0,,,,False
DE RUYTER PL,1,3,0.0,0,0.0,0.0,0,343.606809751899,2.0,25.0,0.0,0.0,2.0,,,,False
DE SOTA RD,0,0,0.0,0,0.0,,0,347.50922952732634,1.0,25.0,0.0,0.0,1.0,,,,False
DEA COURT,1,0,0.0,0,0.0,,0,,,,,0.0,,,,,False
DEARBORN COURT,9,2,0.0,0,0.0,0.0,0,,,,,0.0,,,,,False
DEEMS AVE,0,0,0.0,0,0.0,,0,1080.1592963571493,1.0,25.0,0.0,0.0,3.0,,,,False
DEGRAW ST,2,0,0.0,6,0.0,,0,7364.764786353861,1.1111111111111112,23.61111111111111,0.0,0.0,18.0,,,,False
DEGROOT PL,3,0,0.0,0,0.0,,0,,,,,0.0,,,,,False
DEHART AVE,4,1,0.0,1,0.0,0.0,0,,,,,0.0,,,,,False
DEKOVEN COURT,1,0,0.0,0,0.0,,0,,,,,0.0,,,,,False
DEKRUIF PL,8,1,0.0,3,0.0,0.0,0,,,,,0.0,,,,,False
DEL RAY COURT,1,0,0.0,0,0.0,,0,,,,,0.0,,,,,False
DELANCEY,1,1,0.0,0,0.0,0.0,0,,,,,0.0,,,,,False
DELANCEY ST NORTH,0,0,0.0,6,0.0,,0,,,,,0.0,,,,,False
DELANCEY ST SOUTH,2,0,0.0,0,0.0,,0,,,,,0.0,,,,,False
DELAVALL AVE,12,1,0.0,0,0.0,0.0,0,,,,,0.0,,,,,False
DELIA CT,0,0,0.0,0,0.0,,0,856.4167806460205,2.0,25.0,0.0,0.0,4.0,,,,False
DENNIS ST,1,0,0.0,0,0.0,,0,,,,,0.0,,,,,False
DEPEW AVE,0,0,0.0,0,0.0,,0,1374.0587930547201,1.5,25.0,0.0,0.0,6.0,,,,False
DERBY COURT,2,1,0.0,0,0.0,0.0,0,,,,,0.0,,,,,False
DERBY CT,0,0,0.0,1,0.0,,0,731.7916713857478,2.0,25.0,0.0,0.0,2.0,,,,False
DEREIMER AVE,29,11,0.0,1,0.0,0.0,0,,,,,0.0,,,,,False
DERUYTER PL,1,0,0.0,0,0.0,,0,,,,,0.0,,,,,False
DESMOND COURT,2,0,0.0,0,0.0,,0,,,,,0.0,,,,,False
DEVOE TER,0,0,0.0,0,0.0,,0,1016.1594751811331,1.0,25.0,0.0,0.0,1.0,,,,False
DEVOE TERRACE,8,0,0.0,0,0.0,,0,,,,,0.0,,,,,False
DEWHURST ST,0,0,0.0,0,0.0,,0,667.4818245898384,2.0,25.0,0.0,0.0,1.0,,,,False
DEWITT AVE,1,0,0.0,0,0.0,,0,,,,,0.0,,,,,False
DEXTER COURT,11,3,0.0,0,0.0,0.0,0,,,,,0.0,,,,,False
DEXTER CT,0,0,0.0,1,0.0,,0,1014.8320253226992,2.0,25.0,0.0,0.0,3.0,,,,False
DIANAS TRAIL,1,1,0.0,0,0.0,0.0,0,,,,,0.0,,,,,False
DICTUM COURT,4,1,0.0,1,0.0,0.0,0,,,,,0.0,,,,,False
DIETERLE CRES,0,0,0.0,0,0.0,,0,2660.113156880485,2.0,25.0,0.0,0.0,4.0,,,,False
DIETERLE CRESCENT,4,0,0.0,0,0.0,,0,,,,,0.0,,,,,False
DINSMORE ST,0,0,0.0,0,0.0,,0,709.5841869375939,2.0,25.0,0.0,0.0,1.0,,,,False
DITMARS,1,0,0.0,0,0.0,,0,,,,,0.0,,,,,False
DITMARS BLVD SQ,0,0,0.0,0,0.0,,0,,,,,0.0,,,,,False
DOCK 72 MARKET ST,1,1,0.0,0,0.0,0.0,0,,,,,0.0,,,,,False
DOCK 72 WAY,0,0,0.0,0,0.0,,0,307.28828175581395,2.0,25.0,0.0,0.0,1.0,,,,False
DOLPHIN COURT,1,0,0.0,0,0.0,,0,,,,,0.0,,,,,False
DOMINICK LANE,0,0,0.0,0,0.0,,0,,,,,0.0,,,,,False
DONGAN HILL AVE,17,3,0.0,3,0.0,0.0,0,,,,,0.0,,,,,False
DONGAN HILLS AVE,1,1,0.0,1,0.0,0.0,0,5634.2809952856105,2.0,23.214285714285715,0.0,0.0,14.0,,,,False
DORIAN COURT,1,0,0.0,0,0.0,,0,,,,,0.0,,,,,False
DORVAL AVE,0,0,0.0,2,0.0,,0,698.6946922238088,2.0,25.0,0.0,0.0,2.0,,,,False
DOUGLASS BLVD,1,0,0.0,0,0.0,,0,,,,,0.0,,,,,False
DOUGLATON PKWY,1,0,0.0,0,0.0,,0,,,,,0.0,,,,,False
DOVER GREEN,1,1,0.0,0,0.0,0.0,0,,,,,0.0,,,,,False
DOVER GRN,0,0,0.0,0,0.0,,0,2499.935366857333,1.6,25.0,0.0,0.0,5.0,,,,False
DR MARTIN LUTHER KING JR BLVD,1,8,0.0,0,0.0,0.0,0,,,,,0.0,,,,,False
DR THEODORE KAZIMIROFF BLVD,3,1,0.0,0,0.0,0.0,0,,,,,0.0,,,,,False
DRAKE PARK SOUTH,1,0,0.0,0,0.0,,0,,,,,0.0,,,,,False
DREYER AVE,0,0,0.0,1,0.0,,0,1466.9769660137817,2.0,25.0,0.0,0.0,2.0,,,,False
DRUMGOOLE RD,1,4,0.0,0,0.0,0.0,0,,,,,0.0,,,,,False
DRUMGOOLE RD E,0,0,0.0,16,0.0,,0,18588.9942321776,2.6530612244897958,33.87755102040816,0.0,0.0,49.0,,,,False
DRUMGOOLE RD EAST,75,49,0.0,9,0.0,0.0,0,,,,,0.0,,,,,False
DRUMGOOLE RD W,0,0,0.0,33,0.0,,0,21132.995070982008,2.4318181818181817,34.77272727272727,1.0,0.75,44.0,,,,False
DRUMGOOLE RD WEST,110,56,0.0,13,0.0,0.0,0,,,,,0.0,,,,,False
DUANE COURT,1,0,0.0,0,0.0,,0,,,,,0.0,,,,,False
DUANE RD,5,0,0.0,0,0.0,,0,2576.1210485914326,1.6666666666666667,25.0,0.0,0.0,9.0,,,,False
DUER LANE,1,0,0.0,0,0.0,,0,,,,,0.0,,,,,False
DUER LN,0,0,0.0,0,0.0,,0,762.2988718599789,2.0,25.0,0.0,0.0,6.0,,,,False
DUKE ELLINGTON BLVD,2,1,0.0,0,0.0,0.0,0,,,,,0.0,,,,,False
DUKE ELLINGTON PKWY,2,1,0.0,0,0.0,0.0,0,,,,,0.0,,,,,False
DUNCAN RD,0,0,0.0,0,0.0,,0,1545.5580993122458,2.0,25.0,0.0,0.0,5.0,,,,False
DUNE COURT,1,2,0.0,0,0.0,0.0,0,,,,,0.0,,,,,False
DUNKIRK RD,1,1,0.0,0,0.0,0.0,0,,,,,0.0,,,,,False
DUNNE COURT,2,1,0.0,0,0.0,0.0,0,,,,,0.0,,,,,False
DUNNE CT,0,0,0.0,1,0.0,,0,563.699524558382,1.0,25.0,0.0,0.0,1.0,,,,False
DURYEA COURT,2,0,0.0,0,0.0,,0,,,,,0.0,,,,,False
DURYEA CT,0,0,0.0,0,0.0,,0,385.68170071632426,2.0,25.0,0.0,0.0,1.0,,,,False
DWIGHT EISENHOWER PROMENADE,1,1,0.0,0,0.0,0.0,0,,,,,0.0,,,,,False
DYER AVE UNDERPASS 31 ST,0,0,0.0,0,0.0,,0,2188.4620148342005,1.75,25.0,0.0,0.0,12.0,,,,False
DYKER PL,0,0,0.0,0,0.0,,0,1057.426611279163,1.0,25.0,0.0,0.0,5.0,,,,False
E 125TH ST,0,0,0.0,1,0.0,,0,,,,,0.0,,,,,False
E 135,0,0,0.0,1,0.0,,0,,,,,0.0,,,,,False
E 138 ST BRIDGE,1,0,0.0,0,0.0,,0,,,,,0.0,,,,,False
E 14 ST LOOP,1,0,0.0,0,0.0,,0,,,,,0.0,,,,,False
E 143 STRRET,1,6,0.0,0,0.0,0.0,0,,,,,0.0,,,,,False
E 148TH ST AND BROOK AVE,0,0,0.0,1,0.0,,0,,,,,0.0,,,,,False
E 149 ST BRIDGE,1,0,0.0,0,0.0,,0,,,,,0.0,,,,,False
E 14TH ST,0,0,0.0,1,0.0,,0,,,,,0.0,,,,,False
E 153RD ST,1,1,0.0,0,0.0,0.0,0,,,,,0.0,,,,,False
E 163RD ST /SOUTHERN BLVD,0,0,0.0,1,0.0,,0,,,,,0.0,,,,,False
E 163ST,1,0,0.0,0,0.0,,0,,,,,0.0,,,,,False
E 175,1,0,0.0,0,0.0,,0,,,,,0.0,,,,,False
E 179,1,1,0.0,0,0.0,0.0,0,,,,,0.0,,,,,False
E 17STREET,1,0,0.0,0,0.0,,0,,,,,0.0,,,,,False
E 18 STAVENUE Z,1,0,0.0,0,0.0,,0,,,,,0.0,,,,,False
E 180,2,0,0.0,0,0.0,,0,,,,,0.0,,,,,False
E 180TH,0,0,0.0,1,0.0,,0,,,,,0.0,,,,,False
E 182,1,2,0.0,0,0.0,0.0,0,,,,,0.0,,,,,False
E 184,1,0,0.0,0,0.0,,0,,,,,0.0,,,,,False
E 198 ST AND BAINBRIDGE A,1,0,0.0,0,0.0,,0,,,,,0.0,,,,,False
E 20 RD,0,0,0.0,0,0.0,,0,267.80088204501715,2.0,25.0,0.0,0.0,3.0,,,,False
E 21,1,0,0.0,0,0.0,,0,,,,,0.0,,,,,False
E 21 RD,0,0,0.0,0,0.0,,0,151.96019348393565,2.0,25.0,0.0,0.0,2.0,,,,False
E 210TH ST,0,0,0.0,0,0.0,,0,,,,,0.0,,,,,False
E 212ND ST,1,0,0.0,0,0.0,,0,,,,,0.0,,,,,False
E 22,1,0,0.0,0,0.0,,0,,,,,0.0,,,,,False
E 22 ST 3 AVE,1,0,0.0,0,0.0,,0,,,,,0.0,,,,,False
E 226 DR,4,1,0.0,0,0.0,0.0,0,,,,,0.0,,,,,False
E 229 DR NORTH,5,1,0.0,0,0.0,0.0,0,,,,,0.0,,,,,False
E 229 DR SOUTH,5,4,0.0,0,0.0,0.0,0,,,,,0.0,,,,,False
E 2ND,1,0,0.0,0,0.0,,0,,,,,0.0,,,,,False
E 30,1,1,0.0,0,0.0,0.0,0,,,,,0.0,,,,,False
E 37TH ST,1,2,0.0,0,0.0,0.0,0,,,,,0.0,,,,,False
E 44,1,0,0.0,0,0.0,,0,,,,,0.0,,,,,False
E 52,1,4,0.0,0,0.0,0.0,0,,,,,0.0,,,,,False
E 53RD ST,1,0,0.0,0,0.0,,0,,,,,0.0,,,,,False
E 56 DR,1,1,0.0,0,0.0,0.0,0,,,,,0.0,,,,,False
E 59,1,0,0.0,0,0.0,,0,,,,,0.0,,,,,False
E 6,1,0,0.0,0,0.0,,0,,,,,0.0,,,,,False
E 65 STPARK AVE,1,1,0.0,0,0.0,0.0,0,,,,,0.0,,,,,False
E 65TH ST,1,0,0.0,0,0.0,,0,,,,,0.0,,,,,False
E 69 ST AND LEXINGTON AVE,1,0,0.0,0,0.0,,0,,,,,0.0,,,,,False
E 6TH ST,1,0,0.0,0,0.0,,0,,,,,0.0,,,,,False
E 7 RD,0,0,0.0,0,0.0,,0,581.6188646709772,1.0,25.0,0.0,0.0,2.0,,,,False
E 8 RD,0,0,0.0,1,0.0,,0,1005.8341931907124,1.0,25.0,0.0,0.0,4.0,,,,False
E 82,0,0,0.0,1,0.0,,0,,,,,0.0,,,,,False
E 83RD ST,0,0,0.0,0,0.0,,0,,,,,0.0,,,,,False
E 8TH,1,0,0.0,0,0.0,,0,,,,,0.0,,,,,False
E BEDFORD PARK BLVD,126,79,0.0,13,0.0,0.0,0,,,,,0.0,,,,,False
E BOUND CROSS BRONX SERVICE RD,1,0,0.0,0,0.0,,0,,,,,0.0,,,,,False
E FRDHAM RD,1,3,0.0,0,0.0,0.0,0,,,,,0.0,,,,,False
E GATE PLAZA,1,0,0.0,0,0.0,,0,,,,,0.0,,,,,False
E HOUSTON,1,1,0.0,1,0.0,0.0,0,,,,,0.0,,,,,False
E HUTCHINSON RIVER PKWY FR,1,1,0.0,0,0.0,0.0,0,,,,,0.0,,,,,False
E LOOP,0,0,0.0,0,0.0,,0,485.5278866447502,1.0,25.0,0.0,0.0,1.0,,,,False
E MACON AVE,0,0,0.0,0,0.0,,0,1319.1176192823202,2.0,25.0,0.0,0.0,2.0,,,,False
E MOSHOLU PKWY N,0,0,0.0,11,0.0,,0,4187.868072796797,1.4,25.0,0.0,0.0,10.0,,,,False
E MOSHOLU PKWY NORTH,95,21,0.0,7,0.0,0.0,0,,,,,0.0,,,,,False
E MOSHOLU PKWY S,0,0,0.0,7,0.0,,0,4194.214651241559,1.2352941176470589,25.0,0.0,0.0,17.0,,,,False
E MOSHOLU PKWY SOUTH,97,34,0.0,7,0.0,0.0,0,,,,,0.0,,,,,False
E MOSHULU PKWY,0,0,0.0,0,0.0,,0,,,,,0.0,,,,,False
E MOSHULU PKWY SOUTH,0,0,0.0,0,0.0,,0,,,,,0.0,,,,,False
E NEW YOURK AVE,0,0,0.0,2,0.0,,0,,,,,0.0,,,,,False
E RALEIGH AVE,0,0,0.0,0,0.0,,0,1285.0602349080145,1.0,25.0,0.0,0.0,3.0,,,,False
E RD,2,1,0.0,0,0.0,0.0,0,8365.228124577372,1.5909090909090908,25.0,1.0,0.75,44.0,,,,False
E REV JAMES A POLITE,0,0,0.0,0,0.0,,0,,,,,0.0,,,,,False
E RIVER,1,1,0.0,0,0.0,0.0,0,,,,,0.0,,,,,False
E RIVER LANE,0,0,0.0,1,0.0,,0,,,,,0.0,,,,,False
E SCRANTON AVE,0,0,0.0,0,0.0,,0,724.6477252703215,2.0,25.0,0.0,0.0,1.0,,,,False
E TREMON AVE,1,1,0.0,0,0.0,0.0,0,,,,,0.0,,,,,False
E TREMONT,5,5,0.0,1,0.0,0.0,0,,,,,0.0,,,,,False
E TREMONT AVNUE,1,0,0.0,0,0.0,,0,,,,,0.0,,,,,False
E. HOUSTON ST,1,0,0.0,0,0.0,,0,,,,,0.0,,,,,False
E/B GOWANUS EXP,1,0,0.0,0,0.0,,0,,,,,0.0,,,,,False
E/B PELHAM PKWY,1,0,0.0,0,0.0,,0,,,,,0.0,,,,,False
E/B QUEENS PLAZA SOUTH - INNER R,1,1,0.0,0,0.0,0.0,0,,,,,0.0,,,,,False
E11TH ST,1,0,0.0,0,0.0,,0,,,,,0.0,,,,,False
E167 ST WEBTER AVUENUE,1,1,0.0,0,0.0,0.0,0,,,,,0.0,,,,,False
E233RD ST,1,0,0.0,0,0.0,,0,,,,,0.0,,,,,False
EARHART LANE,5,3,0.0,1,0.0,0.0,0,,,,,0.0,,,,,False
EARHART LN,0,0,0.0,1,0.0,,0,746.9324888298117,2.0,25.0,0.0,0.0,5.0,,,,False
EARSKINE ST,1,1,0.0,0,0.0,0.0,0,,,,,0.0,,,,,False
EASTERN RD,1,1,0.0,0,0.0,0.0,0,4089.170158592504,1.9230769230769231,25.0,1.0,0.75,13.0,,,,False
EATON COURT,3,1,0.0,0,0.0,0.0,0,,,,,0.0,,,,,False
EATON CT,0,0,0.0,0,0.0,,0,1925.708432462482,1.0,25.0,0.0,0.0,4.0,,,,False
EBBITS ST,5,1,0.0,0,0.0,0.0,0,,,,,0.0,,,,,False
EBEY LANE,1,1,0.0,0,0.0,0.0,0,,,,,0.0,,,,,False
EBONY COURT,3,1,0.0,0,0.0,0.0,0,,,,,0.0,,,,,False
ED KOCH BR UPPER RDWY,0,0,0.0,1,0.0,,0,5579.5716765514235,1.6666666666666667,25.0,1.0,0.75,36.0,,,,False
ED KOCH BRIDGE,10,3,0.0,1,0.0,0.0,0,,,,,0.0,,,,,False
ED KOCH BRIDGE UPPER LEVEL,2,0,0.0,0,0.0,,0,,,,,0.0,,,,,False
ED KOCH BRIDGE UPPER ROADWAY,1,0,0.0,0,0.0,,0,,,,,0.0,,,,,False
ED KOCH BRIDGE UPPER ROADWAY APP,0,0,0.0,0,0.0,,0,,,,,0.0,,,,,False
ED KOCH LOWER ROADWAY,1,0,0.0,0,0.0,,0,,,,,0.0,,,,,False
ED KOCH QUEENSBORO,1,0,0.0,0,0.0,,0,,,,,0.0,,,,,False
ED KOCH QUEENSBORO BR BIKE PATH,0,0,0.0,0,0.0,,0,7670.937842682501,2.0,25.0,1.0,0.75,28.0,,,,False
ED KOCH QUEENSBORO BR LOWER RD,0,0,0.0,1,0.0,,0,,,,,0.0,,,,,False
ED KOCH QUEENSBORO BRG,0,0,0.0,14,0.0,,0,24729.246148687853,1.956140350877193,34.64912280701754,1.0,0.75,114.0,,,,False
ED KOCH QUEENSBORO BRIDGE,4,2,0.0,5,0.0,0.0,0,,,,,0.0,,,,,False
ED KOCH QUEENSBORO BRIDGE LOWE,0,0,0.0,0,0.0,,0,,,,,0.0,,,,,False
ED KOCH QUEENSBORO BRIDGE UPPE,0,0,0.0,3,0.0,,0,,,,,0.0,,,,,False
ED KOCH QUEENSBORO BRIDGE UPPER,1,0,0.0,0,0.0,,0,,,,,0.0,,,,,False
ED KOCH QUEENSBOROUGH BRIDGE,2,0,0.0,0,0.0,,0,,,,,0.0,,,,,False
ED KOCH QUEENSBURY BRIDGE,0,0,0.0,0,0.0,,0,,,,,0.0,,,,,False
ED KOTCH BRIDGE,0,0,0.0,1,0.0,,0,,,,,0.0,,,,,False
ED MOCH BRIDGE,1,1,0.0,0,0.0,0.0,0,,,,,0.0,,,,,False
EDGAR TER,0,0,0.0,0,0.0,,0,622.2679496779305,2.0,25.0,0.0,0.0,1.0,,,,False
EDGAR TERRACE,1,0,0.0,0,0.0,,0,,,,,0.0,,,,,False
EDGEWATER PARK,2,0,0.0,0,0.0,,0,,,,,0.0,,,,,False
EDGEWATER PLAZA,2,0,0.0,0,0.0,,0,,,,,0.0,,,,,False
EDKOCH BRIDGE,1,1,0.0,0,0.0,0.0,0,,,,,0.0,,,,,False
EDKOCH QUEENSBORO BRIDGE,1,0,0.0,0,0.0,,0,,,,,0.0,,,,,False
EDWARD CURRY AVE,6,1,0.0,2,0.0,0.0,0,6133.446458494807,1.05,25.0,0.0,0.0,20.0,,,,False
EDWARD EL GRANT HWY,1,0,0.0,0,0.0,,0,,,,,0.0,,,,,False
EDWARD ELGRANT HWY,1,0,0.0,0,0.0,,0,,,,,0.0,,,,,False
EDWARD L GRANT,2,2,0.0,0,0.0,0.0,0,,,,,0.0,,,,,False
EDWARD L GRANT HIGHWA,1,1,0.0,0,0.0,0.0,0,,,,,0.0,,,,,False
EDWARD L GRANT HWY,12,4,0.0,31,0.0,0.0,0,6241.395837856849,1.894736842105263,25.0,0.0,0.0,19.0,,,,False
EDWARD L. GRANT HWY,1,0,0.0,0,0.0,,0,,,,,0.0,,,,,False
EDWARD M MORGAN PL,0,0,0.0,1,0.0,,0,594.4339319784094,2.5,25.0,0.0,0.0,2.0,,,,False
EDWARDCURRY AVE,1,1,0.0,0,0.0,0.0,0,,,,,0.0,,,,,False
EINSTEIN LOOP,28,9,0.0,1,0.0,0.0,0,,,,,0.0,,,,,False
EINSTEIN LOOP E,0,0,0.0,1,0.0,,0,395.0627613319492,2.0,25.0,0.0,0.0,1.0,,,,False
EINSTEIN LOOP N,0,0,0.0,1,0.0,,0,585.3617206148692,2.0,25.0,0.0,0.0,2.0,,,,False
EIRIK PL,2,0,0.0,0,0.0,,0,,,,,0.0,,,,,False
EL CAMINO LOOP,2,0,0.0,0,0.0,,0,2169.0521139534567,1.2307692307692308,25.0,0.0,0.0,13.0,,,,False
EL GRANT HWY,1,1,0.0,0,0.0,0.0,0,,,,,0.0,,,,,False
ELDERT LANE,6,1,0.0,0,0.0,0.0,0,,,,,0.0,,,,,False
ELDERT LN,2,0,0.0,10,0.0,,0,10005.071209993257,1.6774193548387097,25.0,0.0,0.0,31.0,,,,False
ELDERTS LANE,174,66,0.0,13,0.0,0.0,0,,,,,0.0,,,,,False
ELDRIDGE AVE,0,0,0.0,1,0.0,,0,784.843766014895,2.0,25.0,0.0,0.0,3.0,,,,False
ELEVEN AVE,1,0,0.0,0,0.0,,0,,,,,0.0,,,,,False
ELIAS PL,0,0,0.0,0,0.0,,0,509.70702132539117,2.0,25.0,0.0,0.0,2.0,,,,False
ELISE CT,1,0,0.0,0,0.0,,0,117.25485729598473,2.0,25.0,0.0,0.0,1.0,,,,False
ELLINGTON PKWY,45,15,0.0,1,0.0,0.0,0,,,,,0.0,,,,,False
ELLWELL CRES,0,0,0.0,1,0.0,,0,3209.138862595715,2.0,25.0,0.0,0.0,4.0,,,,False
ELLWELL CRESCENT,6,1,0.0,0,0.0,0.0,0,,,,,0.0,,,,,False
ELM DR,0,0,0.0,1,0.0,,0,218.2672483987423,2.0,25.0,0.0,0.0,2.0,,,,False
ELSON COURT,2,0,0.0,0,0.0,,0,,,,,0.0,,,,,False
ELSON CT,0,0,0.0,1,0.0,,0,570.6902013144536,2.0,25.0,0.0,0.0,2.0,,,,False
EMERIC COURT,0,0,0.0,3,0.0,,0,,,,,0.0,,,,,False
EMILY LANE,2,0,0.0,0,0.0,,0,,,,,0.0,,,,,False
EPSOM COURSE,14,2,0.0,0,0.0,0.0,0,,,,,0.0,,,,,False
EPSOM CRSE,0,0,0.0,3,0.0,,0,1872.5305186605053,2.0,25.0,0.0,0.0,8.0,,,,False
ERBEN AVE,0,0,0.0,1,0.0,,0,2990.3765608230465,1.2,25.0,0.0,0.0,5.0,,,,False
ERIK PL,11,2,0.0,2,0.0,0.0,0,793.9843274529819,2.5,30.0,0.0,0.0,2.0,,,,False
ERSKINE SREET,0,0,0.0,5,0.0,,0,,,,,0.0,,,,,False
ERWIN COURT,0,0,0.0,1,0.0,,0,,,,,0.0,,,,,False
ES KOCH BRIDGE,1,0,0.0,0,0.0,,0,,,,,0.0,,,,,False
ESAT 77 ST,1,0,0.0,0,0.0,,0,,,,,0.0,,,,,False
ESCANABA AVE,1,0,0.0,0,0.0,,0,1284.7917885191519,1.5,25.0,0.0,0.0,2.0,,,,False
ESPLANADE GARDENS PLAZA,2,1,0.0,0,0.0,0.0,0,,,,,0.0,,,,,False
ESPLANADE GARDENS PLZ,0,0,0.0,2,0.0,,0,538.06151396416,4.0,25.0,0.0,0.0,2.0,,,,False
EST 42 ST,1,0,0.0,0,0.0,,0,,,,,0.0,,,,,False
ESTATES LANE,4,1,0.0,1,0.0,0.0,0,,,,,0.0,,,,,False
ESTATES LN,0,0,0.0,0,0.0,,0,979.981862275995,1.0,25.0,0.0,0.0,5.0,,,,False
EVERITT ST,5,0,0.0,0,0.0,,0,,,,,0.0,,,,,False
EXCHANGE ALLEY,1,0,0.0,0,0.0,,0,,,,,0.0,,,,,False
EXCHANGE PLAZA,1,0,0.0,0,0.0,,0,,,,,0.0,,,,,False
EXIT 21B,1,0,0.0,0,0.0,,0,,,,,0.0,,,,,False
EXIT 7,1,3,0.0,0,0.0,0.0,0,,,,,0.0,,,,,False
EXTERIOR ST AND WEST 225ST,1,0,0.0,0,0.0,,0,,,,,0.0,,,,,False
EYLANDT ST,1,0,0.0,4,0.0,,0,3651.2092124385763,2.0,25.0,0.0,0.0,9.0,,,,False
FABER TERRACE,2,3,0.0,0,0.0,0.0,0,,,,,0.0,,,,,False
FAIRWAY LANE,1,2,0.0,0,0.0,0.0,0,,,,,0.0,,,,,False
FAIRWAY LN,0,0,0.0,1,0.0,,0,582.5793809564173,1.0,25.0,0.0,0.0,2.0,,,,False
FAME HALL TERRACE,9,2,0.0,0,0.0,0.0,0,,,,,0.0,,,,,False
FANE COURT,1,0,0.0,0,0.0,,0,,,,,0.0,,,,,False
FARRAGUT ST,0,0,0.0,0,0.0,,0,935.6624524117738,3.0,25.0,0.0,0.0,5.0,,,,False
FARRINGTON AVE,2,0,0.0,0,0.0,,0,,,,,0.0,,,,,False
FATBUSH AVE,1,0,0.0,0,0.0,,0,,,,,0.0,,,,,False
FATHER CAPDANNO BLVD,1,0,0.0,0,0.0,,0,,,,,0.0,,,,,False
FATHER CAPODANNO,1,1,0.0,0,0.0,0.0,0,,,,,0.0,,,,,False
FATHER CAPODANNO BLVD,33,16,0.0,18,0.0,0.0,0,28218.172255006655,2.606060606060606,34.09090909090909,0.0,0.0,66.0,,,,False
FATHER CAPODANO BLVD,1,1,0.0,1,0.0,0.0,0,,,,,0.0,,,,,False
FATHER CAPODONNA,1,0,0.0,0,0.0,,0,,,,,0.0,,,,,False
FATHER CAPPODANO BLVD,1,1,0.0,0,0.0,0.0,0,,,,,0.0,,,,,False
FATHER ZEISER,1,0,0.0,0,0.0,,0,,,,,0.0,,,,,False
FATHER ZEISER PL,29,6,0.0,1,0.0,0.0,0,1068.8904409291267,1.0,25.0,0.0,0.0,1.0,,,,False
FATHERZEISER PL,1,0,0.0,0,0.0,,0,,,,,0.0,,,,,False
FDR DR E SERVICE RD,0,0,0.0,1,0.0,,0,,,,,0.0,,,,,False
FDR DR N,0,0,0.0,1,0.0,,0,,,,,0.0,,,,,False
FDR DR SERVICE RD,3,2,0.0,0,0.0,0.0,0,,,,,0.0,,,,,False
FDR N,0,0,0.0,0,0.0,,0,,,,,0.0,,,,,False
FDR SERVICE RD,4,1,0.0,1,0.0,0.0,0,,,,,0.0,,,,,False
FEATHERBED LANE,116,59,0.0,25,0.0,0.0,0,,,,,0.0,,,,,False
FEATHERBED LN,0,0,0.0,4,0.0,,0,2799.3170312433454,1.7058823529411764,25.0,0.0,0.0,17.0,,,,False
FEDERAL PLAZA,3,0,0.0,1,0.0,,0,,,,,0.0,,,,,False
FEDERAL PLZ,0,0,0.0,1,0.0,,0,,,,,0.0,,,,,False
FEILDSTON RD,1,0,0.0,0,0.0,,0,,,,,0.0,,,,,False
FERGUSON COURT,2,0,0.0,0,0.0,,0,,,,,0.0,,,,,False
FERRY TERMINAL DR,5,1,0.0,0,0.0,0.0,0,2805.2016802113526,2.037037037037037,23.51851851851852,0.0,0.0,27.0,,,,False
FIELDSTON TERRACE,3,0,0.0,0,0.0,,0,,,,,0.0,,,,,False
FIFTH AVE,8,4,0.0,1,0.0,0.0,0,,,,,0.0,,,,,False
FINEST AVE,4,0,0.0,0,0.0,,0,,,,,0.0,,,,,False
FINLAY AVE,1,2,0.0,0,0.0,0.0,0,1235.2684031620565,2.0,25.0,0.0,0.0,4.0,,,,False
FIRST AVE,10,6,0.0,1,0.0,0.0,0,,,,,0.0,,,,,False
FIRST PL,1,0,0.0,0,0.0,,0,,,,,0.0,,,,,False
FISKE AVE,1,0,0.0,0,0.0,,0,,,,,0.0,,,,,False
FISKE PL,0,0,0.0,0,0.0,,0,428.8106819681638,2.0,25.0,0.0,0.0,1.0,,,,False
FIVE AVE,1,0,0.0,0,0.0,,0,,,,,0.0,,,,,False
FLATBUSH AVE SERVICE RD,1,0,0.0,0,0.0,,0,,,,,0.0,,,,,False
FLATBUSH AVENEUE,0,0,0.0,1,0.0,,0,,,,,0.0,,,,,False
FLATLAND AVE,2,1,0.0,0,0.0,0.0,0,,,,,0.0,,,,,False
FLATLANDS 6 ST,0,0,0.0,0,0.0,,0,774.6884741858989,1.0,25.0,0.0,0.0,1.0,,,,False
FLEET COURT,2,0,0.0,0,0.0,,0,,,,,0.0,,,,,False
FLOWER AVE,1,0,0.0,0,0.0,,0,463.8586301404951,2.0,25.0,0.0,0.0,2.0,,,,False
FLUSHING BRG,0,0,0.0,0,0.0,,0,488.57932991611085,3.0,30.0,1.0,0.75,2.0,,,,False
FLUSHING MEADOWS PARK,1,1,0.0,0,0.0,0.0,0,,,,,0.0,,,,,False
FLUSHING PARK,1,0,0.0,0,0.0,,0,,,,,0.0,,,,,False
FORDHAM PLAZA,6,0,0.0,0,0.0,,0,,,,,0.0,,,,,False
FORDHAM PLZ,0,0,0.0,1,0.0,,0,,,,,0.0,,,,,False
FORDHAM RD,11,2,0.0,0,0.0,0.0,0,,,,,0.0,,,,,False
FORDHAM RRD,1,0,0.0,0,0.0,,0,,,,,0.0,,,,,False
FORDHAM UNIVERSITY,1,0,0.0,0,0.0,,0,,,,,0.0,,,,,False
FORDHAN HILL OVAL,0,0,0.0,0,0.0,,0,,,,,0.0,,,,,False
FOREST GREEN,3,1,0.0,0,0.0,0.0,0,,,,,0.0,,,,,False
FOREST PARK DR EAST,2,0,0.0,0,0.0,,0,,,,,0.0,,,,,False
FOREST PARK DR WEST,2,0,0.0,0,0.0,,0,,,,,0.0,,,,,False
FORT GEORGE HILL,59,12,0.0,3,0.0,0.0,0,,,,,0.0,,,,,False
FORT GEORGE HL,0,0,0.0,7,0.0,,0,2023.723595116358,2.0,25.0,0.0,0.0,5.0,,,,False
FORT HAMILTON PARKWWAY,1,1,0.0,0,0.0,0.0,0,,,,,0.0,,,,,False
FORT HILL CIR,0,0,0.0,0,0.0,,0,1261.465585477114,1.0,20.0,0.0,0.0,3.0,,,,False
FORT INDEPENDENCE,0,0,0.0,0,0.0,,0,,,,,0.0,,,,,False
FORT TRYON PARK,4,4,0.0,0,0.0,0.0,0,,,,,0.0,,,,,False
FORT TRYON PL,0,0,0.0,1,0.0,,0,961.7683482653451,1.5,25.0,0.0,0.0,4.0,,,,False
FOURTH AVE,1,0,0.0,0,0.0,,0,,,,,0.0,,,,,False
FOWLER PATH,0,0,0.0,2,0.0,,0,1097.5744619611967,1.3333333333333333,25.0,0.0,0.0,3.0,,,,False
FOX HILL TERRACE,4,0,0.0,0,0.0,,0,,,,,0.0,,,,,False
FOX LANE,1,0,0.0,0,0.0,,0,,,,,0.0,,,,,False
FOXBEACH AVE,1,0,0.0,0,0.0,,0,,,,,0.0,,,,,False
FR CAPODANNO BLVD,2,0,0.0,0,0.0,,0,,,,,0.0,,,,,False
FRANCES LEWIS BLVD,1,0,0.0,0,0.0,,0,,,,,0.0,,,,,False
FRANCESCA LANE,1,0,0.0,0,0.0,,0,,,,,0.0,,,,,False
FRANCIS LEWIS PKWY,0,0,0.0,3,0.0,,0,,,,,0.0,,,,,False
FRANCISLEWIS BLVD,1,0,0.0,0,0.0,,0,,,,,0.0,,,,,False
FRANK COURT,1,0,0.0,0,0.0,,0,,,,,0.0,,,,,False
"FRANKLIN AVE, E 167",1,2,0.0,0,0.0,0.0,0,,,,,0.0,,,,,False
FRANKLIN D ROOSEVELT DR,2,3,0.0,46,0.0,0.0,0,115332.74316076675,2.4210526315789473,35.36842105263158,1.0,0.75,285.0,,,,False
FRANKLIN ROOSEVELT DR,2,1,0.0,0,0.0,0.0,0,,,,,0.0,,,,,False
FRAWLEY CIRCLE,3,0,0.0,0,0.0,,0,,,,,0.0,,,,,False
FRD DR,1,0,0.0,0,0.0,,0,,,,,0.0,,,,,False
FRD DR SERVICE RD,1,0,0.0,0,0.0,,0,,,,,0.0,,,,,False
FREDERICK BLVD,1,1,0.0,0,0.0,0.0,0,,,,,0.0,,,,,False
FREDERICK DOUGLAS BLVD,0,0,0.0,0,0.0,,0,,,,,0.0,,,,,False
FREDERICK DOUGLASS BLVD,9,2,0.0,62,0.0,0.0,0,13557.860215268356,3.3392857142857144,25.0,0.0,0.0,56.0,,,,False
FREDRICK DOUGLASS BLVD,0,0,0.0,0,0.0,,0,,,,,0.0,,,,,False
FREEDOM PL S,0,0,0.0,0,0.0,,0,1329.3605785435943,2.0,25.0,0.0,0.0,11.0,,,,False
FREEPORT AVE,1,0,0.0,0,0.0,,0,,,,,0.0,,,,,False
FRESH MEADOW LANE,38,6,0.0,1,0.0,0.0,0,,,,,0.0,,,,,False
FRESH MEADOW LN,0,0,0.0,3,0.0,,0,7089.910158632427,1.9166666666666667,25.0,0.0,0.0,24.0,,,,False
FRESHPOND RD,2,1,0.0,0,0.0,0.0,0,,,,,0.0,,,,,False
FRIENDSHIP LANE,2,0,0.0,0,0.0,,0,,,,,0.0,,,,,False
FRIENDSHIP LN,0,0,0.0,0,0.0,,0,2024.4716373512515,2.0,25.0,0.0,0.0,10.0,,,,False
FRONT OF 410 ST,1,1,0.0,0,0.0,0.0,0,,,,,0.0,,,,,False
FRORT GREENE PL,1,0,0.0,0,0.0,,0,,,,,0.0,,,,,False
FT HAMILTON PKWY,3,0,0.0,0,0.0,,0,,,,,0.0,,,,,False
FT INDEPENDENCE,1,0,0.0,0,0.0,,0,,,,,0.0,,,,,False
FT INDEPENDENCE ST,2,0,0.0,0,0.0,,0,,,,,0.0,,,,,False
FT. GEORGE HILL,0,0,0.0,1,0.0,,0,,,,,0.0,,,,,False
FURNESS PL,0,0,0.0,0,0.0,,0,884.3057771103902,2.0,25.0,0.0,0.0,1.0,,,,False
GABRIEL DR,0,0,0.0,0,0.0,,0,569.0905693368929,2.0,25.0,0.0,0.0,1.0,,,,False
GABRIEL PL,1,0,0.0,0,0.0,,0,,,,,0.0,,,,,False
GADELL PL,2,0,0.0,0,0.0,,0,,,,,0.0,,,,,False
GADSEN PL,0,0,0.0,1,0.0,,0,690.7088892902839,2.0,25.0,0.0,0.0,1.0,,,,False
GAIL COURT,1,0,0.0,0,0.0,,0,,,,,0.0,,,,,False
GALVIN AVE,3,1,0.0,0,0.0,0.0,0,264.4971906382744,5.0,25.0,0.0,0.0,1.0,,,,False
GARIBALDI AVE,0,0,0.0,0,0.0,,0,799.5315082433057,2.0,25.0,0.0,0.0,1.0,,,,False
GARRETSON LANE,1,0,0.0,0,0.0,,0,,,,,0.0,,,,,False
GATWAY DR,1,0,0.0,0,0.0,,0,,,,,0.0,,,,,False
GAYLORD DR N,0,0,0.0,2,0.0,,0,573.3307834192774,2.0,25.0,0.0,0.0,2.0,,,,False
GEE AVE,1,1,0.0,0,0.0,0.0,0,1600.1387445901382,1.5,25.0,0.0,0.0,2.0,,,,False
GENERAL BERRY RD,0,0,0.0,0,0.0,,0,1649.6073321805027,1.0,25.0,0.0,0.0,4.0,,,,False
GEORGE WASHINGTON BRG,0,0,0.0,2,0.0,,0,10304.140796386722,3.925925925925926,45.0,1.0,0.75,27.0,,,,False
GEORGETOWN LANE,1,0,0.0,0,0.0,,0,,,,,0.0,,,,,False
GERALD COURT,4,1,0.0,0,0.0,0.0,0,,,,,0.0,,,,,False
GERALD CT,0,0,0.0,1,0.0,,0,519.5863700055133,1.0,25.0,0.0,0.0,1.0,,,,False
GERARD PL,0,0,0.0,1,0.0,,0,470.8579558610505,1.0,25.0,0.0,0.0,1.0,,,,False
GERRITSEN AVEUNE,0,0,0.0,2,0.0,,0,,,,,0.0,,,,,False
GERSON COURT,1,0,0.0,0,0.0,,0,,,,,0.0,,,,,False
GIACOMO LANE,1,0,0.0,0,0.0,,0,,,,,0.0,,,,,False
GIBSON AVE,0,0,0.0,0,0.0,,0,1603.377299319412,1.4,25.0,0.0,0.0,5.0,,,,False
GIFFORDS GLN,0,0,0.0,1,0.0,,0,484.0553633033944,2.0,25.0,0.0,0.0,2.0,,,,False
GIFFORDS LANE,37,23,0.0,4,0.0,0.0,0,,,,,0.0,,,,,False
GIFFORDS LN,0,0,0.0,5,0.0,,0,4995.500149442515,2.0,25.0,1.0,0.75,23.0,,,,False
GLASCOE AVE,0,0,0.0,0,0.0,,0,1808.5727615733476,2.0,25.0,0.0,0.0,6.0,,,,False
GLENDALE AVE,0,0,0.0,0,0.0,,0,891.8520619313542,2.0,25.0,0.0,0.0,1.0,,,,False
GLENDALE COURT,2,0,0.0,0,0.0,,0,,,,,0.0,,,,,False
GLENDALE CT,1,0,0.0,0,0.0,,0,530.1531823241855,1.0,25.0,0.0,0.0,1.0,,,,False
GLENMORE,1,0,0.0,0,0.0,,0,,,,,0.0,,,,,False
GLENWOOD AND 78 ST,1,0,0.0,0,0.0,,0,,,,,0.0,,,,,False
GLOBE AVE,0,0,0.0,1,0.0,,0,337.8585214998428,2.0,25.0,0.0,0.0,1.0,,,,False
GODWIN TER,0,0,0.0,0,0.0,,0,1330.027963741054,1.8571428571428572,25.0,1.0,0.75,7.0,,,,False
GODWIN TERRACE,15,5,0.0,0,0.0,0.0,0,,,,,0.0,,,,,False
GOETHAL RD NORTH,0,0,0.0,0,0.0,,0,,,,,0.0,,,,,False
GOETHALS BRIDGE,1,2,0.0,0,0.0,0.0,0,,,,,0.0,,,,,False
GOETHALS RD N,0,0,0.0,9,0.0,,0,9838.797360313096,2.48,30.0,0.0,0.0,25.0,,,,False
GOETHALS RD NORTH,53,20,0.0,7,0.0,0.0,0,,,,,0.0,,,,,False
GOLD AVE,0,0,0.0,1,0.0,,0,1073.6901527496766,1.0,25.0,0.0,0.0,2.0,,,,False
GOLF VIEW CT,0,0,0.0,0,0.0,,0,669.7235989328253,1.5,25.0,1.0,0.75,2.0,,,,False
GOODRIDGE AVE,0,0,0.0,0,0.0,,0,1494.746326656962,1.3333333333333333,25.0,0.0,0.0,9.0,,,,False
GOUVERNEUR LN,0,0,0.0,0,0.0,,0,449.7208004604654,1.0,25.0,1.0,0.75,2.0,,,,False
GOUVERNEUR SLIP,0,0,0.0,0,0.0,,0,,,,,0.0,,,,,False
GOUVERNEUR SLIP E,0,0,0.0,0,0.0,,0,192.51337853280515,1.0,25.0,0.0,0.0,1.0,,,,False
GOUVERNEUR SLIP EAST,1,0,0.0,0,0.0,,0,,,,,0.0,,,,,False
GOUVERNEUR SLIP WEST,1,1,0.0,0,0.0,0.0,0,,,,,0.0,,,,,False
GOVERNORS ISLAND,1,0,0.0,0,0.0,,0,,,,,0.0,,,,,False
GOWANUS,542,226,0.0,97,0.0,0.0,0,,,,,0.0,,,,,False
GOWANUS UNDERPASS,1,0,0.0,0,0.0,,0,,,,,0.0,,,,,False
GRACE COURT,4,1,0.0,0,0.0,0.0,0,,,,,0.0,,,,,False
GRACE CT,0,0,0.0,0,0.0,,0,1320.4751225927002,1.3333333333333333,23.333333333333332,0.0,0.0,3.0,,,,False
GRACIE TERRACE,1,0,0.0,0,0.0,,0,,,,,0.0,,,,,False
GRAHAM BLVD,0,0,0.0,3,0.0,,0,2206.341982680421,2.0,25.0,0.0,0.0,9.0,,,,False
GRAHAM COURT,4,0,0.0,0,0.0,,0,,,,,0.0,,,,,False
GRAHAM CT,0,0,0.0,0,0.0,,0,458.349057956092,2.0,25.0,0.0,0.0,2.0,,,,False
GRAMERCY PARK EAST,7,2,0.0,0,0.0,0.0,0,,,,,0.0,,,,,False
GRAMERCY PARK N,0,0,0.0,1,0.0,,0,457.4342536142259,1.0,25.0,0.0,0.0,2.0,,,,False
GRAMERCY PARK NORTH,20,3,0.0,1,0.0,0.0,0,,,,,0.0,,,,,False
GRAMERCY PARK S,0,0,0.0,2,0.0,,0,458.30659971491434,1.0,25.0,0.0,0.0,2.0,,,,False
GRAMERCY PARK SOUTH,18,0,0.0,3,0.0,,0,,,,,0.0,,,,,False
GRAND ARMY PLAZA,197,66,0.0,14,0.0,0.0,0,,,,,0.0,,,,,False
GRAND ARMY PLZ,0,0,0.0,33,0.0,,0,4278.206823914935,2.3636363636363638,25.151515151515152,0.0,0.0,33.0,,,,False
GRAND CENTRAL,1,0,0.0,0,0.0,,0,2518.1786715363114,1.0,25.0,1.0,0.75,3.0,,,,False
GRAND CENTRAL PKWY S/R,1,0,0.0,0,0.0,,0,,,,,0.0,,,,,False
GRAND CENTRAL PKWY SERVICE RD,9,3,0.0,1,0.0,0.0,0,,,,,0.0,,,,,False
GRAND CENTRL PKWY,1,0,0.0,0,0.0,,0,,,,,0.0,,,,,False
GRAND CONC,0,0,0.0,262,0.0,,0,78062.56963143761,2.3834355828220857,25.0,1.0,0.75,326.0,,,,False
GRAND CONCOURSE,1619,977,0.0,184,0.0,0.0,0,,,,,0.0,,,,,False
GRAND ST BRIDGE,1,1,0.0,0,0.0,0.0,0,220.34033578204463,2.0,25.0,1.0,0.75,2.0,,,,False
GRAND STREE,1,0,0.0,0,0.0,,0,,,,,0.0,,,,,False
GRAND VIEW PL,7,1,0.0,0,0.0,0.0,0,,,,,0.0,,,,,False
GRANDCENTRAL PKWY,1,0,0.0,0,0.0,,0,,,,,0.0,,,,,False
GRANDVIEW TER,0,0,0.0,0,0.0,,0,1490.4449073473659,1.6666666666666667,25.0,0.0,0.0,3.0,,,,False
GRANDVIEW TERRACE,2,0,0.0,0,0.0,,0,,,,,0.0,,,,,False
GRANT CIRCLE,38,8,0.0,4,0.0,0.0,0,,,,,0.0,,,,,False
GRANT HWY,125,93,0.0,3,0.0,0.0,0,,,,,0.0,,,,,False
GRANVILLE PAYNE AVE,1,0,0.0,0,0.0,,0,,,,,0.0,,,,,False
GRASSMERE TER,0,0,0.0,4,0.0,,0,2637.3603927164045,1.2,25.0,0.0,0.0,10.0,,,,False
GRASSMERE TERRACE,31,11,0.0,1,0.0,0.0,0,,,,,0.0,,,,,False
GRASSY BAY,1,1,0.0,0,0.0,0.0,0,,,,,0.0,,,,,False
GREAVES CT,0,0,0.0,0,0.0,,0,342.547698702986,2.0,25.0,0.0,0.0,1.0,,,,False
GREAVES LANE,3,2,0.0,0,0.0,0.0,0,,,,,0.0,,,,,False
GREAVES LN,0,0,0.0,1,0.0,,0,786.5650186041632,1.0,25.0,0.0,0.0,8.0,,,,False
GREEN AVE,2,0,0.0,0,0.0,,0,,,,,0.0,,,,,False
GREENCROFT LANE,1,0,0.0,0,0.0,,0,,,,,0.0,,,,,False
GREENPOINIT AVE,1,0,0.0,0,0.0,,0,,,,,0.0,,,,,False
GREENPOINT AVE BRIDGE,1,0,0.0,0,0.0,,0,,,,,0.0,,,,,False
GREENTREE LANE,2,0,0.0,0,0.0,,0,,,,,0.0,,,,,False
GREENWAY N,0,0,0.0,0,0.0,,0,2565.208943947981,2.0,25.0,0.0,0.0,10.0,,,,False
GREENWAY NORTH,6,4,0.0,0,0.0,0.0,0,,,,,0.0,,,,,False
GREENWAY S,0,0,0.0,1,0.0,,0,2738.752509869368,2.0,25.0,0.0,0.0,11.0,,,,False
GREENWAY SOUTH,5,3,0.0,0,0.0,0.0,0,,,,,0.0,,,,,False
GREENWAY TER,0,0,0.0,1,0.0,,0,2076.086044737123,1.8888888888888888,25.0,0.0,0.0,9.0,,,,False
GREENWAY TERRACE,2,2,0.0,0,0.0,0.0,0,,,,,0.0,,,,,False
GREGORY LANE,1,0,0.0,0,0.0,,0,,,,,0.0,,,,,False
GREGORY PL,1,0,0.0,0,0.0,,0,252.23064509122028,1.0,25.0,0.0,0.0,1.0,,,,False
GRIFFIN PL,1,0,0.0,0,0.0,,0,,,,,0.0,,,,,False
GRILLE COURT,1,0,0.0,0,0.0,,0,,,,,0.0,,,,,False
GROSVENOR LANE,1,0,0.0,0,0.0,,0,,,,,0.0,,,,,False
GRYMES HILL RD,0,0,0.0,1,0.0,,0,1375.403835962074,2.0,25.0,0.0,0.0,4.0,,,,False
GUINEVERE LANE,1,0,0.0,0,0.0,,0,,,,,0.0,,,,,False
GUN HILL,1,0,0.0,0,0.0,,0,,,,,0.0,,,,,False
GUN HILL RD,5,1,0.0,0,0.0,0.0,0,,,,,0.0,,,,,False
GUNHILL,1,1,0.0,0,0.0,0.0,0,,,,,0.0,,,,,False
GUNHILL RD,2,1,0.0,0,0.0,0.0,0,,,,,0.0,,,,,False
GUNTHR AVE,0,0,0.0,0,0.0,,0,,,,,0.0,,,,,False
GUSTAVE LEVY PL,1,1,0.0,0,0.0,0.0,0,,,,,0.0,,,,,False
GUY BREWER,1,1,0.0,0,0.0,0.0,0,,,,,0.0,,,,,False
GUY BREWER BLVD,2,1,0.0,0,0.0,0.0,0,,,,,0.0,,,,,False
GUY R BREWER,5,4,0.0,0,0.0,0.0,0,,,,,0.0,,,,,False
GUY R BREWER AVE,1,1,0.0,0,0.0,0.0,0,,,,,0.0,,,,,False
GUY R BREWER BLVD,58,45,0.0,87,0.0,0.0,0,22427.27395608737,2.1066666666666665,25.0,1.0,0.75,75.0,,,,False
GUYRBREWER,1,2,0.0,0,0.0,0.0,0,,,,,0.0,,,,,False
HALL OF FAME TER,0,0,0.0,0,0.0,,0,1325.0259841054108,1.0,25.0,0.0,0.0,4.0,,,,False
HALL OF FAME TERR,1,0,0.0,0,0.0,,0,,,,,0.0,,,,,False
HALL OF FAME TERRACE,18,7,0.0,0,0.0,0.0,0,,,,,0.0,,,,,False
HALL OF FAME TERRANCE,3,2,0.0,0,0.0,0.0,0,,,,,0.0,,,,,False
HALL OF SCIENCE BRIDGE,1,1,0.0,0,0.0,0.0,0,,,,,0.0,,,,,False
HALLETTS POINT,1,0,0.0,0,0.0,,0,,,,,0.0,,,,,False
HALLETTS PT,0,0,0.0,0,0.0,,0,,,,,0.0,,,,,False
HALSLEY ST,1,0,0.0,0,0.0,,0,,,,,0.0,,,,,False
HAMILLTON PL,1,0,0.0,0,0.0,,0,,,,,0.0,,,,,False
HAMILTON TER,0,0,0.0,0,0.0,,0,775.6332902239042,1.0,25.0,0.0,0.0,1.0,,,,False
HAMILTON TERRACE,9,3,0.0,0,0.0,0.0,0,,,,,0.0,,,,,False
HAMMELS BLVD,1,0,0.0,0,0.0,,0,,,,,0.0,,,,,False
HAMMOCK LN,0,0,0.0,0,0.0,,0,634.1136345476737,1.0,25.0,0.0,0.0,2.0,,,,False
HAMPTON GREEN,3,1,0.0,0,0.0,0.0,0,,,,,0.0,,,,,False
HAMPTON GRN,0,0,0.0,0,0.0,,0,2718.97679313269,1.8,25.0,0.0,0.0,10.0,,,,False
HANCOCK STREEET,1,0,0.0,0,0.0,,0,,,,,0.0,,,,,False
HAND RD,0,0,0.0,0,0.0,,0,558.4555379367831,2.0,25.0,0.0,0.0,2.0,,,,False
HANGAR RD,2,0,0.0,0,0.0,,0,,,,,0.0,,,,,False
HANOVER SQ,0,0,0.0,0,0.0,,0,328.05642468129656,1.5,25.0,0.0,0.0,2.0,,,,False
HANOVER SQUARE,19,1,0.0,0,0.0,0.0,0,,,,,0.0,,,,,False
HANSON,1,1,0.0,0,0.0,0.0,0,,,,,0.0,,,,,False
HANSON COURT,1,0,0.0,0,0.0,,0,,,,,0.0,,,,,False
HARBOR COURT,1,0,0.0,0,0.0,,0,,,,,0.0,,,,,False
HARBOR LANE,1,0,0.0,0,0.0,,0,,,,,0.0,,,,,False
HARBOR LN,0,0,0.0,0,0.0,,0,473.86953359918317,1.5,25.0,0.0,0.0,2.0,,,,False
HARBOR VIEW PL S,0,0,0.0,0,0.0,,0,1511.3336293881034,1.0,25.0,0.0,0.0,7.0,,,,False
HARBORVIEW COURT,1,0,0.0,0,0.0,,0,,,,,0.0,,,,,False
HARDING EXPY,47,14,0.0,0,0.0,0.0,0,,,,,0.0,,,,,False
HARDING PARK,6,1,0.0,0,0.0,0.0,0,,,,,0.0,,,,,False
HARLEM RIVER DR GREENWAY,1,2,0.0,0,0.0,0.0,0,16603.491407125344,1.8641975308641976,25.0,1.0,0.75,81.0,,,,False
HARLEM RIVER DR N,1,0,0.0,0,0.0,,0,,,,,0.0,,,,,False
HARLEM RIVER DRIVEWAY,14,5,0.0,2,0.0,0.0,0,,,,,0.0,,,,,False
HARLEM RIVER DRWY,0,0,0.0,2,0.0,,0,,,,,0.0,,,,,False
HARLEM RIVER DW,0,0,0.0,0,0.0,,0,,,,,0.0,,,,,False
HARLEM RIVER PARK,1,1,0.0,0,0.0,0.0,0,,,,,0.0,,,,,False
HARLEM RIVER PARK BRG,0,0,0.0,0,0.0,,0,376.6876695299439,2.0,25.0,1.0,0.75,6.0,,,,False
HARLEM RIVER PARK BRIDGE,4,0,0.0,0,0.0,,0,,,,,0.0,,,,,False
HARMAN STRRET,1,0,0.0,0,0.0,,0,,,,,0.0,,,,,False
HARPER COURT,3,2,0.0,0,0.0,0.0,0,,,,,0.0,,,,,False
HARRING ST,1,1,0.0,0,0.0,0.0,0,,,,,0.0,,,,,False
HARRIS LN,0,0,0.0,0,0.0,,0,1001.3754331171561,2.0,25.0,0.0,0.0,4.0,,,,False
HARRIS ST,0,0,0.0,0,0.0,,0,339.5022819735152,2.0,25.0,0.0,0.0,2.0,,,,False
HART,2,0,0.0,0,0.0,,0,,,,,0.0,,,,,False
HARTMAN LANE,17,5,0.0,1,0.0,0.0,0,,,,,0.0,,,,,False
HARVEY AVE,0,0,0.0,0,0.0,,0,1115.140262767526,2.0,25.0,0.0,0.0,3.0,,,,False
HAVEN ESPL,0,0,0.0,2,0.0,,0,1282.931831446117,1.3333333333333333,25.0,0.0,0.0,3.0,,,,False
HAVEN ESPLANADE,3,0,0.0,0,0.0,,0,,,,,0.0,,,,,False
HAVEN PLAZA,1,1,0.0,0,0.0,0.0,0,,,,,0.0,,,,,False
HAVEN PLZ,0,0,0.0,0,0.0,,0,,,,,0.0,,,,,False
HAVILAND AVNUE,1,1,0.0,0,0.0,0.0,0,,,,,0.0,,,,,False
HAWTHORN AVE,0,0,0.0,0,0.0,,0,1848.2312672333178,2.0,25.0,0.0,0.0,3.0,,,,False
HAWTHORNE,1,0,0.0,0,0.0,,0,,,,,0.0,,,,,False
HAYWOOD ST,0,0,0.0,0,0.0,,0,992.690357711518,2.0,25.0,0.0,0.0,3.0,,,,False
HEENAN AVE,0,0,0.0,0,0.0,,0,1509.973402427022,2.0,25.0,0.0,0.0,7.0,,,,False
HEGEMAN,1,0,0.0,0,0.0,,0,,,,,0.0,,,,,False
HEGNEY PL,0,0,0.0,1,0.0,,0,207.33339443826554,2.0,25.0,0.0,0.0,1.0,,,,False
HELL GATE CIR,0,0,0.0,0,0.0,,0,4912.287756361247,2.0,25.0,0.0,0.0,29.0,,,,False
HELL GATE CIRCLE,2,1,0.0,0,0.0,0.0,0,,,,,0.0,,,,,False
HELL GATES CIRCLE,1,0,0.0,0,0.0,,0,,,,,0.0,,,,,False
HEMPSTEAD TPKE,5,3,0.0,0,0.0,0.0,0,,,,,0.0,,,,,False
HENDRIX PL,0,0,0.0,0,0.0,,0,475.21219375286023,2.0,25.0,0.0,0.0,1.0,,,,False
HENNESSEY PL,10,2,0.0,0,0.0,0.0,0,,,,,0.0,,,,,False
HENNING ST,0,0,0.0,0,0.0,,0,318.6319840322804,1.0,25.0,0.0,0.0,1.0,,,,False
HENRY HUDSON,2,2,0.0,0,0.0,0.0,0,,,,,0.0,,,,,False
HENRY HUDSON MANOR TERRACE,1,0,0.0,0,0.0,,0,,,,,0.0,,,,,False
HENRY HUDSON PARK WAY,1,0,0.0,0,0.0,,0,,,,,0.0,,,,,False
HENRY HUDSON PARKWARY,1,1,0.0,0,0.0,0.0,0,,,,,0.0,,,,,False
HENRY HUDSON PKWY E,2,2,0.0,5,0.0,0.0,0,9815.486028621435,1.175,25.0,1.0,0.75,40.0,,,,False
HENRY HUDSON PKWY EAST,8,1,0.0,0,0.0,0.0,0,,,,,0.0,,,,,False
HENRY HUDSON PKWY N,1,1,0.0,0,0.0,0.0,0,,,,,0.0,,,,,False
HENRY HUDSON PKWY S,1,0,0.0,0,0.0,,0,,,,,0.0,,,,,False
HENRY HUDSON PKWY W,7,1,0.0,4,0.0,0.0,0,9022.561772525987,1.303030303030303,25.0,0.0,0.0,33.0,,,,False
HENRY HUDSON PKWY WEST,5,0,0.0,0,0.0,,0,,,,,0.0,,,,,False
HENRY HUDSON RIVER,1,1,0.0,0,0.0,0.0,0,,,,,0.0,,,,,False
HENRYHUDSON PKWY,1,0,0.0,0,0.0,,0,,,,,0.0,,,,,False
HERON LANE,1,0,0.0,0,0.0,,0,,,,,0.0,,,,,False
HEVEMEYER ST,1,0,0.0,0,0.0,,0,,,,,0.0,,,,,False
HEWITT AVE,0,0,0.0,1,0.0,,0,943.0192697362531,2.0,25.0,0.0,0.0,2.0,,,,False
HICKS DR,0,0,0.0,0,0.0,,0,263.1277236287381,1.0,25.0,0.0,0.0,1.0,,,,False
HIGH BRIDGE,1,0,0.0,0,0.0,,0,,,,,0.0,,,,,False
HIGH LINE,0,0,0.0,0,0.0,,0,8890.650428387098,2.0,25.0,1.0,0.75,41.0,,,,False
HIGHLAND BLVD EAST,2,0,0.0,0,0.0,,0,,,,,0.0,,,,,False
HIGHLAND LANE,1,0,0.0,0,0.0,,0,,,,,0.0,,,,,False
HIGHLAND PVERMONT PL,1,0,0.0,0,0.0,,0,,,,,0.0,,,,,False
HIGHPOINT RD,1,0,0.0,0,0.0,,0,,,,,0.0,,,,,False
HILLCREST RD,1,1,0.0,0,0.0,0.0,0,387.7665556962612,1.0,25.0,0.0,0.0,1.0,,,,False
HILLDALE COURT,1,0,0.0,0,0.0,,0,,,,,0.0,,,,,False
HILLSIDE,1,1,0.0,0,0.0,0.0,0,,,,,0.0,,,,,False
HILLSIDE TER,0,0,0.0,0,0.0,,0,3535.712336710649,1.3636363636363635,25.0,0.0,0.0,11.0,,,,False
HILLSIDE TERRACE,8,3,0.0,0,0.0,0.0,0,,,,,0.0,,,,,False
HILLTOP RD,0,0,0.0,0,0.0,,0,268.51769192630303,2.0,25.0,0.0,0.0,1.0,,,,False
HIRSCH LANE,1,0,0.0,0,0.0,,0,,,,,0.0,,,,,False
HODA PL,0,0,0.0,0,0.0,,0,242.49721025692645,2.0,25.0,0.0,0.0,1.0,,,,False
HODGES BRIDGE,1,2,0.0,0,0.0,0.0,0,,,,,0.0,,,,,False
HOLLIS COURT BLVD,111,43,0.0,21,0.0,0.0,0,,,,,0.0,,,,,False
HOLLIS HILLS TER,0,0,0.0,2,0.0,,0,5044.44244470235,1.9473684210526316,25.0,1.0,0.75,19.0,,,,False
HOLLIS HILLS TERRACE,5,3,0.0,2,0.0,0.0,0,,,,,0.0,,,,,False
HOLMES LANE,1,0,0.0,0,0.0,,0,,,,,0.0,,,,,False
HOME LAWN ST,101,34,0.0,4,0.0,0.0,0,,,,,0.0,,,,,False
HOMELAWN ST,3,5,0.0,6,0.0,0.0,0,4114.699798554528,2.1363636363636362,25.0,0.0,0.0,22.0,,,,False
HOOK CREEK,0,0,0.0,1,0.0,,0,,,,,0.0,,,,,False
HOPPING AVE,0,0,0.0,0,0.0,,0,1338.5130648087468,2.0,25.0,0.0,0.0,2.0,,,,False
HOR HARDING EXPY,0,0,0.0,2,0.0,,0,1100.2258040356346,1.6666666666666667,25.0,1.0,0.75,3.0,,,,False
HORACE HARDING,2,0,0.0,0,0.0,,0,,,,,0.0,,,,,False
HORACE HARDING EXPWAY,1,0,0.0,0,0.0,,0,,,,,0.0,,,,,False
HORACE HARDING EXPY EAST,0,0,0.0,1,0.0,,0,,,,,0.0,,,,,False
HORACE HARDING EXPY SERVIC,2,2,0.0,0,0.0,0.0,0,,,,,0.0,,,,,False
HORACE HARDING N SERVICE RD,0,0,0.0,0,0.0,,0,,,,,0.0,,,,,False
HORACE HARDING S SERVICE RD,0,0,0.0,1,0.0,,0,,,,,0.0,,,,,False
HORACEHARDING EXPY,1,0,0.0,0,0.0,,0,,,,,0.0,,,,,False
HORIZON COURT,1,0,0.0,0,0.0,,0,,,,,0.0,,,,,False
HORIZON LANE,1,0,0.0,0,0.0,,0,,,,,0.0,,,,,False
HORRACE HARDING EXPY,3,6,0.0,0,0.0,0.0,0,,,,,0.0,,,,,False
HOUSEMAN AVE,4,0,0.0,0,0.0,,0,,,,,0.0,,,,,False
HOUSMAN,1,0,0.0,0,0.0,,0,,,,,0.0,,,,,False
HOUSMAN AVE,0,0,0.0,2,0.0,,0,1350.3131474887398,1.0,25.0,0.0,0.0,2.0,,,,False
HOWARD CT,0,0,0.0,0,0.0,,0,434.9307725890211,1.5,25.0,0.0,0.0,2.0,,,,False
HOYT AVE N,1,1,0.0,13,0.0,0.0,0,2801.4561971832727,3.3333333333333335,25.0,0.0,0.0,9.0,,,,False
HOYT AVE NORTH,138,38,0.0,5,0.0,0.0,0,,,,,0.0,,,,,False
HOYT AVE S,2,0,0.0,8,0.0,,0,2716.038280216252,3.2,25.0,0.0,0.0,10.0,,,,False
HOYT AVE SOUTH,151,45,0.0,9,0.0,0.0,0,,,,,0.0,,,,,False
HUDSON BLVD E,0,0,0.0,0,0.0,,0,1073.9660542759723,1.25,25.0,0.0,0.0,4.0,,,,False
HUDSON BLVD EAST,1,0,0.0,0,0.0,,0,,,,,0.0,,,,,False
HUDSON BLVD WEST,1,0,0.0,0,0.0,,0,,,,,0.0,,,,,False
HUDSON MANOR TER,0,0,0.0,1,0.0,,0,953.9774716174034,2.0,20.0,0.0,0.0,2.0,,,,False
HUDSON MANOR TERRACE,9,1,0.0,0,0.0,0.0,0,,,,,0.0,,,,,False
HUDSON PKWY,23,8,0.0,0,0.0,0.0,0,,,,,0.0,,,,,False
HUDSON RIVER GREENWAY,1,1,0.0,0,0.0,0.0,0,43676.682750801025,1.859375,25.0,1.0,0.75,128.0,,,,False
HUDSON RIVER GREENWAY TRAIL,1,2,0.0,0,0.0,0.0,0,,,,,0.0,,,,,False
HUDSON YARDS,16,3,0.0,4,0.0,0.0,0,,,,,0.0,,,,,False
HUE GRANT J CIRCLE,1,0,0.0,0,0.0,,0,,,,,0.0,,,,,False
HUGE GRANT CIRCLE,1,1,0.0,0,0.0,0.0,0,,,,,0.0,,,,,False
HUGH GRANT CIR,0,0,0.0,2,0.0,,0,,,,,0.0,,,,,False
HUGH GRANT CIRCLE,26,11,0.0,0,0.0,0.0,0,,,,,0.0,,,,,False
HUGH J GRANT CIR,2,1,0.0,2,0.0,0.0,0,1304.2717936099905,3.4,25.0,0.0,0.0,15.0,,,,False
HUGH J GRANT CIRCLE,32,9,0.0,2,0.0,0.0,0,,,,,0.0,,,,,False
HUGH J GRANT CR,2,0,0.0,0,0.0,,0,,,,,0.0,,,,,False
HUGH J. GRANT CIR,2,4,0.0,0,0.0,0.0,0,,,,,0.0,,,,,False
HUGH J. GRANT CIRCLE,5,1,0.0,0,0.0,0.0,0,,,,,0.0,,,,,False
HUGH L CAREY TUNL,0,0,0.0,0,0.0,,0,21116.384377363265,2.1710526315789473,37.43421052631579,1.0,0.75,76.0,,,,False
HUGH L CAREY TUNNEL,0,0,0.0,0,0.0,,0,4974.040911477042,2.0681818181818183,25.0,1.0,0.75,44.0,,,,False
HUGH L. CAREY TUNNEL,1,0,0.0,0,0.0,,0,,,,,0.0,,,,,False
HULBERT AVE,2,2,0.0,0,0.0,0.0,0,,,,,0.0,,,,,False
HUMBERT ST,0,0,0.0,0,0.0,,0,230.1710533526013,1.0,25.0,0.0,0.0,1.0,,,,False
HUMPHERYS ST,1,0,0.0,0,0.0,,0,,,,,0.0,,,,,False
HUNT LANE,1,0,0.0,0,0.0,,0,,,,,0.0,,,,,False
HUNTER PL,0,0,0.0,0,0.0,,0,498.1601462110052,2.0,25.0,0.0,0.0,2.0,,,,False
HUNTSPOINT TERM MARKET,0,0,0.0,0,0.0,,0,,,,,0.0,,,,,False
HURLEY COURT,2,0,0.0,0,0.0,,0,,,,,0.0,,,,,False
HUTCHINSON CT,0,0,0.0,0,0.0,,0,241.1181821401255,2.0,25.0,0.0,0.0,1.0,,,,False
HUTCHINSON RIVER PKWY 4 A,0,0,0.0,0,0.0,,0,,,,,0.0,,,,,False
HUTCHINSON RIVER PKWY E,0,0,0.0,11,0.0,,0,10508.62049918875,1.2,25.0,0.0,0.0,60.0,,,,False
HUTCHINSON RIVER PKWY EAST,58,38,0.0,4,0.0,0.0,0,,,,,0.0,,,,,False
HUTCHINSON RIVER PKWY SOUTH,1,0,0.0,0,0.0,,0,,,,,0.0,,,,,False
HUTCHINSON RIVER PKWY SVC RD,1,0,0.0,0,0.0,,0,,,,,0.0,,,,,False
HUTCHINSON RIVER PKWY WEST,1,2,0.0,0,0.0,0.0,0,,,,,0.0,,,,,False
HUTCHINSON RVR PKWY,0,0,0.0,7,0.0,,0,19929.384493992304,1.3287671232876712,25.0,1.0,0.75,73.0,,,,False
HYMEN COURT,2,0,0.0,0,0.0,,0,,,,,0.0,,,,,False
HYMEN CT,0,0,0.0,0,0.0,,0,962.1888385164348,1.0,25.0,0.0,0.0,2.0,,,,False
I 278,0,0,0.0,3,0.0,,0,3362.8905981879584,1.2352941176470589,29.705882352941178,1.0,0.75,17.0,,,,False
I 678,0,0,0.0,0,0.0,,0,1111.6629522853063,1.0,25.0,1.0,0.75,2.0,,,,False
I 687,1,0,0.0,0,0.0,,0,,,,,0.0,,,,,False
I-278,0,0,0.0,1,0.0,,0,,,,,0.0,,,,,False
I-278 E,1,0,0.0,0,0.0,,0,,,,,0.0,,,,,False
I-495 E,1,0,0.0,0,0.0,,0,,,,,0.0,,,,,False
I-495 W,0,0,0.0,1,0.0,,0,,,,,0.0,,,,,False
I478 HUGH L CAREY TUNNEL,0,0,0.0,0,0.0,,0,,,,,0.0,,,,,False
IDAHO AVE,1,0,0.0,1,0.0,,0,1097.8139252008284,2.0,25.0,0.0,0.0,2.0,,,,False
ILYSE COURT,1,1,0.0,0,0.0,0.0,0,,,,,0.0,,,,,False
INA ST,0,0,0.0,0,0.0,,0,558.763230266768,2.0,25.0,0.0,0.0,2.0,,,,False
INDALE AVE,0,0,0.0,0,0.0,,0,937.3854219601928,2.0,25.0,0.0,0.0,4.0,,,,False
INDIANA AVE,0,0,0.0,0,0.0,,0,485.05904779447525,2.0,25.0,0.0,0.0,1.0,,,,False
INTERNATION AIRPORT CENTER,1,0,0.0,0,0.0,,0,,,,,0.0,,,,,False
INTERNATIONAL AIRPORT CENTER B,2,2,0.0,13,0.0,0.0,0,,,,,0.0,,,,,False
INTERNATIONAL AIRPORT CENTER BLV,0,0,0.0,3,0.0,,0,,,,,0.0,,,,,False
INTERSTATE HWY 278,1,2,0.0,0,0.0,0.0,0,,,,,0.0,,,,,False
INTREPID PLAZA,0,0,0.0,0,0.0,,0,,,,,0.0,,,,,False
IRA CT,0,0,0.0,0,0.0,,0,975.6978023516763,1.0,25.0,0.0,0.0,3.0,,,,False
IRONWOOD ST,0,0,0.0,0,0.0,,0,507.55338658863684,2.0,25.0,0.0,0.0,2.0,,,,False
IROQUOIS ST,0,0,0.0,0,0.0,,0,281.74738731180406,2.0,25.0,0.0,0.0,1.0,,,,False
IRVINGTON PL,0,0,0.0,0,0.0,,0,383.57831211981255,1.5,25.0,0.0,0.0,2.0,,,,False
J ROBINSON PKWY,0,0,0.0,2,0.0,,0,6178.6019098101,1.1111111111111112,25.0,1.0,0.75,36.0,,,,False
JACKIE ROBINSON,7,5,0.0,0,0.0,0.0,0,,,,,0.0,,,,,False
JACKIE ROBINSON EXPY,1,0,0.0,0,0.0,,0,,,,,0.0,,,,,False
JACKIE ROBINSON PKWY APPR,0,0,0.0,0,0.0,,0,,,,,0.0,,,,,False
JACKIE ROBINSON PKWY N,0,0,0.0,0,0.0,,0,,,,,0.0,,,,,False
JACKIE ROBISON PKWY,1,4,0.0,0,0.0,0.0,0,,,,,0.0,,,,,False
JACKIE ROBISON PKWY SERVICE RD,1,1,0.0,0,0.0,0.0,0,,,,,0.0,,,,,False
JACKIEROBINSON PKWY,1,0,0.0,0,0.0,,0,,,,,0.0,,,,,False
JAKE COURT,1,0,0.0,0,0.0,,0,,,,,0.0,,,,,False
JAKIE ROBINSON PKWY,1,0,0.0,0,0.0,,0,,,,,0.0,,,,,False
JAMACA AVE,1,5,0.0,0,0.0,0.0,0,,,,,0.0,,,,,False
JAMACIA AVE,3,2,0.0,0,0.0,0.0,0,,,,,0.0,,,,,False
JAMAICA BAY,2,2,0.0,0,0.0,0.0,0,,,,,0.0,,,,,False
JAMAICA BAY GREENWAY,1,2,0.0,1,0.0,0.0,0,,,,,0.0,,,,,False
JAMAICA BAY WILDLIFE,0,0,0.0,1,0.0,,0,,,,,0.0,,,,,False
JAMAICA BAY WILDLIFE REFUGE,1,2,0.0,0,0.0,0.0,0,,,,,0.0,,,,,False
JAMAICA BAY WILDLIFE TRL,0,0,0.0,6,0.0,,0,18964.501030166553,1.0416666666666667,25.0,1.0,0.75,48.0,,,,False
JAMES COURT,1,0,0.0,0,0.0,,0,,,,,0.0,,,,,False
JAMICA AVE,0,0,0.0,1,0.0,,0,,,,,0.0,,,,,False
JAMIE LANE,3,0,0.0,0,0.0,,0,,,,,0.0,,,,,False
JAMIE LN,0,0,0.0,0,0.0,,0,1570.120655190186,1.0,25.0,0.0,0.0,2.0,,,,False
JARVIS COURT,1,0,0.0,0,0.0,,0,,,,,0.0,,,,,False
JARVIS CT,0,0,0.0,0,0.0,,0,541.341343802122,2.0,25.0,1.0,0.75,2.0,,,,False
JASPER ST,0,0,0.0,0,0.0,,0,578.5899672242625,2.0,25.0,0.0,0.0,1.0,,,,False
JAYDEE CT,0,0,0.0,0,0.0,,0,160.70035605580685,2.0,25.0,0.0,0.0,1.0,,,,False
JEANETTE AVE,5,0,0.0,0,0.0,,0,,,,,0.0,,,,,False
JEANNETTE AVE,0,0,0.0,0,0.0,,0,1548.4336677870208,2.0,25.0,0.0,0.0,4.0,,,,False
JENNIFER LANE,1,0,0.0,0,0.0,,0,,,,,0.0,,,,,False
JERICHO TPKE,0,0,0.0,34,0.0,,0,4854.692394416712,2.0,25.0,0.0,0.0,17.0,,,,False
JEROME AVE INNER,0,0,0.0,0,0.0,,0,,,,,0.0,,,,,False
JEWEL MCCOY LANE,1,0,0.0,0,0.0,,0,,,,,0.0,,,,,False
JJ BYRNE MEMORIAL BRG,0,0,0.0,8,0.0,,0,1469.462193534995,3.2222222222222223,25.0,1.0,0.75,9.0,,,,False
JODIE COURT,3,0,0.0,0,0.0,,0,,,,,0.0,,,,,False
JOE DIMAGGIO HWY,2,1,0.0,4,0.0,0.0,0,,,,,0.0,,,,,False
JOHN F KENNEDY EXPY,1,1,0.0,3,0.0,0.0,0,21031.81407575059,2.188679245283019,25.0,1.0,0.75,53.0,,,,False
JOHNSTON TER,0,0,0.0,0,0.0,,0,2624.959885583023,1.625,25.0,0.0,0.0,8.0,,,,False
JONES ALLEY,1,0,0.0,0,0.0,,0,,,,,0.0,,,,,False
JOSEPH P WARD,1,0,0.0,0,0.0,,0,,,,,0.0,,,,,False
JOSEPH P WARD ST,2,0,0.0,1,0.0,,0,251.00825632144804,2.0,25.0,0.0,0.0,1.0,,,,False
JOSEPHS AVE,1,0,0.0,0,0.0,,0,,,,,0.0,,,,,False
JOSEPHS LANE,1,0,0.0,0,0.0,,0,,,,,0.0,,,,,False
JUDITH COURT,1,0,0.0,0,0.0,,0,,,,,0.0,,,,,False
JULIE COURT,1,0,0.0,0,0.0,,0,,,,,0.0,,,,,False
JUMEL TERRACE,3,0,0.0,0,0.0,,0,,,,,0.0,,,,,False
JUNIPER BLVD N,0,0,0.0,3,0.0,,0,2967.0378132456776,2.0,25.0,0.0,0.0,12.0,,,,False
JUNIPER BLVD NORTH,20,15,0.0,1,0.0,0.0,0,,,,,0.0,,,,,False
JUNIPER BLVD S,0,0,0.0,12,0.0,,0,4370.738943879894,2.0,25.0,1.0,0.75,17.0,,,,False
JUNIPER BLVD SOUTH,33,17,0.0,1,0.0,0.0,0,,,,,0.0,,,,,False
KAHANAMOUK WAY,1,0,0.0,0,0.0,,0,,,,,0.0,,,,,False
KATHLEEN COURT,1,0,0.0,0,0.0,,0,,,,,0.0,,,,,False
KATHLEEN PL,1,0,0.0,0,0.0,,0,499.31188677852623,1.0,25.0,0.0,0.0,1.0,,,,False
KATHY COURT,1,0,0.0,0,0.0,,0,,,,,0.0,,,,,False
KAY COURT,1,0,0.0,0,0.0,,0,,,,,0.0,,,,,False
KAYLA CT,0,0,0.0,1,0.0,,0,336.3369132813621,2.0,25.0,0.0,0.0,3.0,,,,False
KEEGANS LANE,14,9,0.0,0,0.0,0.0,0,,,,,0.0,,,,,False
KEEGANS LN,0,0,0.0,2,0.0,,0,1889.9424460914004,2.0,25.0,0.0,0.0,8.0,,,,False
KEIBER COURT,3,2,0.0,0,0.0,0.0,0,,,,,0.0,,,,,False
KELVIN AVE,0,0,0.0,2,0.0,,0,1428.747797723469,2.0,25.0,0.0,0.0,3.0,,,,False
KENMORE ST,0,0,0.0,3,0.0,,0,1162.2924054062962,2.0,25.0,0.0,0.0,2.0,,,,False
KENNEDY EXPY,2,0,0.0,0,0.0,,0,,,,,0.0,,,,,False
KENNEDY ST,43,14,0.0,4,0.0,0.0,0,,,,,0.0,,,,,False
KENNELLWORTH PL,5,3,0.0,0,0.0,0.0,0,2140.1647903837784,2.0,25.0,0.0,0.0,5.0,,,,False
KENNELWORTH PARK,2,0,0.0,0,0.0,,0,,,,,0.0,,,,,False
KENNY RD,1,0,0.0,0,0.0,,0,2929.1619360674904,1.0,25.0,0.0,0.0,3.0,,,,False
KENSICO AVE,1,0,0.0,0,0.0,,0,,,,,0.0,,,,,False
KETCH COURT,1,0,0.0,0,0.0,,0,,,,,0.0,,,,,False
KEW FOREST LANE,18,2,0.0,0,0.0,0.0,0,,,,,0.0,,,,,False
KEW FOREST LN,0,0,0.0,0,0.0,,0,806.0019285376769,2.0,25.0,0.0,0.0,4.0,,,,False
KEW GARDEN RD,81,23,0.0,9,0.0,0.0,0,,,,,0.0,,,,,False
KEW GARDEN RD WEST,1,1,0.0,0,0.0,0.0,0,,,,,0.0,,,,,False
KEW GARDENS RD,1,1,0.0,14,0.0,0.0,0,6264.133592041088,1.8823529411764706,25.0,1.0,0.75,34.0,,,,False
KIELY PL,1,0,0.0,0,0.0,,0,343.04220806817415,1.0,25.0,0.0,0.0,1.0,,,,False
KIISSENA BLVD,1,0,0.0,0,0.0,,0,,,,,0.0,,,,,False
KILROE ST,1,0,0.0,0,0.0,,0,366.29806687475053,2.0,25.0,0.0,0.0,2.0,,,,False
KIMBERLY LANE,5,0,0.0,0,0.0,,0,,,,,0.0,,,,,False
KIMBERLY LN,0,0,0.0,0,0.0,,0,1130.1984456550613,2.0,25.0,0.0,0.0,2.0,,,,False
KING PL,4,1,0.0,1,0.0,0.0,0,,,,,0.0,,,,,False
KINGS HWY SOUTH,2,1,0.0,0,0.0,0.0,0,,,,,0.0,,,,,False
KINGS PLAZA,13,2,0.0,0,0.0,0.0,0,,,,,0.0,,,,,False
KINGS PLZ,0,0,0.0,4,0.0,,0,,,,,0.0,,,,,False
KINGSBRIDGE RD,1,0,0.0,0,0.0,,0,,,,,0.0,,,,,False
KINGSBRIDGE TER,0,0,0.0,1,0.0,,0,4102.458576717721,1.5555555555555556,25.0,0.0,0.0,9.0,,,,False
KINGSBRIDGE TERRACE,109,28,0.0,1,0.0,0.0,0,,,,,0.0,,,,,False
KINGSHIGJWAY,1,1,0.0,0,0.0,0.0,0,,,,,0.0,,,,,False
KIRBY CT,0,0,0.0,0,0.0,,0,672.0787435270393,1.0,25.0,0.0,0.0,2.0,,,,False
KIRBY ST,0,0,0.0,0,0.0,,0,377.1385723879915,2.0,25.0,0.0,0.0,1.0,,,,False
KIRKLAND COURT,1,0,0.0,0,0.0,,0,,,,,0.0,,,,,False
KNOLLS CRES,0,0,0.0,2,0.0,,0,953.8597773814765,1.5384615384615385,25.0,0.0,0.0,13.0,,,,False
KNOLLS CRESCENT,12,1,0.0,0,0.0,0.0,0,,,,,0.0,,,,,False
KNOLLWOOD COURT,0,0,0.0,2,0.0,,0,,,,,0.0,,,,,False
KNOLLWOOD CT,0,0,0.0,1,0.0,,0,259.00350667456087,2.0,25.0,0.0,0.0,1.0,,,,False
KOCH BR PEDESTRIAN AND BIKE PATH,0,0,0.0,8,0.0,,0,,,,,0.0,,,,,False
KOREAN ST,0,0,0.0,0,0.0,,0,,,,,0.0,,,,,False
KOREAN VETS PKWY,0,0,0.0,0,0.0,,0,8195.409013734785,1.0,25.0,1.0,0.75,10.0,,,,False
KOREAN WAR VETERANS PKWY,1,1,0.0,0,0.0,0.0,0,,,,,0.0,,,,,False
KOSCIUSKO BRIDGE,7,0,0.0,1,0.0,,0,,,,,0.0,,,,,False
KOSCIUSZKO BRG,0,0,0.0,0,0.0,,0,10695.163963868063,2.0,38.75,1.0,0.75,48.0,,,,False
KRUGER RD,0,0,0.0,1,0.0,,0,583.2218976790093,2.0,25.0,0.0,0.0,1.0,,,,False
KYLE COURT,1,0,0.0,0,0.0,,0,,,,,0.0,,,,,False
LA GRANGE PL,0,0,0.0,1,0.0,,0,506.7863410634735,2.0,25.0,0.0,0.0,2.0,,,,False
LA GUARDIA ACCESS RD,0,0,0.0,1,0.0,,0,,,,,0.0,,,,,False
LA GUARDIA AVE,0,0,0.0,4,0.0,,0,2658.4654393963942,2.0,25.0,0.0,0.0,12.0,,,,False
LA GUARDIA PL,0,0,0.0,10,0.0,,0,1277.701563510259,2.0,25.0,0.0,0.0,3.0,,,,False
LA SALLE AVE,0,0,0.0,1,0.0,,0,2558.065033018405,2.0,25.0,0.0,0.0,10.0,,,,False
LA SALLE ST,0,0,0.0,3,0.0,,0,2050.200524670333,2.0,25.0,0.0,0.0,10.0,,,,False
LABAU AVE,0,0,0.0,0,0.0,,0,1641.490721460586,1.6666666666666667,25.0,0.0,0.0,3.0,,,,False
LAFAYETTE,1,1,0.0,0,0.0,0.0,0,,,,,0.0,,,,,False
LAGRANGE PL,0,0,0.0,0,0.0,,0,,,,,0.0,,,,,False
LAGUARDIA AIRPORT,1,0,0.0,0,0.0,,0,,,,,0.0,,,,,False
LAGUARDIA AVE,15,6,0.0,0,0.0,0.0,0,,,,,0.0,,,,,False
LAGUARDIA PL,48,21,0.0,1,0.0,0.0,0,,,,,0.0,,,,,False
LAGUARDIA RD,1,0,0.0,0,0.0,,0,,,,,0.0,,,,,False
LAGUNA LANE,1,0,0.0,0,0.0,,0,,,,,0.0,,,,,False
LAKE VIEW PL,11,4,0.0,0,0.0,0.0,0,,,,,0.0,,,,,False
LAKEVIEW BLVD,2,0,0.0,0,0.0,,0,,,,,0.0,,,,,False
LAKEVIEW BLVD E,0,0,0.0,1,0.0,,0,1814.7926026377986,2.0,25.0,0.0,0.0,7.0,,,,False
LAKEVIEW BLVD EAST,10,7,0.0,0,0.0,0.0,0,,,,,0.0,,,,,False
LAKEVIEW LANE,6,1,0.0,1,0.0,0.0,0,,,,,0.0,,,,,False
LAKEVIEW ST,1,0,0.0,0,0.0,,0,,,,,0.0,,,,,False
LAKEVILLE RD,2,0,0.0,1,0.0,,0,232.88937197891,4.0,25.0,0.0,0.0,2.0,,,,False
LAMBERTS LANE,38,19,0.0,2,0.0,0.0,0,,,,,0.0,,,,,False
LAMBERTS LN,0,0,0.0,10,0.0,,0,3169.4590065196585,2.0,25.0,0.0,0.0,13.0,,,,False
LAMONT COURT,6,0,0.0,0,0.0,,0,,,,,0.0,,,,,False
LAMONT CT,0,0,0.0,0,0.0,,0,499.4047329909089,1.0,25.0,0.0,0.0,1.0,,,,False
LAMONT ST,1,1,0.0,0,0.0,0.0,0,,,,,0.0,,,,,False
LAMPED LOOP,1,0,0.0,0,0.0,,0,1413.8340478755094,1.0,25.0,0.0,0.0,6.0,,,,False
LANE AVE,5,2,0.0,2,0.0,0.0,0,1046.3634872410084,1.6666666666666667,25.0,0.0,0.0,6.0,,,,False
LANGERE PL,1,0,0.0,0,0.0,,0,379.0064666082307,1.0,25.0,0.0,0.0,1.0,,,,False
LASALLE AVE,13,6,0.0,2,0.0,0.0,0,,,,,0.0,,,,,False
LASALLE ST,33,10,0.0,1,0.0,0.0,0,,,,,0.0,,,,,False
LATHAM LANE,6,3,0.0,0,0.0,0.0,0,,,,,0.0,,,,,False
LATIMER AVE,0,0,0.0,0,0.0,,0,988.7150702888973,2.0,25.0,0.0,0.0,2.0,,,,False
LATTIMER PL,2,1,0.0,0,0.0,0.0,0,,,,,0.0,,,,,False
LAUREL HILL TER,0,0,0.0,0,0.0,,0,1924.857837204413,2.0,25.0,0.0,0.0,4.0,,,,False
LAUREL HILL TERRACE,31,0,0.0,0,0.0,,0,,,,,0.0,,,,,False
LAWN COURT,1,0,0.0,0,0.0,,0,,,,,0.0,,,,,False
LEEDS RD,0,0,0.0,0,0.0,,0,1563.1721570442085,1.2,25.0,0.0,0.0,10.0,,,,False
LEFFERT BLVD,1,0,0.0,0,0.0,,0,,,,,0.0,,,,,False
LEFRAK CITY PLAZA,1,0,0.0,0,0.0,,0,,,,,0.0,,,,,False
LEFRAK CITY PLZ,0,0,0.0,0,0.0,,0,,,,,0.0,,,,,False
LEIF ERICSON DR,1,0,0.0,0,0.0,,0,,,,,0.0,,,,,False
LENOX TERRACE PL,1,0,0.0,0,0.0,,0,,,,,0.0,,,,,False
LEO ST,0,0,0.0,0,0.0,,0,384.1276489193395,1.0,25.0,0.0,0.0,1.0,,,,False
LESTER ST,0,0,0.0,3,0.0,,0,1052.3735958786356,1.5,25.0,0.0,0.0,4.0,,,,False
LEWIS PL,0,0,0.0,1,0.0,,0,364.6815615711204,1.0,25.0,0.0,0.0,1.0,,,,False
LEYDEN AVE,0,0,0.0,0,0.0,,0,614.8176273561717,2.0,25.0,0.0,0.0,1.0,,,,False
LGA TERMINALS B-C-D ACCESS RD,0,0,0.0,0,0.0,,0,3367.0870352983266,2.0,25.0,0.0,0.0,15.0,,,,False
LIBERTY PL,0,0,0.0,0,0.0,,0,245.32050844420473,1.0,25.0,0.0,0.0,1.0,,,,False
LIBERTY PLAZA,5,0,0.0,0,0.0,,0,,,,,0.0,,,,,False
LILY POND RD,1,1,0.0,0,0.0,0.0,0,,,,,0.0,,,,,False
LINCOLN BLVD,1,0,0.0,0,0.0,,0,,,,,0.0,,,,,False
LINCOLN CENTER PLAZA,1,0,0.0,0,0.0,,0,,,,,0.0,,,,,False
LINCOLN CENTER PLZ,0,0,0.0,0,0.0,,0,,,,,0.0,,,,,False
LINCOLN TERRACE,1,0,0.0,0,0.0,,0,,,,,0.0,,,,,False
LINCOLN TUNNEL,1,0,0.0,1,0.0,,0,11063.370919567285,1.3513513513513513,25.0,1.0,0.75,74.0,,,,False
LINDA LANE,2,0,0.0,0,0.0,,0,,,,,0.0,,,,,False
LINDEN,1,0,0.0,0,0.0,,0,,,,,0.0,,,,,False
LINDEN BLVD SERVICE RD,0,0,0.0,2,0.0,,0,,,,,0.0,,,,,False
LINNAEUS PL,1,0,0.0,0,0.0,,0,,,,,0.0,,,,,False
LINNEAUS PL,0,0,0.0,0,0.0,,0,596.1576333640885,1.0,25.0,0.0,0.0,5.0,,,,False
LITTLE BAY RD,5,0,0.0,0,0.0,,0,1295.482637743101,1.0,25.0,0.0,0.0,2.0,,,,False
LITTLE WEST 12 ST,14,3,0.0,2,0.0,0.0,0,,,,,0.0,,,,,False
LITTLENECK PKWY,2,0,0.0,0,0.0,,0,,,,,0.0,,,,,False
LNDEN BLVD,1,1,0.0,0,0.0,0.0,0,,,,,0.0,,,,,False
LOCUST MANOR LANE,3,0,0.0,0,0.0,,0,,,,,0.0,,,,,False
LOCUST POINT DR,4,0,0.0,0,0.0,,0,782.5496876814864,2.0,25.0,0.0,0.0,3.0,,,,False
LOGAN AVENE,1,0,0.0,0,0.0,,0,,,,,0.0,,,,,False
LOIS LANE,1,1,0.0,0,0.0,0.0,0,,,,,0.0,,,,,False
LOMBARD COURT,1,0,0.0,0,0.0,,0,,,,,0.0,,,,,False
LOMBARDY,1,1,0.0,0,0.0,0.0,0,,,,,0.0,,,,,False
LONDON RD,0,0,0.0,0,0.0,,0,3271.2006988110434,2.0,25.0,0.0,0.0,7.0,,,,False
LONG POND LANE,1,0,0.0,0,0.0,,0,,,,,0.0,,,,,False
LOOP RD,0,0,0.0,1,0.0,,0,14436.164967344503,1.8666666666666667,25.0,0.0,0.0,45.0,,,,False
LORING PL N,0,0,0.0,4,0.0,,0,1604.1411264797375,1.0,25.0,0.0,0.0,2.0,,,,False
LORING PL NORTH,47,10,0.0,1,0.0,0.0,0,,,,,0.0,,,,,False
LORING PL S,0,0,0.0,4,0.0,,0,1773.9259796060078,1.0,25.0,0.0,0.0,3.0,,,,False
LORING PL SOUTH,19,9,0.0,0,0.0,0.0,0,,,,,0.0,,,,,False
LORRAIN AVE,2,0,0.0,0,0.0,,0,,,,,0.0,,,,,False
LOUIS NINE BLVD,8,3,0.0,6,0.0,0.0,0,1897.0106314880477,2.0,25.0,0.0,0.0,7.0,,,,False
LOVE LANE,1,0,0.0,0,0.0,,0,,,,,0.0,,,,,False
LOVE LN,0,0,0.0,0,0.0,,0,586.0109833498179,0.6666666666666666,20.0,0.0,0.0,3.0,,,,False
LOW TERRACE,6,2,0.0,0,0.0,0.0,0,,,,,0.0,,,,,False
LOWE COURT,3,0,0.0,0,0.0,,0,,,,,0.0,,,,,False
LOWE CT,0,0,0.0,0,0.0,,0,343.8433853174914,1.0,25.0,0.0,0.0,1.0,,,,False
LUDWIG LANE,8,1,0.0,0,0.0,0.0,0,,,,,0.0,,,,,False
LUDWIG LN,0,0,0.0,0,0.0,,0,1392.1055605268095,2.0,25.0,0.0,0.0,3.0,,,,False
LUTHER RD,0,0,0.0,0,0.0,,0,248.01555552356692,2.0,25.0,0.0,0.0,1.0,,,,False
LUX RD,0,0,0.0,1,0.0,,0,616.0658469471185,1.0,25.0,0.0,0.0,2.0,,,,False
LYLE COURT,1,0,0.0,0,0.0,,0,,,,,0.0,,,,,False
LYNBROOK COURT,1,0,0.0,0,0.0,,0,,,,,0.0,,,,,False
LYNN COURT,1,0,0.0,0,0.0,,0,,,,,0.0,,,,,False
LYON PL,0,0,0.0,0,0.0,,0,884.5256491928216,2.0,25.0,0.0,0.0,2.0,,,,False
MAC CRACKEN AVE,2,1,0.0,0,0.0,0.0,0,628.6479528403308,2.0,25.0,0.0,0.0,2.0,,,,False
MAC DONOUGH ST,0,0,0.0,5,0.0,,0,9251.296790428894,1.0,25.0,0.0,0.0,12.0,,,,False
MAC DOUGAL ALLEY,1,0,0.0,0,0.0,,0,,,,,0.0,,,,,False
MAC GREGOR ST,2,0,0.0,0,0.0,,0,,,,,0.0,,,,,False
MACDONOUGH ST,132,50,0.0,3,0.0,0.0,0,,,,,0.0,,,,,False
MACDOUGAL ST,63,32,0.0,1,0.0,0.0,0,,,,,0.0,,,,,False
MACFARLAND AVE,3,0,0.0,1,0.0,,0,1914.1250343659337,2.0,25.0,0.0,0.0,3.0,,,,False
MACOMBS DAM BRG,0,0,0.0,2,0.0,,0,1825.7535078351607,4.0,25.0,1.0,0.75,16.0,,,,False
MACOMBS DAM BRIDGE,237,148,0.0,23,0.0,0.0,0,,,,,0.0,,,,,False
MACOMBS DAM BRIDGE APPROACH,1,1,0.0,0,0.0,0.0,0,,,,,0.0,,,,,False
MACOMBS DAM BRIDGE PEDESTRIAN PA,0,0,0.0,1,0.0,,0,,,,,0.0,,,,,False
MADA AVE,3,0,0.0,0,0.0,,0,,,,,0.0,,,,,False
MADELINE COURT,1,0,0.0,0,0.0,,0,,,,,0.0,,,,,False
MADISON AVE BR APPROACH,0,0,0.0,1,0.0,,0,,,,,0.0,,,,,False
MADISON ST AND RUTGERS STREE,0,0,0.0,1,0.0,,0,,,,,0.0,,,,,False
MAGUIRE COURT,0,0,0.0,0,0.0,,0,,,,,0.0,,,,,False
MAIDEN LANE,73,15,0.0,6,0.0,0.0,0,,,,,0.0,,,,,False
MAIDEN LN,0,0,0.0,7,0.0,,0,2959.4328113928127,1.6363636363636365,25.0,0.0,0.0,11.0,,,,False
MAJ WM DEEGAN BLVD,0,0,0.0,0,0.0,,0,,,,,0.0,,,,,False
MAJOR DEEGAN EXPY N,0,0,0.0,1,0.0,,0,,,,,0.0,,,,,False
MAJOR DEEGAN SERVICE RD,4,2,0.0,6,0.0,0.0,0,,,,,0.0,,,,,False
MAJOR DEEGAN UNDERPASS,1,0,0.0,0,0.0,,0,,,,,0.0,,,,,False
MALCOLM X,2,2,0.0,0,0.0,0.0,0,,,,,0.0,,,,,False
MALCOLM X BLVD,19,8,0.0,46,0.0,0.0,0,5999.608245400519,1.9259259259259258,25.0,0.0,0.0,27.0,,,,False
MALCOM X BLVD,4,3,0.0,0,0.0,0.0,0,,,,,0.0,,,,,False
MALL BLVD,1,1,0.0,0,0.0,0.0,0,,,,,0.0,,,,,False
MALLARD LN,0,0,0.0,1,0.0,,0,421.5613695633066,1.0,25.0,0.0,0.0,1.0,,,,False
MALT DR,0,0,0.0,0,0.0,,0,778.5295645353234,2.0,25.0,0.0,0.0,2.0,,,,False
MANAHAN ST,1,0,0.0,0,0.0,,0,,,,,0.0,,,,,False
MANCHESTER DR,0,0,0.0,0,0.0,,0,1270.5486460698885,1.4,25.0,0.0,0.0,5.0,,,,False
MANHATTAN,1,0,0.0,0,0.0,,0,,,,,0.0,,,,,False
MANHATTAN BR LOWER,81,51,0.0,30,0.0,0.0,0,,,,,0.0,,,,,False
MANHATTAN BR UPPER,192,89,0.0,45,0.0,0.0,0,,,,,0.0,,,,,False
MANHATTAN BRG,0,0,0.0,2,0.0,,0,22522.115670677824,2.1574074074074074,34.81481481481482,1.0,0.75,108.0,,,,False
MANHATTAN BRIDGE BIKE PATH,0,0,0.0,1,0.0,,0,7144.361894055055,0.6666666666666666,25.0,1.0,0.75,39.0,,,,False
MANHATTAN COURT,3,0,0.0,0,0.0,,0,,,,,0.0,,,,,False
MANHATTAN CT,0,0,0.0,0,0.0,,0,878.7586409746649,1.3333333333333333,25.0,0.0,0.0,3.0,,,,False
MANHATTAN SQUARE,1,0,0.0,0,0.0,,0,,,,,0.0,,,,,False
MANOR COURT,1,0,0.0,1,0.0,,0,,,,,0.0,,,,,False
MANOR CT,0,0,0.0,0,0.0,,0,1104.0946636472008,1.75,25.0,0.0,0.0,4.0,,,,False
MANTON PL,0,0,0.0,1,0.0,,0,295.6919099163574,1.5,25.0,0.0,0.0,2.0,,,,False
MAPLE,1,0,0.0,0,0.0,,0,,,,,0.0,,,,,False
MAPLE CT,0,0,0.0,0,0.0,,0,194.5238559579623,1.0,25.0,0.0,0.0,1.0,,,,False
MAPLE TERRACE,1,0,0.0,0,0.0,,0,,,,,0.0,,,,,False
MAPLEWOOD AVE,0,0,0.0,0,0.0,,0,956.383798167858,1.75,25.0,0.0,0.0,4.0,,,,False
MARATHON WAY,1,1,0.0,0,0.0,0.0,0,,,,,0.0,,,,,False
MARBLE HILL LANE,1,1,0.0,0,0.0,0.0,0,,,,,0.0,,,,,False
MARBLE HILL LN,0,0,0.0,1,0.0,,0,274.2194527419066,2.0,25.0,1.0,0.75,3.0,,,,False
MARBLE LOOP,1,0,0.0,0,0.0,,0,777.3658505624539,2.0,25.0,0.0,0.0,6.0,,,,False
MARC ST,0,0,0.0,1,0.0,,0,347.16228891308464,1.0,25.0,0.0,0.0,1.0,,,,False
MARCONI,1,0,0.0,0,0.0,,0,,,,,0.0,,,,,False
MARCONI AVE,1,0,0.0,0,0.0,,0,,,,,0.0,,,,,False
MARCONI ST,37,12,0.0,2,0.0,0.0,0,3618.4975978299967,2.75,25.0,0.0,0.0,4.0,,,,False
MARGARET CORBIN CIRCLE,1,1,0.0,0,0.0,0.0,0,,,,,0.0,,,,,False
MARGARET CORBIN DR,6,2,0.0,3,0.0,0.0,0,4233.623313596435,1.6153846153846154,25.0,1.0,0.75,26.0,,,,False
MARGINAL ST EAST,2,1,0.0,1,0.0,0.0,0,,,,,0.0,,,,,False
MARGINAL ST WEST,2,0,0.0,0,0.0,,0,,,,,0.0,,,,,False
MARGINIAL STRET,1,0,0.0,0,0.0,,0,,,,,0.0,,,,,False
MARGUERITE AVE,1,1,0.0,0,0.0,0.0,0,,,,,0.0,,,,,False
MARINA DEL REY,0,0,0.0,1,0.0,,0,,,,,0.0,,,,,False
MARINA DR,1,0,0.0,0,0.0,,0,,,,,0.0,,,,,False
MARINA RD,23,5,0.0,18,0.0,0.0,0,6283.94396994423,1.8181818181818181,25.0,0.0,0.0,22.0,,,,False
MARINA RD - PARKING LOT,1,0,0.0,0,0.0,,0,,,,,0.0,,,,,False
MARINE MEMORIAL PKWY BRIDGE,1,0,0.0,0,0.0,,0,,,,,0.0,,,,,False
MARINE PARK BRIDGE,1,1,0.0,0,0.0,0.0,0,,,,,0.0,,,,,False
MARINE PKWY BRIDGE,21,8,0.0,1,0.0,0.0,0,1212.2538642622885,1.5,25.0,1.0,0.75,12.0,,,,False
MARIOIN AVE,0,0,0.0,0,0.0,,0,,,,,0.0,,,,,False
MARISA CIRCLE,2,0,0.0,0,0.0,,0,,,,,0.0,,,,,False
MARISA COURT,0,0,0.0,0,0.0,,0,,,,,0.0,,,,,False
MARJOR DEEGAN EXPY,1,0,0.0,0,0.0,,0,,,,,0.0,,,,,False
MARKHAM LANE,1,3,0.0,0,0.0,0.0,0,,,,,0.0,,,,,False
MARKHAM LN,0,0,0.0,0,0.0,,0,654.8016290959488,2.0,25.0,0.0,0.0,4.0,,,,False
MARKWOOD PL,2,1,0.0,0,0.0,0.0,0,854.4999663302972,1.4,25.0,0.0,0.0,5.0,,,,False
MARKWOOD RD,6,2,0.0,0,0.0,0.0,0,,,,,0.0,,,,,False
MARLBOROUGH CT,0,0,0.0,0,0.0,,0,193.18615866016637,2.0,25.0,0.0,0.0,1.0,,,,False
MARTENSE COURT,1,0,0.0,0,0.0,,0,,,,,0.0,,,,,False
MARTIN COURT,3,0,0.0,0,0.0,,0,,,,,0.0,,,,,False
MARTIN LUTHER KING JR,92,50,0.0,18,0.0,0.0,0,,,,,0.0,,,,,False
MARTIN LUTHER KING JR HWY,1,0,0.0,0,0.0,,0,,,,,0.0,,,,,False
MARTIN LUTHER KING JR PL,3,0,0.0,0,0.0,,0,802.7569935192013,2.0,25.0,0.0,0.0,1.0,,,,False
MASON ST,0,0,0.0,0,0.0,,0,1603.733011398559,2.0,25.0,0.0,0.0,2.0,,,,False
MASSACHUSE ST,1,0,0.0,0,0.0,,0,,,,,0.0,,,,,False
MASSACHUSETTS ST,1,0,0.0,0,0.0,,0,895.6342981593803,2.0,25.0,0.0,0.0,1.0,,,,False
MATHEWSON COURT,1,0,0.0,0,0.0,,0,,,,,0.0,,,,,False
MATHEWSON CT,0,0,0.0,0,0.0,,0,654.7806450031393,2.0,25.0,0.0,0.0,2.0,,,,False
MAURICE,1,0,0.0,0,0.0,,0,,,,,0.0,,,,,False
MAYBERRY PROMENADE,0,0,0.0,0,0.0,,0,,,,,0.0,,,,,False
MAYFAIR DR N,0,0,0.0,0,0.0,,0,2566.7717681073245,2.0,25.0,0.0,0.0,6.0,,,,False
MAYFAIR DR NORTH,1,0,0.0,0,0.0,,0,,,,,0.0,,,,,False
MAYFAIR DR S,0,0,0.0,1,0.0,,0,3186.8826945364203,1.875,25.0,0.0,0.0,8.0,,,,False
MAYFAIR DR SOUTH,9,3,0.0,0,0.0,0.0,0,,,,,0.0,,,,,False
MC ARTHUR AVE,0,0,0.0,0,0.0,,0,1630.8405902333686,2.0,25.0,0.0,0.0,3.0,,,,False
MC CLANCY PL,6,0,0.0,0,0.0,,0,,,,,0.0,,,,,False
MC CLEAN AVE,0,0,0.0,3,0.0,,0,5688.921747782048,1.9655172413793103,25.0,0.0,0.0,29.0,,,,False
MC CULLY AVE,0,0,0.0,2,0.0,,0,742.1940248530788,2.0,25.0,0.0,0.0,3.0,,,,False
MC DONALD AVE,712,304,0.0,56,0.0,0.0,0,,,,,0.0,,,,,False
MC DONOUGH ST,1,0,0.0,0,0.0,,0,,,,,0.0,,,,,False
MC GUINNESS BLVD,355,104,0.0,23,0.0,0.0,0,,,,,0.0,,,,,False
MC GUINNESS BLVD SOUTH,50,13,0.0,4,0.0,0.0,0,,,,,0.0,,,,,False
MC KENNY SQUARE,3,0,0.0,0,0.0,,0,,,,,0.0,,,,,False
MC KENNY ST,2,0,0.0,0,0.0,,0,119.44917472435117,1.0,25.0,0.0,0.0,1.0,,,,False
MC KIBBIN COURT,1,0,0.0,0,0.0,,0,,,,,0.0,,,,,False
MC LAUGHLIN AVE,0,0,0.0,2,0.0,,0,3663.4042075465845,2.3333333333333335,25.0,0.0,0.0,15.0,,,,False
MC LAUGHLIN ST,0,0,0.0,0,0.0,,0,1590.3322447907199,2.0,25.0,0.0,0.0,2.0,,,,False
MC NALLY PLAZA,1,0,0.0,0,0.0,,0,,,,,0.0,,,,,False
MC OWEN AVE,0,0,0.0,1,0.0,,0,1292.8912918187843,2.0,25.0,0.0,0.0,2.0,,,,False
MCARTHUR AVE,5,1,0.0,0,0.0,0.0,0,,,,,0.0,,,,,False
MCBAINE AVE,6,1,0.0,0,0.0,0.0,0,,,,,0.0,,,,,False
MCCLANCY PL,0,0,0.0,0,0.0,,0,521.285619415569,2.0,25.0,0.0,0.0,2.0,,,,False
MCCLEAN AVE,70,34,0.0,12,0.0,0.0,0,,,,,0.0,,,,,False
MCCORMICK PL,1,0,0.0,0,0.0,,0,,,,,0.0,,,,,False
MCCULLY AVE,1,1,0.0,1,0.0,0.0,0,,,,,0.0,,,,,False
MCDIVITT AVE,1,0,0.0,0,0.0,,0,,,,,0.0,,,,,False
MCDONALD AVE,7,7,0.0,105,0.0,0.0,0,25186.817477578068,3.611111111111111,25.0,1.0,0.75,54.0,,,,False
MCDONOUGH PL,1,0,0.0,0,0.0,,0,,,,,0.0,,,,,False
MCFARLAND AVE,4,2,0.0,0,0.0,0.0,0,,,,,0.0,,,,,False
MCGUINESS BLVD,0,0,0.0,0,0.0,,0,,,,,0.0,,,,,False
MCGUINNESS BLVD,2,1,0.0,45,0.0,0.0,0,12434.767764836986,1.8108108108108107,25.27027027027027,0.0,0.0,37.0,,,,False
MCGUINNESS BLVD NORTH,0,0,0.0,1,0.0,,0,,,,,0.0,,,,,False
MCGUINNESS BLVD S,0,0,0.0,1,0.0,,0,1856.4091408709696,2.375,25.0,0.0,0.0,8.0,,,,False
MCKEE AVE,0,0,0.0,0,0.0,,0,,,,,0.0,,,,,False
MCLAUGHLIN AVE,18,5,0.0,1,0.0,0.0,0,,,,,0.0,,,,,False
MCLAUGHLIN ST,1,0,0.0,0,0.0,,0,,,,,0.0,,,,,False
MCOWEN AVE,2,1,0.0,0,0.0,0.0,0,,,,,0.0,,,,,False
MCVEIGH AVE,3,0,0.0,0,0.0,,0,,,,,0.0,,,,,False
MEADOW AVE,0,0,0.0,2,0.0,,0,1452.9164888282585,2.0,25.0,0.0,0.0,3.0,,,,False
MEADOW LAKE,9,4,0.0,2,0.0,0.0,0,,,,,0.0,,,,,False
MEADOW LAKE BRIDGE,1,0,0.0,0,0.0,,0,,,,,0.0,,,,,False
MEADOW LAKE DR,2,0,0.0,4,0.0,,0,16030.320863810986,1.04,25.0,0.0,0.0,50.0,,,,False
MEADOW LAKE PARK PATH,0,0,0.0,2,0.0,,0,18470.321395570903,2.0,25.0,1.0,0.75,114.0,,,,False
MEADOW LAKE PROM,0,0,0.0,1,0.0,,0,,,,,0.0,,,,,False
MEADOW LAKE RD E,0,0,0.0,0,0.0,,0,,,,,0.0,,,,,False
MEADOW LAKE RD WEST,1,1,0.0,0,0.0,0.0,0,392.80620802623184,1.0,25.0,1.0,0.75,4.0,,,,False
MEADOW LAKE TRAIL,1,1,0.0,0,0.0,0.0,0,,,,,0.0,,,,,False
MEADOW LANE,1,0,0.0,0,0.0,,0,,,,,0.0,,,,,False
MEADOW PL,0,0,0.0,1,0.0,,0,710.7925112136297,2.0,25.0,0.0,0.0,2.0,,,,False
MEAGAN LOOP,0,0,0.0,0,0.0,,0,907.1283567413951,2.0,25.0,0.0,0.0,3.0,,,,False
MECHANICS ALLEY,2,1,0.0,0,0.0,0.0,0,,,,,0.0,,,,,False
MELBA CT,0,0,0.0,0,0.0,,0,788.9767656780879,1.0,25.0,0.0,0.0,2.0,,,,False
MELISSA ST,0,0,0.0,0,0.0,,0,382.6970433763055,1.0,25.0,0.0,0.0,1.0,,,,False
MEMPHIS ST,3,2,0.0,0,0.0,0.0,0,,,,,0.0,,,,,False
MENAHAN,1,0,0.0,0,0.0,,0,,,,,0.0,,,,,False
MERCER PL,0,0,0.0,0,0.0,,0,390.0261115613498,2.0,25.0,0.0,0.0,1.0,,,,False
MERIT COURT,1,0,0.0,0,0.0,,0,,,,,0.0,,,,,False
MERIVALE LANE,2,0,0.0,0,0.0,,0,,,,,0.0,,,,,False
MERMAID LN,0,0,0.0,0,0.0,,0,872.8200446322336,1.1666666666666667,25.0,0.0,0.0,6.0,,,,False
MERRIDIAN RD,0,0,0.0,0,0.0,,0,,,,,0.0,,,,,False
METROPLITAN AVE,1,0,0.0,0,0.0,,0,,,,,0.0,,,,,False
METROPOLITAIN AVE,1,0,0.0,2,0.0,,0,,,,,0.0,,,,,False
METROPOLITIAN AVE,3,3,0.0,0,0.0,0.0,0,,,,,0.0,,,,,False
METROTECH CENTER,35,8,0.0,0,0.0,0.0,0,,,,,0.0,,,,,False
METROTECH CTR,0,0,0.0,1,0.0,,0,,,,,0.0,,,,,False
METROTECH ROADWAY,1,0,0.0,5,0.0,,0,,,,,0.0,,,,,False
MIAMI COURT,2,0,0.0,0,0.0,,0,,,,,0.0,,,,,False
MICKARDAN COURT,1,0,0.0,0,0.0,,0,,,,,0.0,,,,,False
MIDDLEMAY CIRCLE,3,0,0.0,0,0.0,,0,,,,,0.0,,,,,False
MIDTOWN TUNNEL,2,1,0.0,0,0.0,0.0,0,,,,,0.0,,,,,False
MIDWOOD,1,1,0.0,0,0.0,0.0,0,,,,,0.0,,,,,False
MILL LANE,3,0,0.0,0,0.0,,0,,,,,0.0,,,,,False
MILL LN,0,0,0.0,0,0.0,,0,1225.6233361728832,1.0,25.0,0.0,0.0,5.0,,,,False
MILLER FIELD,1,1,0.0,0,0.0,0.0,0,,,,,0.0,,,,,False
MIMOSA LANE,1,0,0.0,0,0.0,,0,,,,,0.0,,,,,False
MIMOSA LN,0,0,0.0,0,0.0,,0,710.6305008258613,1.0,25.0,0.0,0.0,3.0,,,,False
MINETTA LANE,1,0,0.0,0,0.0,,0,,,,,0.0,,,,,False
MINTHORNE ST,0,0,0.0,1,0.0,,0,570.6538350302685,2.0,25.0,0.0,0.0,2.0,,,,False
MITCHEL LANE,1,1,0.0,0,0.0,0.0,0,,,,,0.0,,,,,False
MLK,0,0,0.0,2,0.0,,0,,,,,0.0,,,,,False
MONTAGUE TER,0,0,0.0,0,0.0,,0,256.25103063278783,1.0,20.0,0.0,0.0,1.0,,,,False
MONTAGUE TERRACE,4,0,0.0,0,0.0,,0,,,,,0.0,,,,,False
MONTAUK COURT,3,0,0.0,0,0.0,,0,,,,,0.0,,,,,False
MONTICELLO TERRACE,3,0,0.0,0,0.0,,0,,,,,0.0,,,,,False
MONTUK,1,0,0.0,0,0.0,,0,,,,,0.0,,,,,False
MORENCI LN,0,0,0.0,0,0.0,,0,2024.0193541699666,2.0,25.0,0.0,0.0,6.0,,,,False
MORGAN LN,0,0,0.0,0,0.0,,0,662.3337583506916,2.0,25.0,0.0,0.0,1.0,,,,False
MORGAN PL,3,0,0.0,0,0.0,,0,,,,,0.0,,,,,False
MORNINGSIDE AVEUNE,1,0,0.0,0,0.0,,0,,,,,0.0,,,,,False
MORSE COURT,1,0,0.0,0,0.0,,0,,,,,0.0,,,,,False
MORSE CT,0,0,0.0,0,0.0,,0,217.38500469582303,2.0,25.0,0.0,0.0,1.0,,,,False
MOSHOLU PKWY EXTENSION,5,1,0.0,0,0.0,0.0,0,,,,,0.0,,,,,False
MOSHOLU PKWY NORTH,2,2,0.0,0,0.0,0.0,0,,,,,0.0,,,,,False
MOTHER GASTON,2,1,0.0,0,0.0,0.0,0,,,,,0.0,,,,,False
MOTHER GASTON AVE,3,0,0.0,0,0.0,,0,,,,,0.0,,,,,False
MOTHER GASTON BLVD AND MACD,1,0,0.0,0,0.0,,0,,,,,0.0,,,,,False
MOTHER GATSON ST,1,1,0.0,0,0.0,0.0,0,,,,,0.0,,,,,False
MOTHERGASTON AVE,1,1,0.0,0,0.0,0.0,0,,,,,0.0,,,,,False
MOTT AVANUE,1,1,0.0,0,0.0,0.0,0,,,,,0.0,,,,,False
MOUNT CARMEL PL,0,0,0.0,0,0.0,,0,505.63264410250315,1.0,25.0,0.0,0.0,2.0,,,,False
MOUNT EDEN AVE,1,0,0.0,0,0.0,,0,,,,,0.0,,,,,False
MOUNT MORRIS PARK W,0,0,0.0,0,0.0,,0,1046.4900098630108,2.0,25.0,0.0,0.0,4.0,,,,False
MOUNT MORRIS PARK WEST,13,10,0.0,1,0.0,0.0,0,,,,,0.0,,,,,False
MOUNT OLIVENT CRESENT,1,0,0.0,0,0.0,,0,,,,,0.0,,,,,False
MOUNT OLIVET CRES,0,0,0.0,0,0.0,,0,2588.018852128232,1.25,25.0,0.0,0.0,8.0,,,,False
MOUNT OLIVET CRESCENT,25,5,0.0,0,0.0,0.0,0,,,,,0.0,,,,,False
MOUNTAIN VIEW AVE,1,0,0.0,0,0.0,,0,4984.648730171066,1.75,25.0,0.0,0.0,8.0,,,,False
MOUNTAINVIEW AVE,10,1,0.0,1,0.0,0.0,0,,,,,0.0,,,,,False
MRYTLE AVE,1,0,0.0,1,0.0,,0,,,,,0.0,,,,,False
MSGR HALPIN PL,1,0,0.0,1,0.0,,0,,,,,0.0,,,,,False
MT EDEN PKWY,1,0,0.0,0,0.0,,0,,,,,0.0,,,,,False
MT. OLIVER CRESCENT,1,0,0.0,0,0.0,,0,,,,,0.0,,,,,False
MUHLEBACH COURT,1,1,0.0,0,0.0,0.0,0,,,,,0.0,,,,,False
MULBERRY CIRCLE,1,0,0.0,0,0.0,,0,,,,,0.0,,,,,False
MULVEY AVE,0,0,0.0,0,0.0,,0,549.4840632856982,2.0,25.0,0.0,0.0,1.0,,,,False
MUNDY LANE,7,6,0.0,1,0.0,0.0,0,,,,,0.0,,,,,False
MUNDY LN,0,0,0.0,3,0.0,,0,2442.4645379137005,1.9,25.0,0.0,0.0,10.0,,,,False
MURDOCK COURT,3,1,0.0,0,0.0,0.0,0,,,,,0.0,,,,,False
MURDOCK RD,1,2,0.0,0,0.0,0.0,0,,,,,0.0,,,,,False
MURIAL COURT,3,1,0.0,0,0.0,0.0,0,,,,,0.0,,,,,False
MURRAY AVE,1,0,0.0,3,0.0,,0,2106.4966674857305,1.2,25.0,0.0,0.0,5.0,,,,False
MURRAY HULBERT AVE,1,0,0.0,1,0.0,,0,5188.519928511963,1.7647058823529411,25.0,0.0,0.0,17.0,,,,False
MURRAY LANE,4,0,0.0,0,0.0,,0,,,,,0.0,,,,,False
MURRAY LN,0,0,0.0,0,0.0,,0,3210.790044352848,1.8888888888888888,25.0,0.0,0.0,9.0,,,,False
MYRTLE AVE OVER J ROBINSON PK,0,0,0.0,2,0.0,,0,,,,,0.0,,,,,False
N 4TH ST,1,0,0.0,0,0.0,,0,,,,,0.0,,,,,False
N 5TH ST,1,1,0.0,0,0.0,0.0,0,,,,,0.0,,,,,False
N 6 PL,1,0,0.0,0,0.0,,0,274.1927627270936,2.0,25.0,0.0,0.0,1.0,,,,False
N 6TH ST,1,2,0.0,0,0.0,0.0,0,,,,,0.0,,,,,False
N 9TH ST,1,0,0.0,0,0.0,,0,,,,,0.0,,,,,False
N BOUNDARY RD,4,0,0.0,2,0.0,,0,15915.392402167447,2.026315789473684,25.0,1.0,0.75,38.0,,,,False
N CHANNEL BRIDGE,10,6,0.0,3,0.0,0.0,0,,,,,0.0,,,,,False
N CONDUIT,1,1,0.0,0,0.0,0.0,0,,,,,0.0,,,,,False
N CONDUIT AVE CONNECTOR,0,0,0.0,0,0.0,,0,292.44521872166234,1.0,30.0,1.0,0.75,3.0,,,,False
N CONDUIT BLVD,0,0,0.0,0,0.0,,0,,,,,0.0,,,,,False
N ELLIOT WALK,0,0,0.0,0,0.0,,0,,,,,0.0,,,,,False
N END WAY,0,0,0.0,0,0.0,,0,438.27705604636446,2.0,25.0,1.0,0.75,1.0,,,,False
N HANGAR RD,1,0,0.0,6,0.0,,0,2460.0154745250134,3.0,25.0,0.0,0.0,10.0,,,,False
N HANGER RD,1,0,0.0,0,0.0,,0,,,,,0.0,,,,,False
N MADA AVE,0,0,0.0,0,0.0,,0,1562.2966400692906,1.0,25.0,0.0,0.0,3.0,,,,False
N SAINT AUSTINS PL,2,0,0.0,0,0.0,,0,,,,,0.0,,,,,False
N SEVENTH ST,1,0,0.0,0,0.0,,0,,,,,0.0,,,,,False
N ST AUSTINS PL,0,0,0.0,1,0.0,,0,641.6685143867877,2.0,25.0,0.0,0.0,2.0,,,,False
N. CONDUIT AVE,2,1,0.0,0,0.0,0.0,0,,,,,0.0,,,,,False
N/B BROOKLYN BRIDGE,1,0,0.0,0,0.0,,0,,,,,0.0,,,,,False
NANCY LANE,2,0,0.0,0,0.0,,0,,,,,0.0,,,,,False
NAPLES TERRACE,5,1,0.0,0,0.0,0.0,0,,,,,0.0,,,,,False
NARAGANSET AVE,4,0,0.0,0,0.0,,0,,,,,0.0,,,,,False
NARRAGANSETT AVE,0,0,0.0,0,0.0,,0,2087.69705937718,1.125,25.0,0.0,0.0,8.0,,,,False
NARROWS BRIDGE,1,0,0.0,0,0.0,,0,,,,,0.0,,,,,False
NARROWS RD,0,0,0.0,2,0.0,,0,,,,,0.0,,,,,False
NARROWS RD N,0,0,0.0,15,0.0,,0,11853.876563827584,2.3255813953488373,31.046511627906977,1.0,0.75,43.0,,,,False
NARROWS RD NORTH,169,91,0.0,20,0.0,0.0,0,,,,,0.0,,,,,False
NARROWS RD S,0,0,0.0,8,0.0,,0,8497.781606569235,2.32,32.2,0.0,0.0,25.0,,,,False
NARROWS RD SOUTH,107,65,0.0,6,0.0,0.0,0,,,,,0.0,,,,,False
NASH COURT,2,0,0.0,0,0.0,,0,,,,,0.0,,,,,False
NATALIE COURT,1,0,0.0,0,0.0,,0,,,,,0.0,,,,,False
NATHAN D PEARLMAN,0,0,0.0,0,0.0,,0,,,,,0.0,,,,,False
NATHAN D PERLMAN PL,2,0,0.0,0,0.0,,0,507.69005547125437,1.0,25.0,0.0,0.0,2.0,,,,False
NATHERLAND AVE,1,0,0.0,0,0.0,,0,,,,,0.0,,,,,False
NAUTICAL WAY,0,0,0.0,1,0.0,,0,241.0999746640319,2.0,25.0,0.0,0.0,2.0,,,,False
NAVY PIER COURT,10,2,0.0,0,0.0,0.0,0,,,,,0.0,,,,,False
NAVY PIER CT,0,0,0.0,1,0.0,,0,661.8082618083428,2.0,25.0,0.0,0.0,8.0,,,,False
NEDRA LN,0,0,0.0,0,0.0,,0,869.2390667687681,2.0,25.0,0.0,0.0,1.0,,,,False
NEPTON ST,0,0,0.0,0,0.0,,0,245.93712076996786,2.0,25.0,0.0,0.0,1.0,,,,False
NEPTUNE AVEUNE,1,1,0.0,0,0.0,0.0,0,,,,,0.0,,,,,False
NEPTUNE CT,0,0,0.0,0,0.0,,0,296.4059166002858,2.0,25.0,0.0,0.0,2.0,,,,False
NEPTUNE LANE,5,0,0.0,0,0.0,,0,,,,,0.0,,,,,False
NEPTUNE ST,0,0,0.0,1,0.0,,0,688.2373406066268,1.0,25.0,0.0,0.0,1.0,,,,False
NEUTRAL AVE,0,0,0.0,1,0.0,,0,823.7957181143734,1.0,25.0,0.0,0.0,2.0,,,,False
NEW DORP LANE,144,58,0.0,6,0.0,0.0,0,,,,,0.0,,,,,False
NEW DORP LN,0,0,0.0,23,0.0,,0,8137.488052880039,2.1538461538461537,25.0,1.0,0.75,26.0,,,,False
NEW DORP PLAZA,13,7,0.0,3,0.0,0.0,0,,,,,0.0,,,,,False
NEW DORP PLAZA NORTH,5,1,0.0,0,0.0,0.0,0,,,,,0.0,,,,,False
NEW DORP PLAZA SOUTH,4,2,0.0,1,0.0,0.0,0,,,,,0.0,,,,,False
NEW DORP PLZ,0,0,0.0,4,0.0,,0,3282.7744758056424,1.125,25.0,0.0,0.0,8.0,,,,False
NEW ENGLAND THRWY,0,0,0.0,3,0.0,,0,7580.652244791899,1.0,25.0,1.0,0.75,23.0,,,,False
NEW ENGLAND TRWY,0,0,0.0,20,0.0,,0,36857.520728874006,2.878787878787879,46.59090909090909,1.0,0.75,66.0,,,,False
NEW LANE,5,1,0.0,0,0.0,0.0,0,,,,,0.0,,,,,False
NEW LN,0,0,0.0,1,0.0,,0,1063.2927455553904,2.0,25.0,0.0,0.0,5.0,,,,False
NEW LOTS,1,1,0.0,0,0.0,0.0,0,,,,,0.0,,,,,False
NEW MONTROSE AVE,2,0,0.0,1,0.0,,0,958.9368717645963,1.5,25.0,0.0,0.0,2.0,,,,False
NEW UTHRECT,1,1,0.0,0,0.0,0.0,0,,,,,0.0,,,,,False
NEW UTRECHT,1,0,0.0,0,0.0,,0,,,,,0.0,,,,,False
NEW YORK PATH,0,0,0.0,1,0.0,,0,2128.4052727267026,1.2222222222222223,25.0,1.0,0.75,9.0,,,,False
NEW YORK PLAZA,4,1,0.0,0,0.0,0.0,0,,,,,0.0,,,,,False
NEW YORK TIMES PLAZA,1,0,0.0,0,0.0,,0,,,,,0.0,,,,,False
NEWELL ST,4,0,0.0,1,0.0,,0,,,,,0.0,,,,,False
NEWPORT WALK,0,0,0.0,0,0.0,,0,892.9812662134052,1.0,25.0,0.0,0.0,2.0,,,,False
NICK LAPORTE PL,1,1,0.0,0,0.0,0.0,0,265.5770744413094,1.0,25.0,0.0,0.0,2.0,,,,False
NINTH AVE,1,1,0.0,0,0.0,0.0,0,,,,,0.0,,,,,False
NIXON COURT,4,0,0.0,0,0.0,,0,,,,,0.0,,,,,False
NORTER BLVD,1,0,0.0,0,0.0,,0,,,,,0.0,,,,,False
NORTHEN BLVD,1,5,0.0,0,0.0,0.0,0,,,,,0.0,,,,,False
NORTHERAN BLVD,1,2,0.0,0,0.0,0.0,0,,,,,0.0,,,,,False
NORTHFIELD COURT,2,0,0.0,0,0.0,,0,,,,,0.0,,,,,False
NORTHFIELD CT,0,0,0.0,0,0.0,,0,386.40234616212945,2.0,25.0,0.0,0.0,1.0,,,,False
NORTHPORT LANE,1,1,0.0,0,0.0,0.0,0,,,,,0.0,,,,,False
NORTHSIDE PIER,2,0,0.0,0,0.0,,0,,,,,0.0,,,,,False
NORWICH ST,0,0,0.0,0,0.0,,0,554.4582557593418,2.0,25.0,0.0,0.0,1.0,,,,False
NORWOOD COURT,0,0,0.0,0,0.0,,0,,,,,0.0,,,,,False
NOSTRAND,1,0,0.0,0,0.0,,0,,,,,0.0,,,,,False
NOTHERN BLVD,1,0,0.0,0,0.0,,0,,,,,0.0,,,,,False
NOTTH 3 ST,1,1,0.0,0,0.0,0.0,0,,,,,0.0,,,,,False
NUNLEY COURT,1,0,0.0,0,0.0,,0,,,,,0.0,,,,,False
NUTLY PL,0,0,0.0,0,0.0,,0,406.8210475321665,2.0,25.0,0.0,0.0,1.0,,,,False
NY 9A HENRY HUDSON BRIDGE,0,0,0.0,0,0.0,,0,,,,,0.0,,,,,False
O BRIEN PL,1,1,0.0,0,0.0,0.0,0,,,,,0.0,,,,,False
O'BRIEN AVE,0,0,0.0,2,0.0,,0,2231.5844791496434,1.9166666666666667,25.0,0.0,0.0,12.0,,,,False
O'BRIEN PL,2,1,0.0,0,0.0,0.0,0,785.2575376287923,1.0,25.0,0.0,0.0,3.0,,,,False
O'CONNOR AVE,0,0,0.0,0,0.0,,0,800.1821222290116,2.0,25.0,0.0,0.0,2.0,,,,False
O'GORMAN AVE,0,0,0.0,2,0.0,,0,4463.730176216747,1.8,25.0,1.0,0.75,15.0,,,,False
OAK DR,0,0,0.0,1,0.0,,0,1275.3746431108318,2.0,25.0,0.0,0.0,3.0,,,,False
OAK LANE,2,0,0.0,0,0.0,,0,,,,,0.0,,,,,False
OAK TER,0,0,0.0,0,0.0,,0,293.14743785174625,2.0,25.0,0.0,0.0,1.0,,,,False
OAK TERRACE,4,2,0.0,0,0.0,0.0,0,,,,,0.0,,,,,False
OAKLAND TERRACE,3,0,0.0,0,0.0,,0,,,,,0.0,,,,,False
OBRIEN AVE,4,2,0.0,0,0.0,0.0,0,,,,,0.0,,,,,False
OBRIEN PL,1,0,0.0,0,0.0,,0,,,,,0.0,,,,,False
OCEAN AVE N,1,0,0.0,0,0.0,,0,1210.6924835959098,2.0,25.0,0.0,0.0,5.0,,,,False
OCEAN AVENUNE,1,0,0.0,0,0.0,,0,,,,,0.0,,,,,False
OCEAN COURT,1,1,0.0,0,0.0,0.0,0,,,,,0.0,,,,,False
OCEAN DR,1,0,0.0,0,0.0,,0,,,,,0.0,,,,,False
OCEAN LANE,1,0,0.0,0,0.0,,0,,,,,0.0,,,,,False
OCEAN PKWY SERVICE RD,0,0,0.0,1,0.0,,0,,,,,0.0,,,,,False
OCEAN PROM,0,0,0.0,1,0.0,,0,10242.641108331722,2.0,25.0,1.0,0.75,39.0,,,,False
OCEAN PROMENADE,7,3,0.0,0,0.0,0.0,0,,,,,0.0,,,,,False
OCEAN RD,0,0,0.0,1,0.0,,0,800.9728877535892,1.6666666666666667,25.0,0.0,0.0,3.0,,,,False
OCEAN TER,0,0,0.0,6,0.0,,0,8520.559424260964,2.076923076923077,25.0,0.0,0.0,39.0,,,,False
OCEAN TERRACE,40,19,0.0,0,0.0,0.0,0,,,,,0.0,,,,,False
OCEAN VIEW AVE,0,0,0.0,12,0.0,,0,5447.839246042377,1.6153846153846154,25.0,0.0,0.0,26.0,,,,False
OCEANA DR,1,0,0.0,0,0.0,,0,,,,,0.0,,,,,False
OCEANA DR E,0,0,0.0,1,0.0,,0,1354.1534036677235,1.0,25.0,0.0,0.0,6.0,,,,False
OCEANA DR EAST,5,0,0.0,0,0.0,,0,,,,,0.0,,,,,False
OCEANA DR W,1,0,0.0,0,0.0,,0,1337.4999993804122,1.0,25.0,0.0,0.0,7.0,,,,False
OCEANA DR WEST,2,0,0.0,0,0.0,,0,,,,,0.0,,,,,False
OCEANA TER,0,0,0.0,0,0.0,,0,335.4258316477912,2.0,25.0,0.0,0.0,1.0,,,,False
OCEANA TERRACE,5,1,0.0,0,0.0,0.0,0,,,,,0.0,,,,,False
OCHARD BEACH RD,3,1,0.0,0,0.0,0.0,0,,,,,0.0,,,,,False
OCONNELL COURT,1,0,0.0,0,0.0,,0,,,,,0.0,,,,,False
OGORMAN AVE,3,1,0.0,0,0.0,0.0,0,,,,,0.0,,,,,False
OLD FARMERS LANE,2,1,0.0,0,0.0,0.0,0,,,,,0.0,,,,,False
OLD FULTON,4,1,0.0,0,0.0,0.0,0,,,,,0.0,,,,,False
OLD FULTON ST,40,8,0.0,9,0.0,0.0,0,2627.5703453477117,1.8181818181818181,25.0,1.0,0.75,22.0,,,,False
OLD PUTNAM TRL,0,0,0.0,2,0.0,,0,8957.3153500321,2.0,25.0,1.0,0.75,21.0,,,,False
OLMSTEAD DR,3,0,0.0,0,0.0,,0,,,,,0.0,,,,,False
OLMSTED DR,2,0,0.0,0,0.0,,0,523.8452066551846,2.0,25.0,0.0,0.0,2.0,,,,False
OLMSTED WAY,3,2,0.0,3,0.0,0.0,0,,,,,0.0,,,,,False
OLYMPIA ANENUE,1,0,0.0,0,0.0,,0,,,,,0.0,,,,,False
ONEIL PL,3,0,0.0,0,0.0,,0,,,,,0.0,,,,,False
OPENVIEW LANE,1,0,0.0,0,0.0,,0,,,,,0.0,,,,,False
ORCHARD AVE,0,0,0.0,0,0.0,,0,222.72267351293615,2.0,25.0,0.0,0.0,1.0,,,,False
ORCHARD BCH,0,0,0.0,7,0.0,,0,,,,,0.0,,,,,False
ORCHARD BEACH,2,1,0.0,0,0.0,0.0,0,,,,,0.0,,,,,False
ORCHARD BEACH BDWK,0,0,0.0,0,0.0,,0,,,,,0.0,,,,,False
ORCHARD BEACH CIRCLE,0,0,0.0,0,0.0,,0,,,,,0.0,,,,,False
ORDELL AVE,1,1,0.0,0,0.0,0.0,0,712.2363064451011,2.0,25.0,0.0,0.0,1.0,,,,False
OREGON RD,0,0,0.0,0,0.0,,0,468.75731581642026,1.5,25.0,0.0,0.0,2.0,,,,False
OSTEGO ST,3,1,0.0,0,0.0,0.0,0,,,,,0.0,,,,,False
OSWALD PL,0,0,0.0,0,0.0,,0,1077.2309586453143,2.0,25.0,0.0,0.0,2.0,,,,False
OUTERBRIDGE CROSSING,2,2,0.0,0,0.0,0.0,0,,,,,0.0,,,,,False
OUTERBRIDGE XING,0,0,0.0,0,0.0,,0,7875.949746494132,2.3,27.5,1.0,0.75,10.0,,,,False
OVERLOOK TER,0,0,0.0,1,0.0,,0,2241.2845530017776,2.0,20.625,0.0,0.0,8.0,,,,False
OVERLOOK TERRACE,22,4,0.0,1,0.0,0.0,0,,,,,0.0,,,,,False
OVINGTON CT,0,0,0.0,0,0.0,,0,368.5661033162004,2.0,25.0,0.0,0.0,1.0,,,,False
OWLS HEAD COURT,1,0,0.0,1,0.0,,0,,,,,0.0,,,,,False
OWLS HEAD CT,0,0,0.0,0,0.0,,0,346.8883341713073,1.0,25.0,0.0,0.0,1.0,,,,False
PAERDEGAT AVE N,0,0,0.0,9,0.0,,0,4823.999333120378,1.125,25.0,0.0,0.0,16.0,,,,False
PAERDEGAT AVE NORTH,33,12,0.0,3,0.0,0.0,0,,,,,0.0,,,,,False
PAERDEGAT AVE S,0,0,0.0,1,0.0,,0,655.8114782602263,2.0,25.0,0.0,0.0,4.0,,,,False
PAERDEGAT AVE SOUTH,2,0,0.0,0,0.0,,0,,,,,0.0,,,,,False
PAERDEGATE AVE NORTH,0,0,0.0,1,0.0,,0,,,,,0.0,,,,,False
PALO ALTO AVE,0,0,0.0,0,0.0,,0,1147.5648815808609,1.8333333333333333,25.0,0.0,0.0,6.0,,,,False
PAN AM RD,0,0,0.0,0,0.0,,0,3920.6640987653577,2.1666666666666665,25.0,0.0,0.0,6.0,,,,False
PARK AVE OVERPASS,1,0,0.0,0,0.0,,0,,,,,0.0,,,,,False
PARK AVE S,1,0,0.0,22,0.0,,0,7697.109897226954,2.0,25.0,0.0,0.0,30.0,,,,False
PARK AVE SOUTH,219,86,0.0,10,0.0,0.0,0,,,,,0.0,,,,,False
PARK AVE VIA,0,0,0.0,0,0.0,,0,,,,,0.0,,,,,False
PARK AVEUNE,1,0,0.0,0,0.0,,0,,,,,0.0,,,,,False
PARK CIR,0,0,0.0,2,0.0,,0,1303.7825537789402,3.3823529411764706,25.0,0.0,0.0,34.0,,,,False
PARK CIRCLE,101,17,0.0,3,0.0,0.0,0,,,,,0.0,,,,,False
PARK DR E,1,1,0.0,3,0.0,0.0,0,5622.708524817935,1.5555555555555556,25.0,0.0,0.0,9.0,,,,False
PARK DR EAST,64,30,0.0,4,0.0,0.0,0,,,,,0.0,,,,,False
PARK DR N,0,0,0.0,0,0.0,,0,2077.674128530495,2.0,25.0,0.0,0.0,3.0,,,,False
PARK DR NORTH,3,2,0.0,0,0.0,0.0,0,,,,,0.0,,,,,False
PARK END TERRACE,1,1,0.0,0,0.0,0.0,0,,,,,0.0,,,,,False
PARK HILL CIRCLE,4,0,0.0,0,0.0,,0,,,,,0.0,,,,,False
PARK HILL COURT,3,2,0.0,0,0.0,0.0,0,,,,,0.0,,,,,False
PARK HILL CT,0,0,0.0,0,0.0,,0,892.0361783501139,2.0,25.0,0.0,0.0,4.0,,,,False
PARK HILL LANE,8,1,0.0,0,0.0,0.0,0,,,,,0.0,,,,,False
PARK HILL LN,1,0,0.0,1,0.0,,0,965.2897996594245,2.0,25.0,0.0,0.0,4.0,,,,False
PARK LAN SOUTH,1,2,0.0,0,0.0,0.0,0,,,,,0.0,,,,,False
PARK LANE,23,11,0.0,1,0.0,0.0,0,,,,,0.0,,,,,False
PARK LANE SOUTH,198,88,0.0,16,0.0,0.0,0,,,,,0.0,,,,,False
PARK LN,0,0,0.0,4,0.0,,0,4552.8652188134165,1.7142857142857142,25.0,0.0,0.0,14.0,,,,False
PARK LN S,0,0,0.0,20,0.0,,0,12238.4658856645,2.0,25.0,1.0,0.75,39.0,,,,False
PARK TER W,0,0,0.0,0,0.0,,0,1676.358623355193,1.0,20.0,0.0,0.0,8.0,,,,False
PARK TERRACE,1,0,0.0,0,0.0,,0,,,,,0.0,,,,,False
PARK TERRACE EAST,10,3,0.0,0,0.0,0.0,0,,,,,0.0,,,,,False
PARK TERRACE WEST,13,1,0.0,0,0.0,0.0,0,,,,,0.0,,,,,False
PARKSIDE COURT,3,0,0.0,0,0.0,,0,,,,,0.0,,,,,False
PARKSIDE CT,0,0,0.0,1,0.0,,0,302.41423603585116,1.0,25.0,0.0,0.0,1.0,,,,False
PARKVIEW TERRACE,5,0,0.0,0,0.0,,0,,,,,0.0,,,,,False
PARSON BLVD,1,1,0.0,0,0.0,0.0,0,,,,,0.0,,,,,False
PARSONS BLOUVARD,1,1,0.0,0,0.0,0.0,0,,,,,0.0,,,,,False
PATH OF AFRICA,1,1,0.0,0,0.0,0.0,0,1990.7392570548782,1.0,25.0,1.0,0.75,6.0,,,,False
PATH OF DISCOVERY,0,0,0.0,0,0.0,,0,836.853230987988,1.0,25.0,1.0,0.75,3.0,,,,False
PATH OF PROGRESS,1,1,0.0,2,0.0,0.0,0,4176.597142632467,1.0,25.0,1.0,0.75,6.0,,,,False
PATH OF RESEARCH,0,0,0.0,1,0.0,,0,991.7808320207577,1.0,25.0,1.0,0.75,4.0,,,,False
PATRACCA PL,1,0,0.0,0,0.0,,0,,,,,0.0,,,,,False
PATTEN ST,0,0,0.0,0,0.0,,0,407.34065922594056,2.0,25.0,0.0,0.0,1.0,,,,False
PAULING AVE,0,0,0.0,0,0.0,,0,,,,,0.0,,,,,False
PECK COURT,1,0,0.0,0,0.0,,0,,,,,0.0,,,,,False
PEDESTRIAN OPAS,0,0,0.0,1,0.0,,0,5868.123361453791,1.8888888888888888,25.0,1.0,0.75,54.0,,,,False
PEDESTRIAN PATH,0,0,0.0,1,0.0,,0,140996.07057549857,1.8644536652835408,25.0,1.0,0.75,723.0,,,,False
PELHAM BAY PARK,1,0,0.0,0,0.0,,0,,,,,0.0,,,,,False
PELHAM BAY PARK W,0,0,0.0,0,0.0,,0,926.130241458148,2.0,25.0,0.0,0.0,4.0,,,,False
PELHAM BAY PARK WEST,2,2,0.0,0,0.0,0.0,0,,,,,0.0,,,,,False
PELHAM BRIDGE RD,7,3,0.0,3,0.0,0.0,0,,,,,0.0,,,,,False
PELHAM PKWY AND SHORE RD,1,0,0.0,0,0.0,,0,,,,,0.0,,,,,False
PELHAM PKWY N,0,0,0.0,30,0.0,,0,9633.780797386766,1.1290322580645162,25.0,0.0,0.0,31.0,,,,False
PELHAM PKWY NORTH,240,152,0.0,13,0.0,0.0,0,,,,,0.0,,,,,False
PELHAM PKWY S,0,0,0.0,31,0.0,,0,9550.641348149673,1.3235294117647058,25.0,0.0,0.0,34.0,,,,False
PELHAM PKWY SOUTH,392,147,0.0,36,0.0,0.0,0,,,,,0.0,,,,,False
PELHAMPARKWAY,0,0,0.0,0,0.0,,0,,,,,0.0,,,,,False
PELICAN CIRCLE,3,0,0.0,0,0.0,,0,,,,,0.0,,,,,False
PENELE AVE,1,0,0.0,0,0.0,,0,,,,,0.0,,,,,False
PENN PLZ,0,0,0.0,3,0.0,,0,,,,,0.0,,,,,False
PENNSLYVANIA,1,3,0.0,0,0.0,0.0,0,,,,,0.0,,,,,False
PENNSYLVANIA,2,2,0.0,0,0.0,0.0,0,,,,,0.0,,,,,False
PENNSYLVANIA PLAZA,51,11,0.0,1,0.0,0.0,0,,,,,0.0,,,,,False
PENNSYLVINA AVE,0,0,0.0,0,0.0,,0,,,,,0.0,,,,,False
PERI LANE,1,0,0.0,0,0.0,,0,,,,,0.0,,,,,False
PERIMETER RD,13,5,0.0,0,0.0,0.0,0,,,,,0.0,,,,,False
PERONA LANE,1,0,0.0,0,0.0,,0,,,,,0.0,,,,,False
PERRY TER,0,0,0.0,0,0.0,,0,413.69630575964743,1.0,25.0,0.0,0.0,1.0,,,,False
PERRY TERRACE,0,0,0.0,0,0.0,,0,,,,,0.0,,,,,False
PERSHING CRES,0,0,0.0,0,0.0,,0,1857.7421024256485,1.0,25.0,0.0,0.0,3.0,,,,False
PERSHING CRESCENT,14,7,0.0,0,0.0,0.0,0,,,,,0.0,,,,,False
PETER COOPER RD,1,1,0.0,0,0.0,0.0,0,1566.8369792536278,1.1666666666666667,25.0,0.0,0.0,6.0,,,,False
PETER MINUIT PL,0,0,0.0,1,0.0,,0,677.6004139970804,1.4666666666666666,25.0,0.0,0.0,15.0,,,,False
PETER MINUIT PLAZA,1,0,0.0,0,0.0,,0,,,,,0.0,,,,,False
PETERCA PL,7,0,0.0,0,0.0,,0,,,,,0.0,,,,,False
PETRACCA PL,2,0,0.0,0,0.0,,0,746.2377063967466,2.0,25.0,0.0,0.0,1.0,,,,False
PIER,1,0,0.0,0,0.0,,0,,,,,0.0,,,,,False
PIERPONT PL,0,0,0.0,0,0.0,,0,1636.9643704194282,1.5,25.0,0.0,0.0,4.0,,,,False
PIERREPONT PLAZA,1,1,0.0,0,0.0,0.0,0,,,,,0.0,,,,,False
PILOT LANE,0,0,0.0,0,0.0,,0,,,,,0.0,,,,,False
PINE TER,0,0,0.0,1,0.0,,0,787.8913572625354,2.0,25.0,0.0,0.0,1.0,,,,False
PINE TERRACE,1,0,0.0,0,0.0,,0,,,,,0.0,,,,,False
PINEVILLE LANE,15,5,0.0,1,0.0,0.0,0,,,,,0.0,,,,,False
PITKIN,1,0,0.0,0,0.0,,0,,,,,0.0,,,,,False
PITKIN AVE AND HOWARD AVE,0,0,0.0,1,0.0,,0,,,,,0.0,,,,,False
PITKIN AVENU,1,1,0.0,0,0.0,0.0,0,,,,,0.0,,,,,False
PITKIN ST,1,0,0.0,0,0.0,,0,,,,,0.0,,,,,False
PKWY COURT,2,2,0.0,0,0.0,0.0,0,,,,,0.0,,,,,False
PLAZA DR,16,3,0.0,2,0.0,0.0,0,880.4012402917182,1.0,25.0,0.0,0.0,2.0,,,,False
PLAZA LAFAYETTE,1,0,0.0,0,0.0,,0,,,,,0.0,,,,,False
PLAZA ST E,0,0,0.0,7,0.0,,0,1655.6186389618977,1.5,22.083333333333332,0.0,0.0,12.0,,,,False
PLAZA ST EAST,20,13,0.0,1,0.0,0.0,0,,,,,0.0,,,,,False
PLAZA ST W,0,0,0.0,1,0.0,,0,1507.4046541185187,1.7272727272727273,25.0,0.0,0.0,11.0,,,,False
PLAZA ST WEST,14,7,0.0,4,0.0,0.0,0,,,,,0.0,,,,,False
PLYMOUTH RD,0,0,0.0,0,0.0,,0,782.0731614488571,2.0,25.0,0.0,0.0,1.0,,,,False
POETS CIRCLE,1,0,0.0,0,0.0,,0,,,,,0.0,,,,,False
POINT BREEZE AVE,0,0,0.0,0,0.0,,0,841.3167537580756,1.5,25.0,0.0,0.0,2.0,,,,False
POINT BREEZE PL,5,0,0.0,0,0.0,,0,,,,,0.0,,,,,False
POINT CRES,0,0,0.0,0,0.0,,0,1271.0003751446325,2.0,25.0,0.0,0.0,2.0,,,,False
POINT CRESCENT,3,0,0.0,0,0.0,,0,,,,,0.0,,,,,False
POLHEMAS AVE,11,3,0.0,0,0.0,0.0,0,,,,,0.0,,,,,False
POLHEMUS AVE,2,0,0.0,0,0.0,,0,717.5520260985039,2.0,25.0,0.0,0.0,3.0,,,,False
POLICE OFFICER RICHARD LOPEZ WAY,0,0,0.0,9,0.0,,0,,,,,0.0,,,,,False
POLICE PLAZA,27,1,0.0,0,0.0,0.0,0,,,,,0.0,,,,,False
POLICE PLZ,0,0,0.0,1,0.0,,0,,,,,0.0,,,,,False
POLY PREP DR,0,0,0.0,0,0.0,,0,2397.6248194275704,1.0,25.0,0.0,0.0,11.0,,,,False
POMPEII RD,0,0,0.0,0,0.0,,0,194.67563285208922,2.0,25.0,0.0,0.0,1.0,,,,False
POPLAR LANE,1,0,0.0,0,0.0,,0,,,,,0.0,,,,,False
POPLAR LN,0,0,0.0,0,0.0,,0,310.939034261456,2.0,25.0,0.0,0.0,1.0,,,,False
PORT LANE,2,0,0.0,0,0.0,,0,,,,,0.0,,,,,False
POST LANE,1,0,0.0,0,0.0,,0,,,,,0.0,,,,,False
POTTER AVE,0,0,0.0,0,0.0,,0,2528.730473030737,2.0,25.0,0.0,0.0,5.0,,,,False
POUCH TERRACE,1,0,0.0,0,0.0,,0,,,,,0.0,,,,,False
POWELL BLVD,3,2,0.0,0,0.0,0.0,0,,,,,0.0,,,,,False
PRALL AVE,0,0,0.0,2,0.0,,0,2180.6027313915274,1.25,25.0,0.0,0.0,4.0,,,,False
PRATT ST,1,0,0.0,0,0.0,,0,,,,,0.0,,,,,False
PRESENTATION CIRCLE,2,0,0.0,0,0.0,,0,,,,,0.0,,,,,False
PRESTON COURT,20,6,0.0,1,0.0,0.0,0,,,,,0.0,,,,,False
PRESTON CT,1,0,0.0,6,0.0,,0,3030.937365553152,2.0,25.0,0.0,0.0,3.0,,,,False
PROSPECK PKWY,1,0,0.0,0,0.0,,0,,,,,0.0,,,,,False
PROSPECT COURT,2,0,0.0,0,0.0,,0,,,,,0.0,,,,,False
PROSPECT CT,0,0,0.0,0,0.0,,0,872.7741305433522,2.0,25.0,0.0,0.0,3.0,,,,False
PROSPECT EXPY EAST,326,243,0.0,91,0.0,0.0,0,,,,,0.0,,,,,False
PROSPECT PARK SOUTH WEST,1,0,0.0,0,0.0,,0,,,,,0.0,,,,,False
PROSPECT PARK SOUTHWEST,78,40,0.0,9,0.0,0.0,0,,,,,0.0,,,,,False
PROSPECT PARK SW,0,0,0.0,8,0.0,,0,4489.387475996695,2.0,25.0,0.0,0.0,15.0,,,,False
PROSPECT PARK W,0,0,0.0,22,0.0,,0,7402.6825623228515,2.1621621621621623,25.0,0.0,0.0,37.0,,,,False
PROSPECT PARK WEST,208,83,0.0,13,0.0,0.0,0,,,,,0.0,,,,,False
PULASKI BRG,0,0,0.0,6,0.0,,0,6149.830186928156,2.6363636363636362,30.0,1.0,0.75,44.0,,,,False
PULASKI BRIDGE,30,13,0.0,1,0.0,0.0,0,,,,,0.0,,,,,False
PURDUE COURT,1,0,0.0,0,0.0,,0,,,,,0.0,,,,,False
PURROY PL,0,0,0.0,0,0.0,,0,270.2417060040388,2.0,25.0,0.0,0.0,1.0,,,,False
PUTNAM AVE AND VAN CORTLAND PARK SOUTH,0,0,0.0,1,0.0,,0,,,,,0.0,,,,,False
PUTNAM AVE W,0,0,0.0,1,0.0,,0,1309.2605092802096,1.3333333333333333,25.0,0.0,0.0,3.0,,,,False
PUTNAM AVE WEST,17,1,0.0,1,0.0,0.0,0,,,,,0.0,,,,,False
QINTARD ST,0,0,0.0,0,0.0,,0,,,,,0.0,,,,,False
QUAIL LANE,2,0,0.0,0,0.0,,0,,,,,0.0,,,,,False
QUAIL LN,0,0,0.0,0,0.0,,0,484.5283600867941,1.0,25.0,0.0,0.0,2.0,,,,False
QUEENS BORO BRIDGE,0,0,0.0,0,0.0,,0,,,,,0.0,,,,,False
QUEENS BOROUGH BRIDGE,1,1,0.0,0,0.0,0.0,0,,,,,0.0,,,,,False
QUEENS MIDTOWN EXP,1,0,0.0,0,0.0,,0,,,,,0.0,,,,,False
QUEENS MIDTOWN EXPRESS,1,0,0.0,0,0.0,,0,,,,,0.0,,,,,False
QUEENS MIDTOWN EXPRESS WAY,1,0,0.0,0,0.0,,0,,,,,0.0,,,,,False
QUEENS MIDTOWN EXPRESWAY,1,1,0.0,0,0.0,0.0,0,,,,,0.0,,,,,False
QUEENS MIDTOWN EXPY FONTAG,1,1,0.0,0,0.0,0.0,0,,,,,0.0,,,,,False
QUEENS MIDTOWN EXPY SERVIC,1,1,0.0,0,0.0,0.0,0,,,,,0.0,,,,,False
QUEENS MIDTOWN EXPY SERVICE RD,1,1,0.0,0,0.0,0.0,0,,,,,0.0,,,,,False
QUEENS MIDTOWN EXRESSWAY,1,0,0.0,0,0.0,,0,,,,,0.0,,,,,False
QUEENS MIDTOWN S SERVICE RD,0,0,0.0,1,0.0,,0,,,,,0.0,,,,,False
QUEENS MIDTOWN TUNL,0,0,0.0,0,0.0,,0,19082.444874487017,2.1527777777777777,33.75,1.0,0.75,72.0,,,,False
QUEENS MIDTOWN TUNNEL,431,117,0.0,41,0.0,0.0,0,,,,,0.0,,,,,False
QUEENS PLAZA,12,2,0.0,3,0.0,0.0,0,,,,,0.0,,,,,False
QUEENS PLAZA NORTH,110,37,0.0,7,0.0,0.0,0,,,,,0.0,,,,,False
QUEENS PLAZA S,1,0,0.0,0,0.0,,0,,,,,0.0,,,,,False
QUEENS PLAZA SOUTH,196,68,0.0,11,0.0,0.0,0,,,,,0.0,,,,,False
QUEENS PLZ E,0,0,0.0,5,0.0,,0,449.40062949440204,5.5,25.0,0.0,0.0,2.0,,,,False
QUEENS PLZ N,0,0,0.0,11,0.0,,0,3871.0044876778757,1.0,25.0,1.0,0.75,11.0,,,,False
QUEENS PLZ S,0,0,0.0,6,0.0,,0,5394.647029396114,1.6363636363636365,25.0,0.0,0.0,33.0,,,,False
QUEENSBORO BRIDGE APPROACH,1,0,0.0,0,0.0,,0,,,,,0.0,,,,,False
QUEENSBORO BRIDGE LOWER,212,105,0.0,18,0.0,0.0,0,,,,,0.0,,,,,False
QUEENSBORO BRIDGE LOWER ROADWAY,125,37,0.0,6,0.0,0.0,0,,,,,0.0,,,,,False
QUEENSBORO BRIDGE OUTER,10,7,0.0,1,0.0,0.0,0,,,,,0.0,,,,,False
QUEENSBORO BRIDGE OUTER ROADWAY,10,4,0.0,0,0.0,0.0,0,,,,,0.0,,,,,False
QUEENSBORO BRIDGE UPPER,220,96,0.0,9,0.0,0.0,0,,,,,0.0,,,,,False
QUEENSBORO BRIDGE UPPER ROADWAY,144,58,0.0,5,0.0,0.0,0,,,,,0.0,,,,,False
QUENTIN,1,2,0.0,0,0.0,0.0,0,,,,,0.0,,,,,False
QUENTIN ST,1,0,0.0,0,0.0,,0,843.4502633989581,2.0,25.0,0.0,0.0,1.0,,,,False
R F WAGNER SR PL,0,0,0.0,2,0.0,,0,833.2833711451055,1.3333333333333333,25.0,0.0,0.0,3.0,,,,False
RACAL COURT,2,1,0.0,0,0.0,0.0,0,,,,,0.0,,,,,False
RAE ST,0,0,0.0,0,0.0,,0,273.4325570250811,2.0,25.0,0.0,0.0,1.0,,,,False
RAILY COURT,1,0,0.0,0,0.0,,0,,,,,0.0,,,,,False
RALPH PL,0,0,0.0,4,0.0,,0,426.6743876438025,2.0,25.0,0.0,0.0,1.0,,,,False
RANDALLS ISLAND,14,4,0.0,2,0.0,0.0,0,,,,,0.0,,,,,False
RANGE RD,1,0,0.0,0,0.0,,0,5250.185306185194,1.5,25.0,0.0,0.0,12.0,,,,False
RANGER AVE,1,0,0.0,0,0.0,,0,,,,,0.0,,,,,False
RAPLH AVE,1,0,0.0,0,0.0,,0,,,,,0.0,,,,,False
RAU COURT,1,0,0.0,0,0.0,,0,,,,,0.0,,,,,False
RAWLINGS AVE,2,0,0.0,0,0.0,,0,,,,,0.0,,,,,False
RAWLINS AVE,2,1,0.0,0,0.0,0.0,0,1780.4291772729412,1.0,25.0,0.0,0.0,8.0,,,,False
RAYMOND AVE,0,0,0.0,0,0.0,,0,990.6841736111719,2.0,25.0,0.0,0.0,2.0,,,,False
RCHMOND RD,1,1,0.0,0,0.0,0.0,0,,,,,0.0,,,,,False
READS LANE,8,4,0.0,0,0.0,0.0,0,,,,,0.0,,,,,False
READS LN,0,0,0.0,1,0.0,,0,4064.75404762768,1.4444444444444444,25.0,0.0,0.0,18.0,,,,False
RED HOOK LANE,7,1,0.0,0,0.0,0.0,0,,,,,0.0,,,,,False
REDCEDAR LANE,0,0,0.0,0,0.0,,0,,,,,0.0,,,,,False
REED PL,0,0,0.0,0,0.0,,0,459.75750744390194,2.0,25.0,0.0,0.0,1.0,,,,False
REEDS MILL LANE,24,5,0.0,2,0.0,0.0,0,,,,,0.0,,,,,False
REEDS MILL LN,0,0,0.0,1,0.0,,0,1609.7307008114708,1.8,25.0,0.0,0.0,5.0,,,,False
REILLY BLVD,2,0,0.0,0,0.0,,0,2318.3947813047444,1.4615384615384615,25.0,0.0,0.0,13.0,,,,False
REINHARDT RD,2,0,0.0,0,0.0,,0,,,,,0.0,,,,,False
REISS LANE,1,0,0.0,0,0.0,,0,,,,,0.0,,,,,False
RENAISANCE COURT,1,0,0.0,0,0.0,,0,,,,,0.0,,,,,False
RENE COURT,4,0,0.0,0,0.0,,0,,,,,0.0,,,,,False
RENE CT,0,0,0.0,1,0.0,,0,430.12507816869294,1.0,25.0,0.0,0.0,1.0,,,,False
RENEE PL,0,0,0.0,0,0.0,,0,1176.6645472771786,2.0,25.0,0.0,0.0,3.0,,,,False
RESERVOIR OVAL E,0,0,0.0,3,0.0,,0,2024.2024894311185,1.0,20.0,0.0,0.0,4.0,,,,False
RESERVOIR OVAL EAST,15,4,0.0,1,0.0,0.0,0,,,,,0.0,,,,,False
RESERVOIR OVAL W,0,0,0.0,0,0.0,,0,1128.2138356478351,1.0,20.0,0.0,0.0,3.0,,,,False
RESERVOIR OVAL WEST,19,5,0.0,1,0.0,0.0,0,,,,,0.0,,,,,False
RESERVOIR ST,1,1,0.0,0,0.0,0.0,0,,,,,0.0,,,,,False
REV JAMES A POLITE AVE,2,0,0.0,1,0.0,,0,4719.686509078015,1.2727272727272727,25.0,0.0,0.0,11.0,,,,False
REV JAMES A. POLITE AVE,1,1,0.0,0,0.0,0.0,0,,,,,0.0,,,,,False
REV JAMES POLITE,3,0,0.0,0,0.0,,0,,,,,0.0,,,,,False
REV JAMES POLITE AVE,6,1,0.0,0,0.0,0.0,0,,,,,0.0,,,,,False
REV. JAMES POLITE AVE,3,1,0.0,0,0.0,0.0,0,,,,,0.0,,,,,False
REVEREND JAMES A POLITE AVE,2,1,0.0,0,0.0,0.0,0,,,,,0.0,,,,,False
REVEREND JAMES POLITTE AVE,1,1,0.0,0,0.0,0.0,0,,,,,0.0,,,,,False
REVERNED JAMES PL,1,0,0.0,0,0.0,,0,,,,,0.0,,,,,False
REX RD,0,0,0.0,0,0.0,,0,254.3261474184526,2.0,25.0,0.0,0.0,2.0,,,,False
REYNOLD COURT,0,0,0.0,0,0.0,,0,,,,,0.0,,,,,False
REYNOLDS COURT,1,0,0.0,0,0.0,,0,,,,,0.0,,,,,False
RF WAGNER SENIOR PL,1,1,0.0,0,0.0,0.0,0,,,,,0.0,,,,,False
RF WAGNER SR PL,1,1,0.0,0,0.0,0.0,0,,,,,0.0,,,,,False
RFK BR QUEENS PED AND BIKE PATH,0,0,0.0,0,0.0,,0,6788.453012628232,2.0,25.0,1.0,0.75,28.0,,,,False
RFK BRIDGE,0,0,0.0,1,0.0,,0,9569.599316882426,2.217391304347826,27.608695652173914,1.0,0.75,46.0,,,,False
RFK BRIDGE BRONX,0,0,0.0,0,0.0,,0,4481.699399648681,1.303030303030303,25.0,1.0,0.75,33.0,,,,False
RFK BRIDGE HRD LIFT SPAN,0,0,0.0,0,0.0,,0,,,,,0.0,,,,,False
RICHARD LANE,2,0,0.0,0,0.0,,0,,,,,0.0,,,,,False
RICHMAN PLAZA,17,6,0.0,1,0.0,0.0,0,,,,,0.0,,,,,False
RICHMAN PLZ,0,0,0.0,0,0.0,,0,,,,,0.0,,,,,False
RICHMOND TER,0,0,0.0,99,0.0,,0,38309.300767445064,1.929078014184397,29.893617021276597,0.0,0.0,141.0,,,,False
RICHMOND TERRACE,609,364,0.0,69,0.0,0.0,0,,,,,0.0,,,,,False
RIDGE COURT,0,0,0.0,0,0.0,,0,,,,,0.0,,,,,False
RIDGEWOD AVE,1,0,0.0,0,0.0,,0,,,,,0.0,,,,,False
RIEGALMAN BOARDWALK WEST,8,5,0.0,0,0.0,0.0,0,,,,,0.0,,,,,False
RIEGELMAN BOARDWALK,0,0,0.0,0,0.0,,0,,,,,0.0,,,,,False
RIEGELMAN ST,1,0,0.0,0,0.0,,0,,,,,0.0,,,,,False
RIEGELMANN ST,0,0,0.0,0,0.0,,0,889.417424760885,2.0,25.0,0.0,0.0,4.0,,,,False
RILEY PL,0,0,0.0,0,0.0,,0,466.2540054186463,2.0,25.0,0.0,0.0,2.0,,,,False
RING RD,4,3,0.0,2,0.0,0.0,0,6017.553233548215,3.0952380952380953,25.0,0.0,0.0,21.0,,,,False
RISSE ST,3,2,0.0,0,0.0,0.0,0,542.3282208716631,1.0,25.0,0.0,0.0,2.0,,,,False
RIVER PL,1,0,0.0,0,0.0,,0,,,,,0.0,,,,,False
RIVER TER,0,0,0.0,2,0.0,,0,1385.1892140073023,1.5,25.0,0.0,0.0,10.0,,,,False
RIVER TERRACE,19,1,0.0,0,0.0,0.0,0,,,,,0.0,,,,,False
RIVERS EDGE RD,0,0,0.0,1,0.0,,0,4027.641940195762,1.542857142857143,25.0,1.0,0.75,35.0,,,,False
RIVERSIDE DR EAST,3,0,0.0,0,0.0,,0,,,,,0.0,,,,,False
RIVERSIDE DR W,1,0,0.0,6,0.0,,0,3712.842712106458,2.5714285714285716,25.0,0.0,0.0,14.0,,,,False
RIVERSIDE DR WEST,13,3,0.0,0,0.0,0.0,0,,,,,0.0,,,,,False
RIVERSIDE LANE,3,1,0.0,0,0.0,0.0,0,,,,,0.0,,,,,False
RIVERSIDE LN,0,0,0.0,0,0.0,,0,1156.1676742241073,2.0,25.0,0.0,0.0,6.0,,,,False
RIVERSIDE PARK,1,1,0.0,0,0.0,0.0,0,,,,,0.0,,,,,False
RIVIERA COURT,3,0,0.0,0,0.0,,0,,,,,0.0,,,,,False
RIVIERA CT,0,0,0.0,0,0.0,,0,551.5588923623718,1.0,25.0,0.0,0.0,3.0,,,,False
ROANOKE ST,0,0,0.0,0,0.0,,0,930.6312910446563,2.0,25.0,0.0,0.0,2.0,,,,False
ROBARD LANE,1,0,0.0,0,0.0,,0,,,,,0.0,,,,,False
ROBERT F KENNEDY BRG,0,0,0.0,0,0.0,,0,30136.21804731529,3.8764044943820224,40.0,1.0,0.75,89.0,,,,False
ROBERT F KENNEDY BRIDGE,1,1,0.0,0,0.0,0.0,0,,,,,0.0,,,,,False
ROBERT F WAGNER PL,22,7,0.0,1,0.0,0.0,0,,,,,0.0,,,,,False
ROBIN COURT,2,0,0.0,0,0.0,,0,,,,,0.0,,,,,False
ROBIN LANE,1,0,0.0,0,0.0,,0,,,,,0.0,,,,,False
ROBINSON PKWY,3,1,0.0,0,0.0,0.0,0,,,,,0.0,,,,,False
ROCK AWAY FREEWAY,1,0,0.0,0,0.0,,0,,,,,0.0,,,,,False
ROCKAFELLER FOUNTAIN CIRCLE,1,0,0.0,0,0.0,,0,,,,,0.0,,,,,False
ROCKAWAY AVE AND MACDOUGAL ST,0,0,0.0,3,0.0,,0,,,,,0.0,,,,,False
ROCKAWAY BREEZY BLVD,1,0,0.0,0,0.0,,0,10987.025455237672,1.0526315789473684,25.0,0.0,0.0,19.0,,,,False
ROCKAWAY FREEWAY,235,173,0.0,33,0.0,0.0,0,,,,,0.0,,,,,False
ROCKAWAY FWY,5,6,0.0,40,0.0,0.0,0,47240.670507982955,1.197674418604651,25.0,0.0,0.0,172.0,,,,False
ROCKEFELLER PLAZA,10,2,0.0,0,0.0,0.0,0,,,,,0.0,,,,,False
ROCKEFELLER PLZ,0,0,0.0,3,0.0,,0,782.8945762040636,2.0,25.0,1.0,0.75,3.0,,,,False
ROCKWAY BEACH BLVD,2,2,0.0,0,0.0,0.0,0,,,,,0.0,,,,,False
ROCKWELL AVE,0,0,0.0,0,0.0,,0,680.0401193530522,2.0,25.0,0.0,0.0,2.0,,,,False
ROCKWOOD AVE,1,1,0.0,0,0.0,0.0,0,,,,,0.0,,,,,False
RODMANS NECK PATH,0,0,0.0,4,0.0,,0,9974.391187509878,1.1014492753623188,25.0,0.0,0.0,69.0,,,,False
RODMANS NECK RD,13,3,0.0,0,0.0,0.0,0,,,,,0.0,,,,,False
ROEBLING,1,0,0.0,0,0.0,,0,,,,,0.0,,,,,False
ROGERS,1,2,0.0,0,0.0,0.0,0,,,,,0.0,,,,,False
ROLLING HILL GREEN,6,0,0.0,0,0.0,,0,,,,,0.0,,,,,False
ROLLING HILL GRN,0,0,0.0,0,0.0,,0,2409.5452475290526,2.4,25.0,0.0,0.0,5.0,,,,False
ROMEO COURT,1,0,0.0,0,0.0,,0,,,,,0.0,,,,,False
ROOSEVELT,3,4,0.0,0,0.0,0.0,0,,,,,0.0,,,,,False
ROOSEVELT CT,0,0,0.0,0,0.0,,0,1084.8672482512982,2.0,25.0,1.0,0.75,5.0,,,,False
ROOSEVELT DR,4,5,0.0,0,0.0,0.0,0,,,,,0.0,,,,,False
ROOSEVELT ISLAND BRG,0,0,0.0,1,0.0,,0,,,,,0.0,,,,,False
ROOSEVELT ISLAND BRIDGE,2,3,0.0,0,0.0,0.0,0,982.9149349884614,1.44,25.0,1.0,0.75,25.0,,,,False
ROOSEVELT ST,1,1,0.0,0,0.0,0.0,0,535.8546358810972,2.0,25.0,0.0,0.0,3.0,,,,False
ROOSEVLET AVE,1,0,0.0,0,0.0,,0,,,,,0.0,,,,,False
ROSE LANE,1,0,0.0,0,0.0,,0,,,,,0.0,,,,,False
ROSEVILLE AVE,1,1,0.0,0,0.0,0.0,0,,,,,0.0,,,,,False
ROSS LANE,1,0,0.0,0,0.0,,0,,,,,0.0,,,,,False
ROUTE 278I NORTH,1,3,0.0,0,0.0,0.0,0,,,,,0.0,,,,,False
ROYCE AVE,1,1,0.0,0,0.0,0.0,0,,,,,0.0,,,,,False
RUMPLER COURT,2,2,0.0,0,0.0,0.0,0,,,,,0.0,,,,,False
RUPPERT PL,3,1,0.0,0,0.0,0.0,0,,,,,0.0,,,,,False
RUST AVE,1,0,0.0,0,0.0,,0,,,,,0.0,,,,,False
RUTGERS PARK,1,0,0.0,0,0.0,,0,,,,,0.0,,,,,False
RUTH ST,0,0,0.0,0,0.0,,0,495.27467619280486,2.0,25.0,0.0,0.0,2.0,,,,False
RYAN COURT,1,0,0.0,0,0.0,,0,,,,,0.0,,,,,False
RYAN ST,1,0,0.0,0,0.0,,0,388.9603743569955,2.0,25.0,0.0,0.0,1.0,,,,False
RYDERS ALY,0,0,0.0,1,0.0,,0,288.12270501982283,1.0,25.0,0.0,0.0,1.0,,,,False
S 1STREET,1,0,0.0,0,0.0,,0,,,,,0.0,,,,,False
S CARGO RD,0,0,0.0,0,0.0,,0,2406.4103310818805,2.0,25.0,0.0,0.0,11.0,,,,False
S CONDUIT,3,1,0.0,0,0.0,0.0,0,,,,,0.0,,,,,False
S CONDUIT BL OV BELT SOUTHRN PKW,0,0,0.0,0,0.0,,0,,,,,0.0,,,,,False
S CONDUIT BLVD,8,5,0.0,0,0.0,0.0,0,,,,,0.0,,,,,False
S GANON AVE,1,0,0.0,0,0.0,,0,,,,,0.0,,,,,False
S MANN AVE,0,0,0.0,0,0.0,,0,335.40756962352333,1.0,25.0,0.0,0.0,1.0,,,,False
S SAINT AUSTINS PL,1,0,0.0,0,0.0,,0,,,,,0.0,,,,,False
S/B BOWERY,1,0,0.0,0,0.0,,0,,,,,0.0,,,,,False
S/B BRUCKNER BLVD,1,0,0.0,0,0.0,,0,,,,,0.0,,,,,False
S/B CLEARVIEW EXPY SERVICE,1,0,0.0,0,0.0,,0,,,,,0.0,,,,,False
S/B PARK AVE,1,1,0.0,0,0.0,0.0,0,,,,,0.0,,,,,False
SAINT ALBANS PL,1,1,0.0,0,0.0,0.0,0,,,,,0.0,,,,,False
SAINT ANDREWS PL,2,0,0.0,0,0.0,,0,,,,,0.0,,,,,False
SAINT ANDREWS RD,2,1,0.0,1,0.0,0.0,0,,,,,0.0,,,,,False
SAINT ANNS AVE,364,168,0.0,24,0.0,0.0,0,,,,,0.0,,,,,False
SAINT ANNS PL,13,7,0.0,0,0.0,0.0,0,,,,,0.0,,,,,False
SAINT CHARLES PL,2,0,0.0,0,0.0,,0,,,,,0.0,,,,,False
SAINT CLAIR PL,26,7,0.0,7,0.0,0.0,0,,,,,0.0,,,,,False
SAINT EDWARDS ST,36,12,0.0,2,0.0,0.0,0,,,,,0.0,,,,,False
SAINT FELIX AVE,15,1,0.0,0,0.0,0.0,0,,,,,0.0,,,,,False
SAINT FELIX ST,15,4,0.0,5,0.0,0.0,0,,,,,0.0,,,,,False
SAINT FRANCIS PL,2,0,0.0,0,0.0,,0,,,,,0.0,,,,,False
SAINT GEORGE RD,0,0,0.0,0,0.0,,0,,,,,0.0,,,,,False
SAINT GEORGES CRESCENT,5,0,0.0,0,0.0,,0,,,,,0.0,,,,,False
SAINT JAMES AVE,10,2,0.0,0,0.0,0.0,0,,,,,0.0,,,,,False
SAINT JAMES PL,97,27,0.0,4,0.0,0.0,0,,,,,0.0,,,,,False
SAINT JOHN AVE,10,3,0.0,0,0.0,0.0,0,,,,,0.0,,,,,False
SAINT JOHNS AVE,22,9,0.0,0,0.0,0.0,0,,,,,0.0,,,,,False
SAINT JOHNS LANE,1,0,0.0,0,0.0,,0,,,,,0.0,,,,,False
SAINT JOHNS PL,534,234,0.0,46,0.0,0.0,0,,,,,0.0,,,,,False
SAINT JOHNS RD,2,2,0.0,0,0.0,0.0,0,,,,,0.0,,,,,False
SAINT JOSEPHS AVE,8,1,0.0,0,0.0,0.0,0,,,,,0.0,,,,,False
SAINT JUDE PL,4,0,0.0,2,0.0,,0,,,,,0.0,,,,,False
SAINT JULIAN PL,1,0,0.0,0,0.0,,0,,,,,0.0,,,,,False
SAINT LAWRENCE AVE,61,11,0.0,8,0.0,0.0,0,,,,,0.0,,,,,False
SAINT LUKES PL,2,0,0.0,0,0.0,,0,,,,,0.0,,,,,False
SAINT MARKS AVE,283,92,0.0,13,0.0,0.0,0,,,,,0.0,,,,,False
SAINT MARKS PL,115,42,0.0,9,0.0,0.0,0,,,,,0.0,,,,,False
SAINT MARYS AVE,13,12,0.0,0,0.0,0.0,0,,,,,0.0,,,,,False
SAINT MARYS ST,39,26,0.0,2,0.0,0.0,0,,,,,0.0,,,,,False
SAINT NICHOLAS,33,13,0.0,2,0.0,0.0,0,,,,,0.0,,,,,False
SAINT NICHOLAS AVE,974,447,0.0,79,0.0,0.0,0,,,,,0.0,,,,,False
SAINT NICHOLAS PL,40,19,0.0,6,0.0,0.0,0,,,,,0.0,,,,,False
SAINT NICHOLAS ST,1,0,0.0,0,0.0,,0,,,,,0.0,,,,,False
SAINT NICHOLAS TERRACE,53,7,0.0,1,0.0,0.0,0,,,,,0.0,,,,,False
SAINT OUEN ST,7,0,0.0,0,0.0,,0,,,,,0.0,,,,,False
SAINT PATRICK PL,5,1,0.0,0,0.0,0.0,0,,,,,0.0,,,,,False
SAINT PAUL AVE,10,2,0.0,0,0.0,0.0,0,,,,,0.0,,,,,False
SAINT PAULS AVE,50,27,0.0,3,0.0,0.0,0,,,,,0.0,,,,,False
SAINT PAULS COURT,8,2,0.0,0,0.0,0.0,0,,,,,0.0,,,,,False
SAINT PAULS PL,49,17,0.0,5,0.0,0.0,0,,,,,0.0,,,,,False
SAINT PETERS AVE,26,6,0.0,3,0.0,0.0,0,,,,,0.0,,,,,False
SAINT PETERS PL,1,0,0.0,0,0.0,,0,,,,,0.0,,,,,False
SAINT RAYMOND AVE,44,5,0.0,4,0.0,0.0,0,,,,,0.0,,,,,False
SAINT STEPHEN PL,2,0,0.0,0,0.0,,0,,,,,0.0,,,,,False
SAINT THERESA AVE,13,8,0.0,0,0.0,0.0,0,,,,,0.0,,,,,False
SALAMANDER COURT,2,0,0.0,0,0.0,,0,,,,,0.0,,,,,False
SALAMANDER CT,0,0,0.0,0,0.0,,0,881.2837294888235,1.0,25.0,0.0,0.0,3.0,,,,False
SAMUEL DICKSTEIN PLAZA,1,1,0.0,0,0.0,0.0,0,,,,,0.0,,,,,False
SAMUEL DICKSTEIN PLZ,0,0,0.0,0,0.0,,0,559.1928621759672,2.0,25.0,0.0,0.0,3.0,,,,False
SAMUEL PL,0,0,0.0,0,0.0,,0,477.0375564275512,2.0,25.0,0.0,0.0,1.0,,,,False
SAND LANE,58,30,0.0,1,0.0,0.0,0,,,,,0.0,,,,,False
SAND LN,0,0,0.0,4,0.0,,0,4457.322697834593,1.65,25.0,0.0,0.0,20.0,,,,False
SANDRA LANE,1,0,0.0,0,0.0,,0,,,,,0.0,,,,,False
SANDY DUNE WAY,1,0,0.0,0,0.0,,0,640.1990236037989,2.0,25.0,0.0,0.0,3.0,,,,False
SANDYWOOD LN,0,0,0.0,0,0.0,,0,724.1526790088884,1.0,25.0,0.0,0.0,2.0,,,,False
SANTA MONIC LANE,0,0,0.0,0,0.0,,0,,,,,0.0,,,,,False
SANTA MONICA LANE,1,0,0.0,0,0.0,,0,,,,,0.0,,,,,False
SAPPHIRE COURT,1,0,0.0,0,0.0,,0,,,,,0.0,,,,,False
SARCONA CT,0,0,0.0,0,0.0,,0,235.62667936010195,2.0,25.0,0.0,0.0,1.0,,,,False
SAVIN COURT,0,0,0.0,0,0.0,,0,,,,,0.0,,,,,False
SAW MILL RIVER PKWY,0,0,0.0,0,0.0,,0,,,,,0.0,,,,,False
SB WHITESTONE EXPY SERVICE,0,0,0.0,0,0.0,,0,,,,,0.0,,,,,False
SCARSDALE ST,0,0,0.0,0,0.0,,0,453.52955281064106,2.0,25.0,0.0,0.0,2.0,,,,False
SCENIC LN,0,0,0.0,0,0.0,,0,324.8213642016808,1.0,25.0,0.0,0.0,1.0,,,,False
SCHEFFIELD AVE,1,0,0.0,0,0.0,,0,,,,,0.0,,,,,False
SCHENCK COURT,1,0,0.0,0,0.0,,0,,,,,0.0,,,,,False
SCHIEFELIN AVE,43,15,0.0,1,0.0,0.0,0,,,,,0.0,,,,,False
SCHIEFELIN PL,19,4,0.0,1,0.0,0.0,0,,,,,0.0,,,,,False
SCHIEFFELIN AVE,0,0,0.0,6,0.0,,0,2804.311163383556,2.0,25.0,0.0,0.0,14.0,,,,False
SCHIEFFELIN PL,0,0,0.0,0,0.0,,0,903.365506994714,2.0,25.0,0.0,0.0,1.0,,,,False
SCHMIDTS LANE,15,6,0.0,0,0.0,0.0,0,,,,,0.0,,,,,False
SCHMIDTS LN,0,0,0.0,2,0.0,,0,2399.1234279534438,2.0,25.0,0.0,0.0,6.0,,,,False
SCHOONER ST,1,0,0.0,0,0.0,,0,253.63215351300357,2.0,25.0,0.0,0.0,1.0,,,,False
SCHORR PL,0,0,0.0,0,0.0,,0,390.3719901065009,2.0,25.0,0.0,0.0,1.0,,,,False
SCHUYLER PL,0,0,0.0,0,0.0,,0,258.3431320296321,2.0,25.0,0.0,0.0,1.0,,,,False
SCOTT A GADELL PL,1,0,0.0,0,0.0,,0,259.14588294265917,1.0,25.0,0.0,0.0,1.0,,,,False
SCOTT A. GADELL PL,1,0,0.0,0,0.0,,0,,,,,0.0,,,,,False
SCRANTON AVE,0,0,0.0,0,0.0,,0,1779.1658690685845,2.0,25.0,0.0,0.0,3.0,,,,False
SEA GRASS LANE,1,0,0.0,0,0.0,,0,,,,,0.0,,,,,False
SEACOAST TER,0,0,0.0,1,0.0,,0,845.8997875795229,1.6666666666666667,25.0,0.0,0.0,3.0,,,,False
SEACOAST TERRACE,2,0,0.0,0,0.0,,0,,,,,0.0,,,,,False
SEAGATE AVE,5,3,0.0,0,0.0,0.0,0,,,,,0.0,,,,,False
SEAGIRT BOULVARD,1,0,0.0,0,0.0,,0,,,,,0.0,,,,,False
SEAVER WAY,9,1,0.0,17,0.0,0.0,0,2094.6956224400883,3.0,25.0,0.0,0.0,7.0,,,,False
SEAVIEW COURT,1,0,0.0,0,0.0,,0,,,,,0.0,,,,,False
SECOND AVE,5,2,0.0,0,0.0,0.0,0,,,,,0.0,,,,,False
SEDGWICK AVE WEST 179,0,0,0.0,0,0.0,,0,,,,,0.0,,,,,False
SELMOFF LN,0,0,0.0,0,0.0,,0,3043.1904486079034,1.75,25.0,0.0,0.0,12.0,,,,False
SENECA LOOP,0,0,0.0,0,0.0,,0,481.62037247253124,2.0,25.0,0.0,0.0,3.0,,,,False
SERENA COURT,1,0,0.0,0,0.0,,0,,,,,0.0,,,,,False
SEVENTH AVE,1,0,0.0,0,0.0,,0,,,,,0.0,,,,,False
SHADOW LANE,1,0,0.0,0,0.0,,0,,,,,0.0,,,,,False
SHAE RD,1,2,0.0,0,0.0,0.0,0,,,,,0.0,,,,,False
SHARROTTS LANE,4,1,0.0,0,0.0,0.0,0,,,,,0.0,,,,,False
SHAUGHNESSY LANE,2,0,0.0,0,0.0,,0,,,,,0.0,,,,,False
SHAUGHNESSY LN,0,0,0.0,0,0.0,,0,726.4386985129358,1.0,25.0,0.0,0.0,1.0,,,,False
SHAUGHNESSY RD,1,0,0.0,0,0.0,,0,,,,,0.0,,,,,False
SHEA RD,33,19,0.0,17,0.0,0.0,0,7469.399940225128,2.3783783783783785,25.0,0.0,0.0,37.0,,,,False
SHEA STADIUM,13,6,0.0,7,0.0,0.0,0,,,,,0.0,,,,,False
SHEAD RD,1,0,0.0,0,0.0,,0,,,,,0.0,,,,,False
SHELLEY AVE,0,0,0.0,0,0.0,,0,1104.4048714868602,1.3333333333333333,25.0,0.0,0.0,3.0,,,,False
SHERIDAN EXPY,217,121,0.0,9,0.0,0.0,0,,,,,0.0,,,,,False
SHERIDAN SQ,0,0,0.0,0,0.0,,0,,,,,0.0,,,,,False
SHERIDAN SQUARE,2,1,0.0,0,0.0,0.0,0,,,,,0.0,,,,,False
SHERIDAN ST,1,0,0.0,0,0.0,,0,,,,,0.0,,,,,False
SHORT PL,0,0,0.0,0,0.0,,0,373.4566688857562,2.0,25.0,0.0,0.0,1.0,,,,False
SI EXPY WEST EX,5,1,0.0,1,0.0,0.0,0,,,,,0.0,,,,,False
SILVER BEACH RD,0,0,0.0,0,0.0,,0,,,,,0.0,,,,,False
SILVERLAKE PARK,1,0,0.0,0,0.0,,0,,,,,0.0,,,,,False
SILVERLAKE PARK RD,5,2,0.0,1,0.0,0.0,0,,,,,0.0,,,,,False
SILVERLAKE RD,3,0,0.0,0,0.0,,0,,,,,0.0,,,,,False
SIMMONS LANE,2,0,0.0,0,0.0,,0,,,,,0.0,,,,,False
SIMMONS LOOP,0,0,0.0,0,0.0,,0,641.4519316910064,2.0,25.0,0.0,0.0,6.0,,,,False
SIXTH AVE,4,3,0.0,0,0.0,0.0,0,,,,,0.0,,,,,False
SKILLMAN AVE AND 49 AVE,0,0,0.0,0,0.0,,0,,,,,0.0,,,,,False
SKINNER LN,0,0,0.0,0,0.0,,0,642.3077496006432,2.0,25.0,0.0,0.0,5.0,,,,False
SKY LANE,1,0,0.0,0,0.0,,0,,,,,0.0,,,,,False
SLOAN PL,1,0,0.0,0,0.0,,0,353.2593367786185,2.0,25.0,0.0,0.0,1.0,,,,False
SLOCUM CRES,0,0,0.0,0,0.0,,0,1920.4689062752836,1.625,25.0,0.0,0.0,8.0,,,,False
SLOCUM CRESCENT,2,0,0.0,0,0.0,,0,,,,,0.0,,,,,False
SLOSSON TER,0,0,0.0,1,0.0,,0,266.6125523739515,2.0,25.0,0.0,0.0,1.0,,,,False
SLOSSON TERRACE,2,1,0.0,0,0.0,0.0,0,,,,,0.0,,,,,False
SMITH TERRACE,3,0,0.0,0,0.0,,0,,,,,0.0,,,,,False
SMITHS LANE,1,0,0.0,0,0.0,,0,,,,,0.0,,,,,False
SMYRNA AVE,0,0,0.0,0,0.0,,0,811.10657299749,2.0,25.0,0.0,0.0,2.0,,,,False
SO CONDUIT AVE,1,0,0.0,0,0.0,,0,,,,,0.0,,,,,False
SOBEL COURT,8,2,0.0,0,0.0,0.0,0,,,,,0.0,,,,,False
SOMMERS LANE,0,0,0.0,0,0.0,,0,,,,,0.0,,,,,False
SORE PKWY,1,0,0.0,0,0.0,,0,,,,,0.0,,,,,False
SOREN ST,0,0,0.0,0,0.0,,0,1033.5714434372164,2.0,25.0,0.0,0.0,4.0,,,,False
SOUND VIEW AVE,233,80,0.0,13,0.0,0.0,0,,,,,0.0,,,,,False
SOUND VIEW TERRACE,2,0,0.0,0,0.0,,0,,,,,0.0,,,,,False
SOUNDVIEW AVE,2,2,0.0,30,0.0,0.0,0,9745.665924725565,3.2857142857142856,25.0,0.0,0.0,42.0,,,,False
SOUNDVIEW LANE,3,1,0.0,0,0.0,0.0,0,,,,,0.0,,,,,False
SOUNDVIEW LN,0,0,0.0,0,0.0,,0,880.0768608483165,1.0,25.0,0.0,0.0,3.0,,,,False
SOUTHBOUND VAN WYCK EXPY S,1,1,0.0,0,0.0,0.0,0,,,,,0.0,,,,,False
SOUTHER BLVD,1,1,0.0,0,0.0,0.0,0,,,,,0.0,,,,,False
SOUTHERN PKWY,17,10,0.0,4,0.0,0.0,0,,,,,0.0,,,,,False
SOUTHERN STATE PKWY,13,3,0.0,3,0.0,0.0,0,,,,,0.0,,,,,False
SOUTHGATE COURT,2,0,0.0,0,0.0,,0,,,,,0.0,,,,,False
SOUTHGATE PLAZA,5,0,0.0,0,0.0,,0,,,,,0.0,,,,,False
SPARKHILL AVE,7,1,0.0,0,0.0,0.0,0,,,,,0.0,,,,,False
SPARTAN,1,0,0.0,0,0.0,,0,,,,,0.0,,,,,False
SPARTAN AVE,1,0,0.0,0,0.0,,0,1208.5305895404626,2.0,25.0,0.0,0.0,5.0,,,,False
SPAULDING LANE,1,0,0.0,0,0.0,,0,,,,,0.0,,,,,False
SPENCER COURT,10,2,0.0,0,0.0,0.0,0,,,,,0.0,,,,,False
SPENCER CT,0,0,0.0,0,0.0,,0,268.2792609543529,1.0,25.0,0.0,0.0,1.0,,,,False
SPIRIT LANE,1,0,0.0,0,0.0,,0,,,,,0.0,,,,,False
SPRAY VIEW AVE,1,0,0.0,0,0.0,,0,,,,,0.0,,,,,False
SPRINGFIELD LANE,8,0,0.0,1,0.0,,0,,,,,0.0,,,,,False
SPRINGFIELD LN,0,0,0.0,1,0.0,,0,3330.8243216135697,1.8333333333333333,25.0,0.0,0.0,6.0,,,,False
SRIBMER AVE,1,0,0.0,0,0.0,,0,,,,,0.0,,,,,False
SRINGFIELD BLVD,0,0,0.0,0,0.0,,0,,,,,0.0,,,,,False
ST,0,0,0.0,1,0.0,,0,,,,,0.0,,,,,False
ST ALBANS PL,1,0,0.0,0,0.0,,0,1672.441668711609,1.0,25.0,0.0,0.0,6.0,,,,False
ST ANDREWS PL,1,1,0.0,0,0.0,0.0,0,1089.4077080580223,2.0,25.0,0.0,0.0,4.0,,,,False
ST ANDREWS RD,0,0,0.0,1,0.0,,0,3868.181974521619,2.0,25.0,0.0,0.0,8.0,,,,False
ST ANNE AVE,1,0,0.0,0,0.0,,0,,,,,0.0,,,,,False
ST ANNS AVE,9,4,0.0,55,0.0,0.0,0,8044.350224508394,2.0,25.0,0.0,0.0,30.0,,,,False
ST AUSTINS PL,0,0,0.0,0,0.0,,0,1107.9278164466336,1.0,25.0,0.0,0.0,6.0,,,,False
ST CLAIR PL,0,0,0.0,0,0.0,,0,766.835617311933,1.2857142857142858,25.0,1.0,0.75,7.0,,,,False
ST EDWARD LANE,1,0,0.0,0,0.0,,0,,,,,0.0,,,,,False
ST EDWARDS ST,0,0,0.0,2,0.0,,0,1667.9475950825708,1.6666666666666667,25.0,1.0,0.75,9.0,,,,False
ST FELIX AVE,3,2,0.0,1,0.0,0.0,0,2583.295838964512,1.125,25.0,0.0,0.0,8.0,,,,False
ST FELIX ST,0,0,0.0,2,0.0,,0,1699.7814561942532,1.0,25.0,0.0,0.0,3.0,,,,False
ST GEORGE RD,1,0,0.0,1,0.0,,0,4892.315164639848,2.0,25.0,0.0,0.0,11.0,,,,False
ST JAMES,1,0,0.0,0,0.0,,0,,,,,0.0,,,,,False
ST JAMES AVE,2,0,0.0,3,0.0,,0,2175.32671396021,1.0,25.0,0.0,0.0,4.0,,,,False
ST JAMES PL,17,9,0.0,12,0.0,0.0,0,5930.503109336072,1.375,23.75,0.0,0.0,16.0,,,,False
ST JAMES ST,1,2,0.0,0,0.0,0.0,0,,,,,0.0,,,,,False
ST JOHN AVE,0,0,0.0,0,0.0,,0,1134.3136532270144,2.0,25.0,0.0,0.0,3.0,,,,False
ST JOHN PL,0,0,0.0,0,0.0,,0,,,,,0.0,,,,,False
ST JOHNS AVE,0,0,0.0,1,0.0,,0,3612.330158130263,2.0,25.0,0.0,0.0,18.0,,,,False
ST JOHNS LN,0,0,0.0,1,0.0,,0,509.38287179677275,1.0,25.0,0.0,0.0,2.0,,,,False
ST JOHNS PL,6,1,0.0,64,0.0,0.0,0,17164.026286964865,1.7666666666666666,24.666666666666668,1.0,0.75,30.0,,,,False
ST JOSEPHS AVE,0,0,0.0,0,0.0,,0,535.0191104600051,1.0,25.0,0.0,0.0,1.0,,,,False
ST JUDE PL,1,0,0.0,0,0.0,,0,697.3410759703702,2.0,25.0,0.0,0.0,3.0,,,,False
ST LAWRENCE AVE,3,0,0.0,8,0.0,,0,7332.243492469096,1.4,25.0,0.0,0.0,15.0,,,,False
ST LUKE'S PL,1,0,0.0,0,0.0,,0,,,,,0.0,,,,,False
ST MARKS AVE,5,3,0.0,37,0.0,0.0,0,17798.74506553121,1.1666666666666667,24.333333333333332,1.0,0.75,30.0,,,,False
ST MARKS PL,6,1,0.0,12,0.0,0.0,0,8527.82799006485,1.3846153846153846,24.615384615384617,0.0,0.0,13.0,,,,False
ST MARY'S AVE,1,1,0.0,0,0.0,0.0,0,,,,,0.0,,,,,False
ST MARY'S ST,1,1,0.0,0,0.0,0.0,0,,,,,0.0,,,,,False
ST MARYS AVE,0,0,0.0,4,0.0,,0,3141.112797521963,1.0909090909090908,22.727272727272727,0.0,0.0,11.0,,,,False
ST MARYS ST,1,0,0.0,4,0.0,,0,2258.5696885302236,1.0,25.0,1.0,0.75,8.0,,,,False
ST NICHOLAS,6,3,0.0,0,0.0,0.0,0,,,,,0.0,,,,,False
ST NICHOLAS AVE,21,17,0.0,146,0.0,0.0,0,28217.46047650598,2.536363636363636,25.0,1.0,0.75,110.0,,,,False
ST NICHOLAS AVNEUE,1,2,0.0,0,0.0,0.0,0,,,,,0.0,,,,,False
ST NICHOLAS PL,1,0,0.0,5,0.0,,0,1418.8481121842003,2.0,25.0,0.0,0.0,7.0,,,,False
ST NICHOLAS ST,1,1,0.0,0,0.0,0.0,0,,,,,0.0,,,,,False
ST NICHOLAS TER,0,0,0.0,0,0.0,,0,3891.6181457844586,1.0,25.0,0.0,0.0,6.0,,,,False
ST NICHOLAS TERRACE,2,0,0.0,0,0.0,,0,,,,,0.0,,,,,False
ST OUEN ST,3,0,0.0,1,0.0,,0,1052.1720156513993,2.0,25.0,0.0,0.0,2.0,,,,False
ST PATRICKS PLACW,1,1,0.0,0,0.0,0.0,0,,,,,0.0,,,,,False
ST PAUL,1,1,0.0,0,0.0,0.0,0,,,,,0.0,,,,,False
ST PAULS AVE,1,1,0.0,4,0.0,0.0,0,4694.552720391788,1.1428571428571428,25.0,0.0,0.0,14.0,,,,False
ST PAULS CT,0,0,0.0,0,0.0,,0,415.90376938580476,1.0,25.0,0.0,0.0,1.0,,,,False
ST PAULS PL,4,1,0.0,5,0.0,0.0,0,2661.719205648188,1.3636363636363635,25.0,1.0,0.75,11.0,,,,False
ST PETERS AVE,1,0,0.0,14,0.0,,0,2260.6863781683855,1.0,25.0,0.0,0.0,7.0,,,,False
ST PETERS PL,0,0,0.0,0,0.0,,0,299.3750874867945,2.0,25.0,0.0,0.0,3.0,,,,False
ST RAYMOND AVE,2,0,0.0,3,0.0,,0,4340.788342702869,1.3888888888888888,24.166666666666668,0.0,0.0,18.0,,,,False
"ST RAYMOND AVE, E TRETMONT AVE",1,0,0.0,0,0.0,,0,,,,,0.0,,,,,False
ST RAYMONDS AVE,2,1,0.0,0,0.0,0.0,0,,,,,0.0,,,,,False
ST STEPHENS PL,1,0,0.0,1,0.0,,0,1508.9028695751274,2.0,25.0,0.0,0.0,4.0,,,,False
ST THERESA AVE,1,1,0.0,0,0.0,0.0,0,1463.0330295632768,2.0,25.0,0.0,0.0,6.0,,,,False
ST. ANNS AVE,1,2,0.0,0,0.0,0.0,0,,,,,0.0,,,,,False
ST. CLAIR PL,2,0,0.0,0,0.0,,0,,,,,0.0,,,,,False
ST. JAMES AVE,1,0,0.0,0,0.0,,0,,,,,0.0,,,,,False
ST. JAMES PL,2,2,0.0,0,0.0,0.0,0,,,,,0.0,,,,,False
ST. JOHN ST,1,0,0.0,0,0.0,,0,,,,,0.0,,,,,False
ST. JOHNS AVE,1,0,0.0,0,0.0,,0,,,,,0.0,,,,,False
ST. JOSEPH'S WAY,1,0,0.0,0,0.0,,0,,,,,0.0,,,,,False
ST. MARKS AVE,2,0,0.0,0,0.0,,0,,,,,0.0,,,,,False
ST. MARKS PL,2,1,0.0,0,0.0,0.0,0,,,,,0.0,,,,,False
ST. MARY'S ST,1,0,0.0,0,0.0,,0,,,,,0.0,,,,,False
ST. NICHOLAS AVE,9,6,0.0,0,0.0,0.0,0,,,,,0.0,,,,,False
ST. NICHOLAS ST,1,0,0.0,0,0.0,,0,,,,,0.0,,,,,False
ST. NICHOLAS TERRACE,1,0,0.0,0,0.0,,0,,,,,0.0,,,,,False
ST. PAUL PL,1,2,0.0,0,0.0,0.0,0,,,,,0.0,,,,,False
ST. PAULS PL,1,0,0.0,0,0.0,,0,,,,,0.0,,,,,False
ST. PETERS AVE,1,0,0.0,0,0.0,,0,,,,,0.0,,,,,False
ST.ANNS AVE,1,0,0.0,0,0.0,,0,,,,,0.0,,,,,False
ST.MARKS AVE,2,2,0.0,0,0.0,0.0,0,,,,,0.0,,,,,False
STACEY LN,0,0,0.0,0,0.0,,0,316.2821290109358,2.0,25.0,0.0,0.0,1.0,,,,False
STADIUM PL,1,1,0.0,0,0.0,0.0,0,,,,,0.0,,,,,False
STADIUM PL N,1,0,0.0,0,0.0,,0,530.9991860214325,1.3333333333333333,25.0,0.0,0.0,6.0,,,,False
STADIUM PL NORTH,1,0,0.0,0,0.0,,0,,,,,0.0,,,,,False
STADIUM PL S,1,5,0.0,0,0.0,0.0,0,695.0422768451272,1.5,25.0,0.0,0.0,10.0,,,,False
STADIUM PL SOUTH,2,0,0.0,0,0.0,,0,,,,,0.0,,,,,False
STAGE LANE,2,0,0.0,0,0.0,,0,,,,,0.0,,,,,False
STAGE LN,0,0,0.0,0,0.0,,0,801.636237879379,1.1666666666666667,25.0,0.0,0.0,6.0,,,,False
STAINT JAMES PL,1,0,0.0,0,0.0,,0,,,,,0.0,,,,,False
STATION SQ,0,0,0.0,2,0.0,,0,163.79718699410554,1.0,25.0,0.0,0.0,1.0,,,,False
STATION SQUARE,2,1,0.0,0,0.0,0.0,0,,,,,0.0,,,,,False
STEERS ST,0,0,0.0,0,0.0,,0,595.5598142314448,2.0,25.0,0.0,0.0,1.0,,,,False
STEINWAY,2,1,0.0,0,0.0,0.0,0,,,,,0.0,,,,,False
STEINWAYSTREET,1,0,0.0,0,0.0,,0,,,,,0.0,,,,,False
STEPHENS COURT,9,1,0.0,0,0.0,0.0,0,,,,,0.0,,,,,False
STEPHENS CT,0,0,0.0,0,0.0,,0,555.5675920401477,1.5,25.0,0.0,0.0,2.0,,,,False
STERLING DR,1,0,0.0,1,0.0,,0,4887.949660220026,1.2608695652173914,25.0,0.0,0.0,23.0,,,,False
STICKBALL BLVD,6,5,0.0,0,0.0,0.0,0,1569.098766376433,2.0,25.0,0.0,0.0,2.0,,,,False
STILLWEL AVE,0,0,0.0,1,0.0,,0,,,,,0.0,,,,,False
STILLWELL,1,0,0.0,0,0.0,,0,,,,,0.0,,,,,False
STJOSEPH AVE,1,1,0.0,0,0.0,0.0,0,,,,,0.0,,,,,False
STONE AVE,261,173,0.0,16,0.0,0.0,0,,,,,0.0,,,,,False
STONE LANE,0,0,0.0,0,0.0,,0,,,,,0.0,,,,,False
STONEHAM ST,2,0,0.0,0,0.0,,0,704.4267286379111,2.0,25.0,0.0,0.0,2.0,,,,False
STORER AVE,0,0,0.0,0,0.0,,0,1420.6448157329382,2.0,25.0,0.0,0.0,1.0,,,,False
STUDIO LANE,1,0,0.0,0,0.0,,0,,,,,0.0,,,,,False
SUMMER ST,1,0,0.0,0,0.0,,0,1164.9404949821833,2.0,25.0,0.0,0.0,7.0,,,,False
SUMMERFIELD AVE,15,1,0.0,2,0.0,0.0,0,,,,,0.0,,,,,False
SUMMERFIELD ST,14,5,0.0,0,0.0,0.0,0,2690.238761636273,1.0,25.0,0.0,0.0,4.0,,,,False
SUMMIT COURT,0,0,0.0,0,0.0,,0,,,,,0.0,,,,,False
SUMMIT PL,0,0,0.0,4,0.0,,0,1788.6015664084543,1.8571428571428572,25.0,1.0,0.75,7.0,,,,False
SUNKEN GARDEN LOOP,4,1,0.0,0,0.0,0.0,0,2811.3347079712044,1.125,25.0,0.0,0.0,8.0,,,,False
SUNNYSIDE COURT,2,0,0.0,0,0.0,,0,,,,,0.0,,,,,False
SUNNYSIDE CT,0,0,0.0,0,0.0,,0,230.22164209047443,2.0,25.0,0.0,0.0,1.0,,,,False
SUNNYSIDE TERRACE,5,1,0.0,0,0.0,0.0,0,,,,,0.0,,,,,False
SUNRISE COURT,2,0,0.0,0,0.0,,0,,,,,0.0,,,,,False
SUNRISE TERRACE,0,0,0.0,0,0.0,,0,,,,,0.0,,,,,False
SUNSET LANE,1,0,0.0,0,0.0,,0,,,,,0.0,,,,,False
SUNSET TRAIL,1,0,0.0,0,0.0,,0,,,,,0.0,,,,,False
SURF CIRCLE,1,0,0.0,0,0.0,,0,,,,,0.0,,,,,False
SURF DR,2,2,0.0,0,0.0,0.0,0,2295.171116373017,1.125,25.0,0.0,0.0,8.0,,,,False
SUSSEX GREEN,1,0,0.0,0,0.0,,0,,,,,0.0,,,,,False
SUSSEX GRN,0,0,0.0,1,0.0,,0,335.5070655121801,2.0,25.0,0.0,0.0,2.0,,,,False
SUTTER,1,0,0.0,0,0.0,,0,,,,,0.0,,,,,False
SUTTER AVE AND VAN SINDEREN A,0,0,0.0,2,0.0,,0,,,,,0.0,,,,,False
SUTTON PL S,0,0,0.0,1,0.0,,0,1065.4409302428426,3.5,25.0,0.0,0.0,4.0,,,,False
SUTTON PL SOUTH,5,1,0.0,0,0.0,0.0,0,,,,,0.0,,,,,False
SWEETGUM LANE,1,0,0.0,0,0.0,,0,,,,,0.0,,,,,False
SYLVAN PL,1,1,0.0,0,0.0,0.0,0,409.86866220978305,1.3333333333333333,25.0,1.0,0.75,3.0,,,,False
SYLVATON TERRACE,0,0,0.0,0,0.0,,0,,,,,0.0,,,,,False
SYLVESTER LANE,1,0,0.0,0,0.0,,0,,,,,0.0,,,,,False
SYNDER AVE,1,0,0.0,0,0.0,,0,,,,,0.0,,,,,False
TABOR COURT,2,0,0.0,0,0.0,,0,,,,,0.0,,,,,False
TABOR CT,0,0,0.0,0,0.0,,0,779.4655212767326,1.0,25.0,0.0,0.0,1.0,,,,False
TACOMA ST,0,0,0.0,0,0.0,,0,1301.7355382013434,2.0,25.0,0.0,0.0,3.0,,,,False
TAIPEI COURT,4,0,0.0,0,0.0,,0,,,,,0.0,,,,,False
TAIPEI CT,0,0,0.0,0,0.0,,0,682.7533405260258,1.0,25.0,0.0,0.0,2.0,,,,False
TAPPEN COURT,4,1,0.0,0,0.0,0.0,0,,,,,0.0,,,,,False
TARRING ST,0,0,0.0,0,0.0,,0,957.9119447717605,2.0,25.0,0.0,0.0,3.0,,,,False
TAXTER PL,0,0,0.0,0,0.0,,0,267.7288039639232,1.0,25.0,0.0,0.0,1.0,,,,False
TEASDALE PL,0,0,0.0,0,0.0,,0,98.95888358787484,2.0,25.0,1.0,0.75,1.0,,,,False
TECH PL,4,1,0.0,1,0.0,0.0,0,868.5607382355738,1.5,25.0,0.0,0.0,4.0,,,,False
TENNIS COURT,2,1,0.0,1,0.0,0.0,0,,,,,0.0,,,,,False
TENNIS CT,0,0,0.0,1,0.0,,0,599.9473472097284,1.0,25.0,0.0,0.0,2.0,,,,False
TENTH AVE,1,0,0.0,0,0.0,,0,,,,,0.0,,,,,False
"TENTH AVE NEW YORK, NY 10019",1,1,0.0,0,0.0,0.0,0,,,,,0.0,,,,,False
TERI COURT,1,0,0.0,0,0.0,,0,,,,,0.0,,,,,False
TERMINAL 5ARRIVALS,0,0,0.0,0,0.0,,0,,,,,0.0,,,,,False
TERMINAL MARKET LOADING DOCK,1,0,0.0,0,0.0,,0,,,,,0.0,,,,,False
TERRACE,1,0,0.0,0,0.0,,0,,,,,0.0,,,,,False
TERRACE COURT,7,1,0.0,0,0.0,0.0,0,,,,,0.0,,,,,False
TERRACE CT,0,0,0.0,0,0.0,,0,924.469322277349,2.0,25.0,0.0,0.0,8.0,,,,False
TERRACE DR,0,0,0.0,3,0.0,,0,2307.60232028018,1.588235294117647,25.0,0.0,0.0,17.0,,,,False
THEATRE ALLEY,1,0,0.0,0,0.0,,0,,,,,0.0,,,,,False
THIRD AVE,35,19,0.0,1,0.0,0.0,0,,,,,0.0,,,,,False
THIRD AVE AND EAST 14TH STREE,1,1,0.0,0,0.0,0.0,0,,,,,0.0,,,,,False
THIRD AVE BRIDGE,84,15,0.0,7,0.0,0.0,0,,,,,0.0,,,,,False
THIRD ST,1,0,0.0,0,0.0,,0,,,,,0.0,,,,,False
THOLLEN ST,0,0,0.0,0,0.0,,0,1334.7765222367027,2.0,25.0,0.0,0.0,5.0,,,,False
THOMAS BORLAND ST,1,0,0.0,0,0.0,,0,,,,,0.0,,,,,False
THOMAS BOYLAND,4,1,0.0,1,0.0,0.0,0,,,,,0.0,,,,,False
THOMAS BOYLAND AVE,1,0,0.0,0,0.0,,0,,,,,0.0,,,,,False
THOMAS BOYLAND BLVD,1,0,0.0,0,0.0,,0,,,,,0.0,,,,,False
THOMAS BOYLAND ST,21,12,0.0,0,0.0,0.0,0,,,,,0.0,,,,,False
THOMAS S BOYLAND,13,8,0.0,0,0.0,0.0,0,,,,,0.0,,,,,False
THOMAS S BOYLAND ST,24,14,0.0,74,0.0,0.0,0,12096.039421599191,1.7179487179487178,25.0,0.0,0.0,39.0,,,,False
THOMAS S. BOYLAND ST,2,1,0.0,0,0.0,0.0,0,,,,,0.0,,,,,False
THOMPSON AVE,3,2,0.0,0,0.0,0.0,0,,,,,0.0,,,,,False
THOMPSON PL,1,1,0.0,0,0.0,0.0,0,463.7399220661524,2.0,25.0,0.0,0.0,2.0,,,,False
THROGMORTAN AVE,3,0,0.0,2,0.0,,0,,,,,0.0,,,,,False
THROGMORTON AVE,1,0,0.0,0,0.0,,0,2296.2342873061616,2.0,25.0,0.0,0.0,6.0,,,,False
THROGS NECK BRG,0,0,0.0,4,0.0,,0,21076.57709653798,2.6451612903225805,25.0,1.0,0.75,31.0,,,,False
THROGS NECK BRIDGE,728,339,0.0,68,0.0,0.0,0,,,,,0.0,,,,,False
THROGS NECK SERVICE RD,0,0,0.0,2,0.0,,0,,,,,0.0,,,,,False
THROGSNECK EXPY SVC RD,1,0,0.0,0,0.0,,0,,,,,0.0,,,,,False
TIBER PL,0,0,0.0,0,0.0,,0,804.9949463780257,2.0,25.0,0.0,0.0,5.0,,,,False
TIDES LANE,1,1,0.0,0,0.0,0.0,0,,,,,0.0,,,,,False
TIDES RD,1,0,0.0,0,0.0,,0,573.2667852113333,2.0,25.0,0.0,0.0,6.0,,,,False
TIER ST,0,0,0.0,0,0.0,,0,1913.5670504360787,2.0,25.0,0.0,0.0,5.0,,,,False
TILSON PL,0,0,0.0,0,0.0,,0,602.5480970525203,1.3333333333333333,23.333333333333332,0.0,0.0,3.0,,,,False
TIMBER RIDGE DR,3,0,0.0,0,0.0,,0,2229.9904214260787,1.5,25.0,0.0,0.0,20.0,,,,False
TIMES SQ,0,0,0.0,1,0.0,,0,,,,,0.0,,,,,False
TIMES SQUARE,33,11,0.0,4,0.0,0.0,0,,,,,0.0,,,,,False
TIMOTHY CT,0,0,0.0,1,0.0,,0,356.9427550443093,2.0,25.0,0.0,0.0,3.0,,,,False
TIOGA WALK,1,1,0.0,0,0.0,0.0,0,,,,,0.0,,,,,False
TODDY AVE,0,0,0.0,0,0.0,,0,825.7325702225749,2.0,25.0,0.0,0.0,3.0,,,,False
TOMPKINS CIRCLE,3,0,0.0,0,0.0,,0,,,,,0.0,,,,,False
TOMPKINS COURT,2,0,0.0,0,0.0,,0,,,,,0.0,,,,,False
TONE LANE,1,0,0.0,0,0.0,,0,,,,,0.0,,,,,False
TOPSIDE LANE,0,0,0.0,0,0.0,,0,,,,,0.0,,,,,False
TORRICE LOOP,1,0,0.0,0,0.0,,0,1051.1676268194556,2.0,25.0,0.0,0.0,3.0,,,,False
TOTTEN AVE,3,0,0.0,3,0.0,,0,2780.2636571804564,2.076923076923077,25.0,0.0,0.0,13.0,,,,False
TOTTEN RD,19,5,0.0,2,0.0,0.0,0,,,,,0.0,,,,,False
TOWERS LN,0,0,0.0,0,0.0,,0,644.2999714672577,2.0,25.0,0.0,0.0,1.0,,,,False
TRANS- MANHATTAN EXPY,1,5,0.0,0,0.0,0.0,0,,,,,0.0,,,,,False
TRANS-MANHATTAN EXPY,0,0,0.0,1,0.0,,0,,,,,0.0,,,,,False
TRANSVERSE RD,0,0,0.0,1,0.0,,0,,,,,0.0,,,,,False
TRANSVERSE RD 3,0,0,0.0,3,0.0,,0,,,,,0.0,,,,,False
TRANSVERSE RD NUMBER FOUR,46,29,0.0,1,0.0,0.0,0,,,,,0.0,,,,,False
TRANSVERSE RD NUMBER ONE,61,23,0.0,2,0.0,0.0,0,,,,,0.0,,,,,False
TRANSVERSE RD NUMBER THREE,65,32,0.0,3,0.0,0.0,0,,,,,0.0,,,,,False
TRANSVERSE RD NUMBER TWO,38,11,0.0,6,0.0,0.0,0,,,,,0.0,,,,,False
TREMONT AVE,4,2,0.0,0,0.0,0.0,0,808.3667393323734,2.0,25.0,0.0,0.0,2.0,,,,False
TRENTON COURT,1,0,0.0,0,0.0,,0,,,,,0.0,,,,,False
TRIBORO BRIDGE,0,0,0.0,2,0.0,,0,,,,,0.0,,,,,False
TRIBOROUGH BRIDGE,1520,621,0.0,257,0.0,0.0,0,,,,,0.0,,,,,False
TRICIA WAY,0,0,0.0,0,0.0,,0,324.0799036921342,2.0,25.0,0.0,0.0,1.0,,,,False
TRIOKA WAY,0,0,0.0,0,0.0,,0,724.39223420063,2.0,25.0,0.0,0.0,1.0,,,,False
TROTTING COURSE LANE,12,0,0.0,0,0.0,,0,,,,,0.0,,,,,False
TROUTMAN AVE,1,0,0.0,0,0.0,,0,,,,,0.0,,,,,False
TRYON PL,1,0,0.0,0,0.0,,0,1576.070001256911,1.6666666666666667,25.0,0.0,0.0,3.0,,,,False
TUCKAHOE AVE,0,0,0.0,0,0.0,,0,1270.387648481406,2.0,25.0,0.0,0.0,2.0,,,,False
TUNNEL,36,14,0.0,0,0.0,0.0,0,,,,,0.0,,,,,False
TUNNEL APPROACH ST,3,0,0.0,0,0.0,,0,,,,,0.0,,,,,False
TURNER AVE,4,1,0.0,0,0.0,0.0,0,,,,,0.0,,,,,False
TURNEUR AVE,1,0,0.0,0,0.0,,0,1166.607625817013,2.0,25.0,0.0,0.0,2.0,,,,False
TUSKEGEE AIRMAN WAY,2,0,0.0,0,0.0,,0,,,,,0.0,,,,,False
TUSKEGEE AIRMEN WAY,3,1,0.0,19,0.0,0.0,0,6283.506701550534,1.8695652173913044,25.0,0.0,0.0,23.0,,,,False
TYSENS LANE,70,25,0.0,10,0.0,0.0,0,,,,,0.0,,,,,False
TYSENS LN,0,0,0.0,14,0.0,,0,8322.968353547805,2.0,25.0,0.0,0.0,28.0,,,,False
ULLMER ST,0,0,0.0,0,0.0,,0,,,,,0.0,,,,,False
UN PLAZA,12,2,0.0,0,0.0,0.0,0,,,,,0.0,,,,,False
UNDERHILL RD,1,0,0.0,0,0.0,,0,1106.1211760834908,1.0,25.0,0.0,0.0,4.0,,,,False
UNION 105 TPKE,0,0,0.0,0,0.0,,0,,,,,0.0,,,,,False
UNION 107 TPKE,1,1,0.0,0,0.0,0.0,0,,,,,0.0,,,,,False
UNION 111 TPKE,1,1,0.0,0,0.0,0.0,0,,,,,0.0,,,,,False
UNION 112 TPKE,5,0,0.0,0,0.0,,0,,,,,0.0,,,,,False
UNION AVNUE,1,0,0.0,0,0.0,,0,,,,,0.0,,,,,False
UNION COURT,2,1,0.0,0,0.0,0.0,0,,,,,0.0,,,,,False
UNION PL,0,0,0.0,3,0.0,,0,342.0725392526651,2.0,25.0,0.0,0.0,1.0,,,,False
UNION SQ E,0,0,0.0,4,0.0,,0,1639.9820658999515,2.272727272727273,25.0,0.0,0.0,11.0,,,,False
UNION SQ S,0,0,0.0,2,0.0,,0,,,,,0.0,,,,,False
UNION SQ W,0,0,0.0,2,0.0,,0,796.7634107343539,1.0,25.0,0.0,0.0,3.0,,,,False
UNION SQUARE EAST,51,29,0.0,3,0.0,0.0,0,,,,,0.0,,,,,False
UNION SQUARE PARK,1,1,0.0,0,0.0,0.0,0,,,,,0.0,,,,,False
UNION SQUARE SOUTH,3,1,0.0,0,0.0,0.0,0,,,,,0.0,,,,,False
UNION SQUARE WEST,13,3,0.0,2,0.0,0.0,0,,,,,0.0,,,,,False
UNISPHERE PROM,1,2,0.0,0,0.0,0.0,0,,,,,0.0,,,,,False
UNITED NATIONS AVE N,1,1,0.0,3,0.0,0.0,0,2714.2869867726713,1.0,25.0,1.0,0.75,10.0,,,,False
UNITED NATIONS AVE S,2,0,0.0,1,0.0,,0,2867.8542785098734,1.1538461538461537,25.0,1.0,0.75,13.0,,,,False
UNITED NATIONS AVE SOUTH,0,0,0.0,0,0.0,,0,,,,,0.0,,,,,False
UNITED NATIONS PLAZA,1,0,0.0,0,0.0,,0,,,,,0.0,,,,,False
UNITED NATIONS PLZ,0,0,0.0,1,0.0,,0,223.9889841369708,2.0,25.0,0.0,0.0,1.0,,,,False
UNIVERSITY HEIGHTS BRG,0,0,0.0,12,0.0,,0,1152.7513433086492,4.0,25.0,1.0,0.75,6.0,,,,False
UNIVERSITY HEIGHTS BRIDGE,28,9,0.0,2,0.0,0.0,0,,,,,0.0,,,,,False
UNIVERSITY PARK,2,0,0.0,0,0.0,,0,,,,,0.0,,,,,False
UNIVERSITY PLAZA,4,1,0.0,1,0.0,0.0,0,,,,,0.0,,,,,False
UNIVERSITY PLZ,0,0,0.0,1,0.0,,0,712.0382900642824,0.0,25.0,1.0,0.75,2.0,,,,False
UTAH ST,0,0,0.0,0,0.0,,0,522.0463904819406,1.0,25.0,0.0,0.0,3.0,,,,False
VALENTINE,0,0,0.0,1,0.0,,0,,,,,0.0,,,,,False
VAN CLEEF ST,0,0,0.0,3,0.0,,0,1680.861809988143,1.25,25.0,0.0,0.0,4.0,,,,False
VAN CORLEAR PL,0,0,0.0,0,0.0,,0,674.2766622290935,1.0,25.0,0.0,0.0,3.0,,,,False
VAN CORTLAND PARK S,1,0,0.0,0,0.0,,0,,,,,0.0,,,,,False
VAN CORTLAND PARK SOUTH,5,1,0.0,0,0.0,0.0,0,,,,,0.0,,,,,False
VAN CORTLANDL PARK WEST,0,0,0.0,3,0.0,,0,,,,,0.0,,,,,False
VAN CORTLANDT AVE,0,0,0.0,0,0.0,,0,1491.6898086718957,1.0,25.0,0.0,0.0,3.0,,,,False
VAN CORTLANDT AVE E,0,0,0.0,8,0.0,,0,2625.8977855309463,3.0555555555555554,24.72222222222222,0.0,0.0,18.0,,,,False
VAN CORTLANDT AVE W,0,0,0.0,7,0.0,,0,3187.688290259492,2.125,25.0,0.0,0.0,16.0,,,,False
VAN CORTLANDT PARK E,0,0,0.0,1,0.0,,0,4118.147390450225,2.0714285714285716,25.0,0.0,0.0,28.0,,,,False
VAN CORTLANDT PARK S,4,1,0.0,28,0.0,0.0,0,4124.182493262004,2.55,25.0,1.0,0.75,20.0,,,,False
VAN CORTLANDT PARK SOUTH,24,8,0.0,6,0.0,0.0,0,,,,,0.0,,,,,False
VAN CORTLANDT SOUTH,1,1,0.0,0,0.0,0.0,0,,,,,0.0,,,,,False
VAN COURTLAND PARK SOUTH,1,0,0.0,0,0.0,,0,,,,,0.0,,,,,False
VAN COURTLAND SOUTH,1,0,0.0,0,0.0,,0,,,,,0.0,,,,,False
VAN COURTLANDT PARK SOUTH,7,1,0.0,0,0.0,0.0,0,,,,,0.0,,,,,False
VAN DAN ST,2,1,0.0,0,0.0,0.0,0,,,,,0.0,,,,,False
VAN DOREN ST,1,0,0.0,1,0.0,,0,2086.4273958831086,1.1666666666666667,25.0,0.0,0.0,6.0,,,,False
VAN DUZER ST,0,0,0.0,20,0.0,,0,10393.360117860673,1.2195121951219512,25.0,0.0,0.0,41.0,,,,False
VAN DUZER ST EXT,0,0,0.0,0,0.0,,0,,,,,0.0,,,,,False
VAN HORN ST,0,0,0.0,4,0.0,,0,2679.479262191538,1.0,25.0,0.0,0.0,13.0,,,,False
VAN KLEECK ST,0,0,0.0,0,0.0,,0,803.9324117887178,1.0,25.0,0.0,0.0,2.0,,,,False
VAN LOON ST,0,0,0.0,1,0.0,,0,819.1765616101077,1.8,25.0,0.0,0.0,5.0,,,,False
VAN NAME AVE,0,0,0.0,1,0.0,,0,4662.951146541154,1.894736842105263,25.0,1.0,0.75,19.0,,,,False
VAN NEST AVE,0,0,0.0,21,0.0,,0,8689.071925699436,1.121212121212121,25.0,0.0,0.0,33.0,,,,False
VAN PELT AVE,0,0,0.0,4,0.0,,0,3975.353724420034,2.0,25.0,1.0,0.75,8.0,,,,False
VAN RIPER ST,0,0,0.0,3,0.0,,0,764.1532730104584,2.0,25.0,0.0,0.0,1.0,,,,False
VAN SICLEN,1,0,0.0,0,0.0,,0,,,,,0.0,,,,,False
VAN SIDERIN AVE,66,47,0.0,4,0.0,0.0,0,,,,,0.0,,,,,False
VAN SINDEREN,2,2,0.0,0,0.0,0.0,0,,,,,0.0,,,,,False
VAN SINDEREN AVE,6,4,0.0,10,0.0,0.0,0,10096.626410996629,1.0952380952380953,24.285714285714285,0.0,0.0,21.0,,,,False
VAN WHYCK SERVICE RD,0,0,0.0,0,0.0,,0,,,,,0.0,,,,,False
VAN WICK EXPY,1,0,0.0,0,0.0,,0,,,,,0.0,,,,,False
VAN WYCK,0,0,0.0,0,0.0,,0,,,,,0.0,,,,,False
VAN WYCK EXPRESS,0,0,0.0,0,0.0,,0,,,,,0.0,,,,,False
VAN WYCK EXPRESS WAY,1,0,0.0,0,0.0,,0,,,,,0.0,,,,,False
VAN WYCK EXPY EXTENSION,27,7,0.0,0,0.0,0.0,0,,,,,0.0,,,,,False
VAN WYCK EXPY N,0,0,0.0,1,0.0,,0,,,,,0.0,,,,,False
VAN WYCK EXPY SERVICE RD,4,2,0.0,0,0.0,0.0,0,,,,,0.0,,,,,False
VAN WYCK EXPY SERVICEROAD,1,1,0.0,0,0.0,0.0,0,,,,,0.0,,,,,False
VAN WYCK SERVICE RD,3,2,0.0,0,0.0,0.0,0,,,,,0.0,,,,,False
VAN WYCK WEST SERVICE RD,1,0,0.0,0,0.0,,0,,,,,0.0,,,,,False
VAN WYK EXPY,1,0,0.0,0,0.0,,0,,,,,0.0,,,,,False
VAN ZANDT AVE,1,0,0.0,0,0.0,,0,3569.0335037721875,2.0,25.0,0.0,0.0,9.0,,,,False
VANALLEN AVE,1,0,0.0,0,0.0,,0,,,,,0.0,,,,,False
VANBRUNT ST,1,0,0.0,0,0.0,,0,,,,,0.0,,,,,False
VANBUREN ST,20,2,0.0,0,0.0,0.0,0,,,,,0.0,,,,,False
VANCLEEF ST,14,6,0.0,0,0.0,0.0,0,,,,,0.0,,,,,False
VANCORLEAR PL,2,1,0.0,0,0.0,0.0,0,,,,,0.0,,,,,False
VANCORTLAND PARK S,1,0,0.0,0,0.0,,0,,,,,0.0,,,,,False
VANCORTLAND PARK SOUTH,1,0,0.0,0,0.0,,0,,,,,0.0,,,,,False
VANCORTLANDT AVE,2,0,0.0,0,0.0,,0,,,,,0.0,,,,,False
VANCORTLANDT AVE EAST,59,27,0.0,1,0.0,0.0,0,,,,,0.0,,,,,False
VANCORTLANDT AVE SOUTH,2,1,0.0,0,0.0,0.0,0,,,,,0.0,,,,,False
VANCORTLANDT AVE WEST,48,25,0.0,3,0.0,0.0,0,,,,,0.0,,,,,False
VANCORTLANDT PARK,22,12,0.0,5,0.0,0.0,0,,,,,0.0,,,,,False
VANCORTLANDT PARK EAST,36,9,0.0,2,0.0,0.0,0,,,,,0.0,,,,,False
VANCORTLANDT PARK S,1,0,0.0,0,0.0,,0,,,,,0.0,,,,,False
VANCORTLANDT PARK SOUTH,17,3,0.0,0,0.0,0.0,0,,,,,0.0,,,,,False
VANCORTLANDT PARK WEST,46,17,0.0,7,0.0,0.0,0,,,,,0.0,,,,,False
VANCOURTLANDT PARK SOUTH,1,0,0.0,0,0.0,,0,,,,,0.0,,,,,False
VANDALIA ST,3,0,0.0,0,0.0,,0,,,,,0.0,,,,,False
VANDERVOORT AVE,20,7,0.0,30,0.0,0.0,0,3990.0536257751396,4.0,25.0,0.0,0.0,16.0,,,,False
VANDERVOORT ST,1,0,0.0,0,0.0,,0,,,,,0.0,,,,,False
VANDERVOPRT AVE,1,0,0.0,0,0.0,,0,,,,,0.0,,,,,False
VANDERVORT AVE,222,77,0.0,14,0.0,0.0,0,,,,,0.0,,,,,False
VANDERVORT PL,1,0,0.0,0,0.0,,0,,,,,0.0,,,,,False
VANDOREN ST,22,7,0.0,0,0.0,0.0,0,,,,,0.0,,,,,False
VANDUZER ST,173,77,0.0,6,0.0,0.0,0,,,,,0.0,,,,,False
VANERVEER ST,26,11,0.0,1,0.0,0.0,0,,,,,0.0,,,,,False
VANHORN ST,18,9,0.0,0,0.0,0.0,0,,,,,0.0,,,,,False
VANKLEECK ST,4,1,0.0,0,0.0,0.0,0,,,,,0.0,,,,,False
VANLOON ST,18,8,0.0,2,0.0,0.0,0,,,,,0.0,,,,,False
VANNAME AVE,16,5,0.0,1,0.0,0.0,0,,,,,0.0,,,,,False
VANNEST AVE,126,65,0.0,9,0.0,0.0,0,,,,,0.0,,,,,False
VANPELT AVE,24,8,0.0,3,0.0,0.0,0,,,,,0.0,,,,,False
VANRIPER ST,4,1,0.0,0,0.0,0.0,0,,,,,0.0,,,,,False
VANSICLEN ST,2,0,0.0,0,0.0,,0,,,,,0.0,,,,,False
VANTUYL ST,2,0,0.0,0,0.0,,0,,,,,0.0,,,,,False
VANWICKLEN RD,1,0,0.0,0,0.0,,0,,,,,0.0,,,,,False
VANWYCK,1,0,0.0,0,0.0,,0,,,,,0.0,,,,,False
VANWYCK AVE,1,0,0.0,0,0.0,,0,,,,,0.0,,,,,False
VANWYCK EXPY FRONTAGE RD,1,1,0.0,0,0.0,0.0,0,,,,,0.0,,,,,False
VANWYCK EXPY NORTH SERVICE,1,0,0.0,0,0.0,,0,,,,,0.0,,,,,False
VANWYCK EXPY SERIVCE RD,0,0,0.0,0,0.0,,0,,,,,0.0,,,,,False
VANWYCK EXPY SERVICE RD,7,3,0.0,0,0.0,0.0,0,,,,,0.0,,,,,False
VANZANDT AVE,6,1,0.0,0,0.0,0.0,0,,,,,0.0,,,,,False
VASWANI AVE,0,0,0.0,0,0.0,,0,340.82264178121386,2.0,25.0,0.0,0.0,1.0,,,,False
VENDERBILT AVE,1,1,0.0,0,0.0,0.0,0,,,,,0.0,,,,,False
VERICK ST,1,1,0.0,0,0.0,0.0,0,,,,,0.0,,,,,False
VERMONT COURT,2,0,0.0,0,0.0,,0,,,,,0.0,,,,,False
VERRAZANO BRIDGE,193,81,0.0,23,0.0,0.0,0,,,,,0.0,,,,,False
VERRAZANO BRIDGE LOWER,629,257,0.0,117,0.0,0.0,0,,,,,0.0,,,,,False
VERRAZANO BRIDGE UPPER,1734,995,0.0,320,0.0,0.0,0,,,,,0.0,,,,,False
VERRAZZANO BRG,0,0,0.0,4,0.0,,0,30594.532445643057,2.989795918367347,38.92857142857143,1.0,0.75,98.0,,,,False
VERRAZZANO BRIDGE,0,0,0.0,0,0.0,,0,1957.7700429853876,1.4285714285714286,25.0,1.0,0.75,7.0,,,,False
VERRAZZANO BRIDGE PLZ,0,0,0.0,0,0.0,,0,,,,,0.0,,,,,False
VETERANS,1,0,0.0,0,0.0,,0,,,,,0.0,,,,,False
VETERANS CIRCLE,1,0,0.0,0,0.0,,0,,,,,0.0,,,,,False
VETERANS MEM DR,0,0,0.0,0,0.0,,0,2304.6535143275714,1.5,30.0,0.0,0.0,4.0,,,,False
VETERANS RD E,0,0,0.0,3,0.0,,0,13647.466870210486,2.625,30.416666666666668,0.0,0.0,24.0,,,,False
VETERANS RD EAST,22,9,0.0,0,0.0,0.0,0,,,,,0.0,,,,,False
VETERANS RD W,0,0,0.0,13,0.0,,0,19347.929254009578,2.2653061224489797,31.3265306122449,0.0,0.0,49.0,,,,False
VETERANS RD WEST,146,33,0.0,23,0.0,0.0,0,,,,,0.0,,,,,False
VICTORIA DR,0,0,0.0,0,0.0,,0,443.331056930416,2.0,25.0,0.0,0.0,1.0,,,,False
VILLAGE LANE,0,0,0.0,0,0.0,,0,,,,,0.0,,,,,False
VILLAGE LN,0,0,0.0,1,0.0,,0,1796.9624868070027,2.0,25.0,1.0,0.75,5.0,,,,False
VILLAGE RD E,0,0,0.0,0,0.0,,0,1010.3438905774457,1.0,25.0,0.0,0.0,4.0,,,,False
VILLAGE RD EAST,1,1,0.0,0,0.0,0.0,0,,,,,0.0,,,,,False
VILLAGE RD N,0,0,0.0,2,0.0,,0,965.7713945788604,1.0,25.0,0.0,0.0,3.0,,,,False
VILLAGE RD NORTH,4,2,0.0,0,0.0,0.0,0,,,,,0.0,,,,,False
VILLAGE RD S,0,0,0.0,0,0.0,,0,1015.8392135103627,1.0,25.0,0.0,0.0,6.0,,,,False
VILLAGE RD SOUTH,6,2,0.0,0,0.0,0.0,0,,,,,0.0,,,,,False
VISTA AVE,0,0,0.0,0,0.0,,0,1805.278959367156,2.0,25.0,0.0,0.0,8.0,,,,False
VITAL AVE,0,0,0.0,0,0.0,,0,685.0649336350074,2.0,25.0,0.0,0.0,1.0,,,,False
VREELAND ST,0,0,0.0,0,0.0,,0,813.0038019892908,2.0,25.0,0.0,0.0,3.0,,,,False
W 10 RD,0,0,0.0,0,0.0,,0,821.8023419179567,2.0,25.0,0.0,0.0,3.0,,,,False
W 110 CENTRAL PARK NORTH,1,0,0.0,0,0.0,,0,,,,,0.0,,,,,False
W 110 ST,165,78,0.0,8,0.0,0.0,0,,,,,0.0,,,,,False
W 111,1,1,0.0,0,0.0,0.0,0,,,,,0.0,,,,,False
W 114TH ST,1,0,0.0,0,0.0,,0,,,,,0.0,,,,,False
W 123 ST 8 AVE,0,0,0.0,0,0.0,,0,,,,,0.0,,,,,False
W 125TH ST,1,1,0.0,0,0.0,0.0,0,,,,,0.0,,,,,False
W 129TH ST,1,0,0.0,0,0.0,,0,,,,,0.0,,,,,False
W 135,0,0,0.0,0,0.0,,0,,,,,0.0,,,,,False
W 138 ST 7 AVE,1,0,0.0,0,0.0,,0,,,,,0.0,,,,,False
W 144TH ST,1,0,0.0,0,0.0,,0,,,,,0.0,,,,,False
W 145 ST BRIDGE,9,7,0.0,4,0.0,0.0,0,,,,,0.0,,,,,False
W 150,1,0,0.0,0,0.0,,0,,,,,0.0,,,,,False
W 155,0,0,0.0,3,0.0,,0,,,,,0.0,,,,,False
W 155 ST BRIDGE,7,10,0.0,0,0.0,0.0,0,,,,,0.0,,,,,False
W 155TH ST,1,3,0.0,1,0.0,0.0,0,,,,,0.0,,,,,False
W 158TH ST,0,0,0.0,2,0.0,,0,,,,,0.0,,,,,False
W 165,0,0,0.0,1,0.0,,0,,,,,0.0,,,,,False
W 166,0,0,0.0,0,0.0,,0,,,,,0.0,,,,,False
W 17 STRRET,1,0,0.0,0,0.0,,0,,,,,0.0,,,,,False
"W 176 ST, MACOMBS RD",0,0,0.0,0,0.0,,0,,,,,0.0,,,,,False
W 198,1,0,0.0,0,0.0,,0,,,,,0.0,,,,,False
W 207TH ST,1,0,0.0,0,0.0,,0,,,,,0.0,,,,,False
W 225,1,0,0.0,0,0.0,,0,,,,,0.0,,,,,False
W 225 ST BRIDGE,0,0,0.0,1,0.0,,0,,,,,0.0,,,,,False
W 229 ST,0,0,0.0,2,0.0,,0,892.2988658487635,2.0,25.0,1.0,0.75,7.0,,,,False
W 230TH ST,1,0,0.0,0,0.0,,0,,,,,0.0,,,,,False
W 231,0,0,0.0,0,0.0,,0,,,,,0.0,,,,,False
W 232ND ST,1,0,0.0,0,0.0,,0,,,,,0.0,,,,,False
W 235,0,0,0.0,2,0.0,,0,,,,,0.0,,,,,False
W 238,1,1,0.0,0,0.0,0.0,0,,,,,0.0,,,,,False
W 238 SBROADWAY,1,0,0.0,0,0.0,,0,,,,,0.0,,,,,False
W 238TH ST,1,0,0.0,0,0.0,,0,,,,,0.0,,,,,False
W 240,0,0,0.0,0,0.0,,0,,,,,0.0,,,,,False
W 244,1,0,0.0,0,0.0,,0,,,,,0.0,,,,,False
W 247 ST,0,0,0.0,1,0.0,,0,2073.1287338596726,1.0,20.0,0.0,0.0,7.0,,,,False
W 254TH ST,1,0,0.0,0,0.0,,0,,,,,0.0,,,,,False
W 27TH ST,1,0,0.0,0,0.0,,0,,,,,0.0,,,,,False
W 310 261 ST,0,0,0.0,0,0.0,,0,,,,,0.0,,,,,False
W 36TH ST,1,1,0.0,0,0.0,0.0,0,,,,,0.0,,,,,False
W 37TH ST,1,0,0.0,0,0.0,,0,,,,,0.0,,,,,False
W 3RD ST,1,1,0.0,0,0.0,0.0,0,,,,,0.0,,,,,False
W 4 AVE P,1,0,0.0,0,0.0,,0,,,,,0.0,,,,,False
W 40TH ST,1,1,0.0,0,0.0,0.0,0,,,,,0.0,,,,,False
W 42 ST 10 AVE,0,0,0.0,0,0.0,,0,,,,,0.0,,,,,False
W 42ND ST,1,0,0.0,0,0.0,,0,,,,,0.0,,,,,False
W 43,0,0,0.0,0,0.0,,0,,,,,0.0,,,,,False
W 46TH ST,1,0,0.0,0,0.0,,0,,,,,0.0,,,,,False
W 51,1,1,0.0,0,0.0,0.0,0,,,,,0.0,,,,,False
W 51ST ST,1,0,0.0,0,0.0,,0,,,,,0.0,,,,,False
W 52ND ST,2,1,0.0,0,0.0,0.0,0,,,,,0.0,,,,,False
W 53,1,0,0.0,0,0.0,,0,,,,,0.0,,,,,False
W 53RD ST,1,0,0.0,0,0.0,,0,,,,,0.0,,,,,False
W 56 STREETT,1,0,0.0,0,0.0,,0,,,,,0.0,,,,,False
W 59TH ST,1,0,0.0,0,0.0,,0,,,,,0.0,,,,,False
W 5TH ST,1,0,0.0,0,0.0,,0,,,,,0.0,,,,,False
W 70TH ST,1,0,0.0,0,0.0,,0,,,,,0.0,,,,,False
W 75TH ST,1,0,0.0,0,0.0,,0,,,,,0.0,,,,,False
W 7TH AVE,1,1,0.0,0,0.0,0.0,0,,,,,0.0,,,,,False
W 83RD ST,0,0,0.0,0,0.0,,0,,,,,0.0,,,,,False
W 86TH ST,2,0,0.0,0,0.0,,0,,,,,0.0,,,,,False
W 8TH ST,1,1,0.0,0,0.0,0.0,0,,,,,0.0,,,,,False
W 94TH ST,1,1,0.0,0,0.0,0.0,0,,,,,0.0,,,,,False
W 99TH ST,1,0,0.0,0,0.0,,0,,,,,0.0,,,,,False
W 9TH ST,3,0,0.0,0,0.0,,0,,,,,0.0,,,,,False
W BEDFORD PARK BLVD,19,4,0.0,3,0.0,0.0,0,,,,,0.0,,,,,False
W BOUND DR THEODORE KAZIMIROF,1,0,0.0,0,0.0,,0,,,,,0.0,,,,,False
W BOUND PROSPECT EXPY,1,0,0.0,0,0.0,,0,,,,,0.0,,,,,False
W BRIELLE AVE,0,0,0.0,0,0.0,,0,,,,,0.0,,,,,False
W FARM RD,0,0,0.0,1,0.0,,0,,,,,0.0,,,,,False
W FARMS SQUARE PLZ,0,0,0.0,0,0.0,,0,,,,,0.0,,,,,False
W FIRST ST,1,1,0.0,0,0.0,0.0,0,,,,,0.0,,,,,False
W HENRY HUDSON PKWY,1,1,0.0,0,0.0,0.0,0,,,,,0.0,,,,,False
W HOUSTON,1,0,0.0,0,0.0,,0,,,,,0.0,,,,,False
W KINGSBRIGE RD,0,0,0.0,1,0.0,,0,,,,,0.0,,,,,False
W LAKE DR,2,2,0.0,0,0.0,0.0,0,,,,,0.0,,,,,False
W LOOP RD,3,2,0.0,1,0.0,0.0,0,1369.327381375883,1.0,25.0,0.0,0.0,2.0,,,,False
W MOSHOLU PKWY N,0,0,0.0,1,0.0,,0,1226.332243759197,2.0,25.0,0.0,0.0,3.0,,,,False
W MOSHOLU PKWY NORTH,21,4,0.0,0,0.0,0.0,0,,,,,0.0,,,,,False
W MOSHOLU PKWY S,0,0,0.0,6,0.0,,0,2468.6743860013466,1.4166666666666667,25.0,0.0,0.0,12.0,,,,False
W MOSHOLU PKWY SOUTH,28,16,0.0,3,0.0,0.0,0,,,,,0.0,,,,,False
W OCEANA DR,1,2,0.0,0,0.0,0.0,0,,,,,0.0,,,,,False
W RD,0,0,0.0,0,0.0,,0,5767.052842049595,1.2592592592592593,25.0,0.0,0.0,27.0,,,,False
W SHORE PKWY,0,0,0.0,0,0.0,,0,1436.3862229506199,1.3333333333333333,25.0,1.0,0.75,6.0,,,,False
W SIDE,1,0,0.0,0,0.0,,0,,,,,0.0,,,,,False
W SIDE HWY,6,0,0.0,0,0.0,,0,,,,,0.0,,,,,False
W TERRACE,3,0,0.0,0,0.0,,0,,,,,0.0,,,,,False
W. HOUSTON,1,0,0.0,0,0.0,,0,,,,,0.0,,,,,False
W/B EAST 116 ST,1,1,0.0,0,0.0,0.0,0,,,,,0.0,,,,,False
W/B GCP,1,0,0.0,0,0.0,,0,,,,,0.0,,,,,False
W/B MARINA RD,1,0,0.0,0,0.0,,0,,,,,0.0,,,,,False
W/B NORTHER BLVD,1,0,0.0,0,0.0,,0,,,,,0.0,,,,,False
W/B SHORE PKWY,0,0,0.0,1,0.0,,0,,,,,0.0,,,,,False
W28,1,0,0.0,0,0.0,,0,,,,,0.0,,,,,False
W45 10 AVE,1,1,0.0,0,0.0,0.0,0,,,,,0.0,,,,,False
W52ND STRE12 AVE,1,1,0.0,0,0.0,0.0,0,,,,,0.0,,,,,False
WADE SQUARE,1,2,0.0,0,0.0,0.0,0,,,,,0.0,,,,,False
WADSWORTH TER,0,0,0.0,1,0.0,,0,1468.6676115151845,1.0,25.0,1.0,0.75,6.0,,,,False
WADSWORTH TERRACE,21,0,0.0,2,0.0,,0,,,,,0.0,,,,,False
WAIMER PL,0,0,0.0,0,0.0,,0,503.1685428453992,2.0,25.0,0.0,0.0,1.0,,,,False
WAKEFIELD AVE,1,0,0.0,0,0.0,,0,784.709089079155,2.0,25.0,0.0,0.0,2.0,,,,False
WALCH PL,1,0,0.0,0,0.0,,0,347.5083236221572,2.0,25.0,0.0,0.0,1.0,,,,False
WALDORF COURT,2,0,0.0,0,0.0,,0,,,,,0.0,,,,,False
WALL ST COURT,1,0,0.0,0,0.0,,0,,,,,0.0,,,,,False
WALLASTON COURT,1,0,0.0,0,0.0,,0,,,,,0.0,,,,,False
WALLASTON CT,0,0,0.0,0,0.0,,0,357.9665576178927,1.0,25.0,0.0,0.0,1.0,,,,False
WALSH COURT,1,0,0.0,0,0.0,,0,,,,,0.0,,,,,False
WALSH CT,0,0,0.0,0,0.0,,0,526.4496567170536,1.0,25.0,0.0,0.0,1.0,,,,False
WALTERS AVE,0,0,0.0,0,0.0,,0,1038.2536778373353,1.0,25.0,0.0,0.0,2.0,,,,False
WALWORHT ST,0,0,0.0,0,0.0,,0,,,,,0.0,,,,,False
WAN WYCK EXPY,1,0,0.0,0,0.0,,0,,,,,0.0,,,,,False
WANDELL AVE,1,0,0.0,0,0.0,,0,,,,,0.0,,,,,False
WARD ST,1,1,0.0,0,0.0,0.0,0,,,,,0.0,,,,,False
WARDS IS,0,0,0.0,0,0.0,,0,,,,,0.0,,,,,False
WARDS ISLAND,2,0,0.0,0,0.0,,0,,,,,0.0,,,,,False
WARDS ISLAND BRIDGE,1,0,0.0,0,0.0,,0,,,,,0.0,,,,,False
WARWICK CRESCENT,2,1,0.0,0,0.0,0.0,0,,,,,0.0,,,,,False
WASHINGTON BRG,0,0,0.0,3,0.0,,0,5280.52154684499,2.652173913043478,25.0,1.0,0.75,46.0,,,,False
WASHINGTON BRIDGE,42,23,0.0,5,0.0,0.0,0,,,,,0.0,,,,,False
WASHINGTON BRIDGE 181 ST,68,32,0.0,15,0.0,0.0,0,,,,,0.0,,,,,False
WASHINGTON MEWS,0,0,0.0,0,0.0,,0,482.97283533946614,1.0,25.0,0.0,0.0,1.0,,,,False
WASHINGTON SQ E,0,0,0.0,0,0.0,,0,507.8256451838874,1.0,25.0,0.0,0.0,2.0,,,,False
WASHINGTON SQ N,0,0,0.0,3,0.0,,0,1006.5769109972139,1.0,25.0,0.0,0.0,2.0,,,,False
WASHINGTON SQ S,0,0,0.0,1,0.0,,0,1000.5241536049426,1.0,25.0,0.0,0.0,4.0,,,,False
WASHINGTON SQ W,0,0,0.0,2,0.0,,0,507.8079188322346,1.0,25.0,0.0,0.0,2.0,,,,False
WASHINGTON SQUARE EAST,3,1,0.0,1,0.0,0.0,0,,,,,0.0,,,,,False
WASHINGTON SQUARE NORTH,9,4,0.0,0,0.0,0.0,0,,,,,0.0,,,,,False
WASHINGTON SQUARE SOUTH,11,8,0.0,0,0.0,0.0,0,,,,,0.0,,,,,False
WASHINGTON SQUARE VILLAGE,6,1,0.0,2,0.0,0.0,0,,,,,0.0,,,,,False
WASHINGTON SQUARE VLG,0,0,0.0,0,0.0,,0,,,,,0.0,,,,,False
WASHINGTON SQUARE WEST,11,5,0.0,0,0.0,0.0,0,,,,,0.0,,,,,False
WASHINTON BRIDGE,0,0,0.0,2,0.0,,0,,,,,0.0,,,,,False
WATERS EDGE DR,1,0,0.0,1,0.0,,0,2296.8047791448644,2.0,25.0,0.0,0.0,4.0,,,,False
WATERSEDGE DR,2,0,0.0,0,0.0,,0,,,,,0.0,,,,,False
WATERSIDE PLAZA,25,10,0.0,1,0.0,0.0,0,,,,,0.0,,,,,False
WATERSIDE PLZ,0,0,0.0,7,0.0,,0,,,,,0.0,,,,,False
WATERVIEW COURT,1,0,0.0,0,0.0,,0,,,,,0.0,,,,,False
WATJEAN COURT,3,0,0.0,0,0.0,,0,,,,,0.0,,,,,False
WATJEAN CT,0,0,0.0,0,0.0,,0,461.6547262763136,1.0,25.0,0.0,0.0,2.0,,,,False
WAYNE PL,1,0,0.0,0,0.0,,0,961.3646841452112,2.0,25.0,0.0,0.0,5.0,,,,False
WB,0,0,0.0,0,0.0,,0,,,,,0.0,,,,,False
WB GRAND ST,1,0,0.0,0,0.0,,0,,,,,0.0,,,,,False
WEATHERLY PL,0,0,0.0,0,0.0,,0,405.53246570254106,2.0,25.0,0.0,0.0,4.0,,,,False
WEAVER AVE,2,0,0.0,0,0.0,,0,959.7442417420837,2.0,25.0,0.0,0.0,2.0,,,,False
WEBSTER,1,0,0.0,0,0.0,,0,,,,,0.0,,,,,False
WEEKS LANE,1,0,0.0,0,0.0,,0,,,,,0.0,,,,,False
WEIHER COURT,1,1,0.0,1,0.0,0.0,0,,,,,0.0,,,,,False
WEIHER CT,0,0,0.0,0,0.0,,0,487.2643327563211,1.0,25.0,0.0,0.0,1.0,,,,False
WELL DR,2,2,0.0,0,0.0,0.0,0,,,,,0.0,,,,,False
WELL HOUSE DR,1,1,0.0,0,0.0,0.0,0,,,,,0.0,,,,,False
WELLER LANE,20,7,0.0,0,0.0,0.0,0,,,,,0.0,,,,,False
WELLER LN,0,0,0.0,1,0.0,,0,3218.100416915767,2.0,25.0,0.0,0.0,10.0,,,,False
WELLHOUSE,1,1,0.0,0,0.0,0.0,0,,,,,0.0,,,,,False
WELLHOUSE DR,1,1,0.0,2,0.0,0.0,0,3913.6911490508537,1.7391304347826086,25.0,1.0,0.75,23.0,,,,False
WELLING COURT,8,2,0.0,0,0.0,0.0,0,,,,,0.0,,,,,False
WELLING CT,0,0,0.0,0,0.0,,0,730.1502875173173,1.0,25.0,0.0,0.0,1.0,,,,False
WELLINGTON COURT,10,2,0.0,1,0.0,0.0,0,,,,,0.0,,,,,False
WELLINGTON CT,0,0,0.0,0,0.0,,0,2497.571419541534,2.0,25.0,0.0,0.0,10.0,,,,False
WERIFIELD ST,1,0,0.0,0,0.0,,0,,,,,0.0,,,,,False
WES 145 ST,1,0,0.0,0,0.0,,0,,,,,0.0,,,,,False
WESCHESTER AVE,1,0,0.0,0,0.0,,0,,,,,0.0,,,,,False
WEST,1,0,0.0,0,0.0,,0,,,,,0.0,,,,,False
WEST. 239 ST,1,0,0.0,0,0.0,,0,,,,,0.0,,,,,False
WEST105 ST,1,0,0.0,0,0.0,,0,,,,,0.0,,,,,False
WEST113 ST,0,0,0.0,0,0.0,,0,,,,,0.0,,,,,False
WEST149 ST,1,0,0.0,0,0.0,,0,,,,,0.0,,,,,False
WEST163 ST,0,0,0.0,1,0.0,,0,,,,,0.0,,,,,False
WEST170 ST,1,1,0.0,0,0.0,0.0,0,,,,,0.0,,,,,False
WEST42 ST,1,0,0.0,0,0.0,,0,,,,,0.0,,,,,False
WESTAWAY RD,0,0,0.0,0,0.0,,0,820.8111792340162,2.0,25.0,0.0,0.0,3.0,,,,False
WESTBURY COURT,6,2,0.0,0,0.0,0.0,0,,,,,0.0,,,,,False
WESTCHESTER AVE AVE,0,0,0.0,2,0.0,,0,,,,,0.0,,,,,False
WESTCHESTER AVE BRG,0,0,0.0,7,0.0,,0,,,,,0.0,,,,,False
WESTCHESTER SQ,0,0,0.0,3,0.0,,0,,,,,0.0,,,,,False
WESTCHESTER SQUARE,49,31,0.0,3,0.0,0.0,0,,,,,0.0,,,,,False
WESTCHSTER AVE,1,0,0.0,0,0.0,,0,,,,,0.0,,,,,False
WESTFIELD AVE,2,0,0.0,0,0.0,,0,451.771402400263,2.0,25.0,0.0,0.0,2.0,,,,False
WESTMINISTER RD,61,16,0.0,0,0.0,0.0,0,,,,,0.0,,,,,False
WESTMINSTER RD,0,0,0.0,2,0.0,,0,7212.506696200086,1.1538461538461537,25.0,0.0,0.0,13.0,,,,False
WESTSIDE HWY,0,0,0.0,0,0.0,,0,,,,,0.0,,,,,False
WEXFORD TER,0,0,0.0,6,0.0,,0,4431.17002437438,1.2142857142857142,25.0,0.0,0.0,14.0,,,,False
WEXFORD TERRACE,49,10,0.0,8,0.0,0.0,0,,,,,0.0,,,,,False
WHALE SQ,0,0,0.0,0,0.0,,0,,,,,0.0,,,,,False
WHISTLER AVE,1,0,0.0,0,0.0,,0,698.1150470740608,2.0,25.0,0.0,0.0,2.0,,,,False
WHITE PLAINS AVE,0,0,0.0,0,0.0,,0,782.3560763860276,1.0,25.0,0.0,0.0,4.0,,,,False
WHITEHALL TER,0,0,0.0,1,0.0,,0,3328.2953408433227,1.8,25.0,0.0,0.0,5.0,,,,False
WHITEHALL TERRACE,14,1,0.0,0,0.0,0.0,0,,,,,0.0,,,,,False
WHITESONE EXPY,1,1,0.0,0,0.0,0.0,0,,,,,0.0,,,,,False
WHITESONE EXPY SERVICE RD,1,1,0.0,0,0.0,0.0,0,,,,,0.0,,,,,False
WHITESTONE BRG,0,0,0.0,2,0.0,,0,13610.069482174742,3.0,50.0,1.0,0.75,13.0,,,,False
WHITESTONE BRIDGE,1,0,0.0,0,0.0,,0,,,,,0.0,,,,,False
WHITESTONE E SERVICE RD,0,0,0.0,0,0.0,,0,,,,,0.0,,,,,False
WHITESTONE EXPY FRONTAGE R,1,0,0.0,0,0.0,,0,,,,,0.0,,,,,False
WHITESTONE EXPY SERVICE RD,6,3,0.0,1,0.0,0.0,0,,,,,0.0,,,,,False
WHITESTONE W SERVICE RD,0,0,0.0,0,0.0,,0,,,,,0.0,,,,,False
WHITSON ST,0,0,0.0,0,0.0,,0,1314.7392167439434,1.3333333333333333,25.0,0.0,0.0,3.0,,,,False
WHITTY LANE,4,0,0.0,0,0.0,,0,,,,,0.0,,,,,False
WHITWELL PL,0,0,0.0,0,0.0,,0,1433.0945250337193,1.5,25.0,0.0,0.0,2.0,,,,False
WHYTHE AVE,1,0,0.0,0,0.0,,0,,,,,0.0,,,,,False
WILKENS AVE,31,15,0.0,2,0.0,0.0,0,,,,,0.0,,,,,False
WILKINS AVE,0,0,0.0,6,0.0,,0,337.27644051404116,2.0,25.0,0.0,0.0,1.0,,,,False
WILLETT ST,11,2,0.0,0,0.0,0.0,0,,,,,0.0,,,,,False
WILLIAMS,1,1,0.0,0,0.0,0.0,0,,,,,0.0,,,,,False
WILLIAMS COURT,6,1,0.0,0,0.0,0.0,0,,,,,0.0,,,,,False
WILLIAMSBURG BR BIKE AND PED P,0,0,0.0,7,0.0,,0,,,,,0.0,,,,,False
WILLIAMSBURG BRG,0,0,0.0,11,0.0,,0,23137.96544639215,2.5454545454545454,34.5959595959596,1.0,0.75,99.0,,,,False
WILLIAMSBURG BRIDGE INNER ROADWA,251,139,0.0,31,0.0,0.0,0,,,,,0.0,,,,,False
WILLIAMSBURG BRIDGE OUTER,0,0,0.0,1,0.0,,0,,,,,0.0,,,,,False
WILLIAMSBURG BRIDGE OUTER RD,0,0,0.0,0,0.0,,0,,,,,0.0,,,,,False
WILLIAMSBURG BRIDGE OUTER ROADWA,390,186,0.0,50,0.0,0.0,0,,,,,0.0,,,,,False
WILLIAMSBURG BRIGDE BIKE PATH,1,1,0.0,0,0.0,0.0,0,,,,,0.0,,,,,False
WILLIAMSBURG ST E,0,0,0.0,2,0.0,,0,2540.7129304529376,1.25,29.375,0.0,0.0,8.0,,,,False
WILLIAMSBURG ST EAST,69,27,0.0,3,0.0,0.0,0,,,,,0.0,,,,,False
WILLIAMSBURG ST W,0,0,0.0,18,0.0,,0,4469.519668701995,1.5,29.642857142857142,0.0,0.0,14.0,,,,False
WILLIAMSBURG ST WEST,254,97,0.0,18,0.0,0.0,0,,,,,0.0,,,,,False
WILLIS AVE BRG,0,0,0.0,1,0.0,,0,,,,,0.0,,,,,False
WILLIS AVE BRIDGE APPROACH,44,12,0.0,3,0.0,0.0,0,,,,,0.0,,,,,False
WILLIS AVE BRIDGE BIKE PATH,1,2,0.0,4,0.0,0.0,0,3093.24885881818,2.0,25.0,1.0,0.75,22.0,,,,False
WILLIS AVE BRIDGE PEDESTRIAN/,1,2,0.0,0,0.0,0.0,0,,,,,0.0,,,,,False
WILLOUGBY AVE,1,2,0.0,0,0.0,0.0,0,,,,,0.0,,,,,False
WILLOW COURT,2,0,0.0,0,0.0,,0,,,,,0.0,,,,,False
WILLOW LANE,8,0,0.0,0,0.0,,0,,,,,0.0,,,,,False
WILLOW LN,0,0,0.0,0,0.0,,0,1416.3743800517802,1.0,25.0,0.0,0.0,5.0,,,,False
WILLOW RD E,0,0,0.0,2,0.0,,0,6344.5747431671225,3.0,30.0,0.0,0.0,14.0,,,,False
WILLOW RD EAST,31,15,0.0,8,0.0,0.0,0,,,,,0.0,,,,,False
WILLOW RD W,0,0,0.0,3,0.0,,0,6430.301990869964,2.8,27.5,0.0,0.0,20.0,,,,False
WILLOW RD WEST,36,13,0.0,2,0.0,0.0,0,,,,,0.0,,,,,False
WILSON PEREZ WAY,0,0,0.0,0,0.0,,0,,,,,0.0,,,,,False
WILSON TERRACE,2,0,0.0,0,0.0,,0,,,,,0.0,,,,,False
WILSON VIEW PL,0,0,0.0,1,0.0,,0,340.58588800615297,1.0,25.0,0.0,0.0,1.0,,,,False
WILSONVIEW PL,2,1,0.0,0,0.0,0.0,0,,,,,0.0,,,,,False
WILTON CT,0,0,0.0,0,0.0,,0,422.6751501119432,1.0,25.0,0.0,0.0,1.0,,,,False
WILTSHIRE LANE,1,0,0.0,0,0.0,,0,,,,,0.0,,,,,False
WINDEMERE AVE,2,0,0.0,0,0.0,,0,723.0414811192622,2.0,25.0,0.0,0.0,2.0,,,,False
WOGAN TERRACE,1,0,0.0,0,0.0,,0,,,,,0.0,,,,,False
WOLKOFF LANE,2,0,0.0,1,0.0,,0,,,,,0.0,,,,,False
WOOD HILL AVE,1,0,0.0,0,0.0,,0,,,,,0.0,,,,,False
WOODCUTTERS LANE,2,0,0.0,0,0.0,,0,,,,,0.0,,,,,False
WOODCUTTERS LN,0,0,0.0,0,0.0,,0,1149.5564463677663,1.0,25.0,0.0,0.0,8.0,,,,False
WOODHAVEN COURT,1,0,0.0,0,0.0,,0,,,,,0.0,,,,,False
WOODRUFF LANE,2,0,0.0,0,0.0,,0,,,,,0.0,,,,,False
WOOLEY AVE,1,1,0.0,0,0.0,0.0,0,,,,,0.0,,,,,False
WORLD TRADE CENTER,1,1,0.0,0,0.0,0.0,0,,,,,0.0,,,,,False
WORLDS FAIR MARINA,6,1,0.0,0,0.0,0.0,0,,,,,0.0,,,,,False
WORLDS FAIR MARINA RD,0,0,0.0,0,0.0,,0,,,,,0.0,,,,,False
WYONA,1,0,0.0,0,0.0,,0,,,,,0.0,,,,,False
YESHIVA LANE,1,0,0.0,0,0.0,,0,,,,,0.0,,,,,False
ZACHARY COURT,1,0,0.0,0,0.0,,0,,,,,0.0,,,,,False
ZAREGA AVUENUE,1,3,0.0,0,0.0,0.0,0,,,,,0.0,,,,,False
ZEISER PL,10,0,0.0,0,0.0,,0,,,,,0.0,,,,,False
ZOO PATH,2,0,0.0,1,0.0,,0,3591.9620825876364,1.2857142857142858,25.0,1.0,0.75,42.0,,,,False
ZWICKY AVE,0,0,0.0,3,0.0,,0,428.24052608714965,1.0,25.0,0.0,0.0,2.0,,,,False
